area_sqft,bhk,bathrooms,balconies,parking,age_years,floor,total_floors,property_type,furnishing,availability,location,amenities_score,distance_to_center_km,nearby_schools,nearby_hospitals,price
1269,2,3,1.0,0.0,0,2,7,Apartment,Furnished,Under Construction,Electronic City,3.0,24.3,1.0,4,6990000
949,2,2,2.0,1.0,1,3,3,Apartment,Semi-Furnished,Ready to Move,Banashankari,3.9,14.6,6.0,2,9030000
794,2,2,0.0,1.0,0,6,7,Independent House,Unfurnished,Under Construction,Sarjapur Road,5.1,18.5,1.0,1,4050000
1434,3,4,1.0,2.0,4,7,15,Apartment,Furnished,Ready to Move,Marathahalli,2.8,13.7,3.0,2,10820000
1245,3,3,1.0,0.0,36,4,7,Independent House,Unfurnished,Ready to Move,Koramangala,8.2,5.4,3.0,1,12370000
1753,4,4,1.0,0.0,16,3,7,Apartment,Semi-Furnished,Ready to Move,Koramangala,6.4,3.1,3.0,1,20120000
597,1,1,1.0,0.0,8,6,7,Independent House,Semi-Furnished,Ready to Move,Whitefield,5.3,17.3,3.0,1,4190000
950,3,4,1.0,1.0,15,4,10,Independent House,Semi-Furnished,Ready to Move,Hebbal,6.2,12.3,5.0,1,9720000
995,3,3,2.0,2.0,7,4,7,Apartment,Semi-Furnished,Under Construction,Marathahalli,2.1,15.4,10.0,3,4700000
1405,3,4,2.0,0.0,3,10,10,Apartment,Unfurnished,Ready to Move,Sarjapur Road,1.5,19.6,3.0,1,7910000
1991,4,5,3.0,1.0,1,2,25,Apartment,Furnished,Ready to Move,Whitefield,4.8,21.3,1.0,3,20850000
1496,3,4,0.0,1.0,8,1,3,Villa,Unfurnished,Ready to Move,Banashankari,7.6,11.2,5.0,4,14440000
2750,4,4,1.0,2.0,1,5,5,Apartment,Unfurnished,Ready to Move,Hebbal,6.3,13.6,3.0,1,23770000
969,2,3,2.0,2.0,4,5,5,Villa,Semi-Furnished,Ready to Move,HSR Layout,6.0,10.8,5.0,1,13880000
1567,3,3,1.0,2.0,13,5,7,Apartment,Furnished,Ready to Move,Koramangala,6.7,1.0,5.0,0,24320000
442,1,1,1.0,0.0,1,1,3,Apartment,Semi-Furnished,Under Construction,Koramangala,6.2,4.7,8.0,2,5250000
634,1,1,1.0,1.0,1,8,10,Apartment,Semi-Furnished,Ready to Move,Electronic City,4.4,21.5,1.0,3,3360000
849,2,2,1.0,2.0,2,8,20,Apartment,Semi-Furnished,Ready to Move,Jayanagar,8.1,2.6,6.0,1,9620000
963,2,3,1.0,2.0,6,1,3,Apartment,Unfurnished,Ready to Move,Indiranagar,7.7,6.5,1.0,2,12450000
929,2,2,1.0,1.0,2,4,7,Independent House,Semi-Furnished,Ready to Move,HSR Layout,6.0,11.6,1.0,5,14340000
1146,2,2,3.0,1.0,5,9,15,Villa,Semi-Furnished,Ready to Move,Marathahalli,4.1,15.3,3.0,3,10220000
405,1,1,0.0,2.0,2,2,5,Apartment,Furnished,Under Construction,Koramangala,10.0,5.7,,4,6530000
1086,4,5,3.0,1.0,5,3,3,Independent House,Unfurnished,Under Construction,HSR Layout,6.4,10.4,1.0,2,13620000
526,1,1,2.0,0.0,2,4,10,Villa,Semi-Furnished,Ready to Move,Electronic City,1.9,21.3,2.0,3,3590000
1531,3,4,1.0,1.0,31,1,3,Independent House,Semi-Furnished,Ready to Move,Indiranagar,6.9,10.3,1.0,3,22330000
978,2,3,2.0,2.0,5,10,15,Apartment,Semi-Furnished,Ready to Move,Hebbal,3.6,12.4,2.0,0,8410000
2492,4,5,2.0,1.0,10,2,3,Apartment,Semi-Furnished,Ready to Move,Koramangala,9.9,1.0,5.0,4,39970000
2174,4,4,1.0,2.0,9,7,10,Apartment,Semi-Furnished,Ready to Move,Jayanagar,7.4,1.0,3.0,0,28790000
1242,3,4,1.0,1.0,5,12,15,Villa,Unfurnished,Under Construction,Marathahalli,3.5,17.6,1.0,5,9330000
748,3,3,1.0,0.0,2,1,5,Apartment,Furnished,Ready to Move,Whitefield,0.0,14.5,3.0,4,6080000
523,1,2,2.0,0.0,5,5,5,Apartment,Semi-Furnished,Ready to Move,Marathahalli,2.7,12.4,4.0,1,2720000
3375,5,6,1.0,2.0,9,4,5,Apartment,Semi-Furnished,Under Construction,Koramangala,8.5,1.0,4.0,0,45000000
1843,4,4,1.0,1.0,4,5,20,Apartment,Semi-Furnished,Under Construction,Whitefield,4.9,19.1,2.0,0,12670000
2011,4,5,1.0,0.0,0,11,15,Villa,Semi-Furnished,Ready to Move,Yelahanka,3.5,17.2,3.0,4,15290000
1517,3,3,1.0,2.0,0,2,5,Apartment,Semi-Furnished,Ready to Move,Banashankari,2.6,6.0,2.0,3,13880000
757,2,2,1.0,1.0,3,12,15,Apartment,Semi-Furnished,Under Construction,Hebbal,5.3,9.6,4.0,2,4810000
2249,4,4,1.0,2.0,1,3,15,Villa,Unfurnished,Ready to Move,Electronic City,1.9,24.2,4.0,1,16310000
1261,2,3,2.0,1.0,18,21,25,Independent House,Semi-Furnished,Under Construction,Whitefield,4.3,27.9,2.0,3,8920000
1351,3,4,2.0,0.0,1,4,7,Villa,Unfurnished,Ready to Move,Sarjapur Road,2.5,19.6,3.0,1,9840000
425,1,2,2.0,1.0,4,19,20,Independent House,Semi-Furnished,Ready to Move,Indiranagar,10.0,2.3,1.0,2,7450000
1973,4,5,2.0,2.0,9,4,7,Independent House,Semi-Furnished,Ready to Move,Koramangala,8.5,6.6,1.0,1,34490000
527,2,2,2.0,0.0,13,11,20,Apartment,Unfurnished,Ready to Move,Jayanagar,6.5,11.2,0.0,2,4390000
1014,2,3,2.0,2.0,5,3,3,Apartment,Semi-Furnished,Under Construction,Whitefield,6.4,23.2,5.0,2,6830000
1526,3,3,0.0,1.0,1,5,5,Villa,Unfurnished,Under Construction,Yelahanka,2.4,11.4,3.0,3,7270000
1869,3,4,3.0,1.0,2,2,15,Villa,Furnished,Under Construction,HSR Layout,4.2,11.6,2.0,3,31060000
1345,3,4,0.0,1.0,4,9,15,Villa,Unfurnished,Ready to Move,Marathahalli,5.6,12.6,4.0,0,11170000
1027,2,2,1.0,2.0,3,3,7,Apartment,Furnished,Under Construction,Electronic City,3.7,22.2,3.0,0,6140000
455,1,1,0.0,1.0,3,10,10,Apartment,Semi-Furnished,Under Construction,Jayanagar,6.2,4.9,2.0,6,3840000
1300,3,3,0.0,1.0,1,6,7,Apartment,Unfurnished,Under Construction,Jayanagar,5.7,8.2,3.0,0,12260000
1945,5,6,2.0,2.0,19,1,3,Apartment,Unfurnished,Ready to Move,Koramangala,8.8,2.9,4.0,0,23970000
1922,4,4,1.0,0.0,0,1,3,Apartment,Unfurnished,Ready to Move,Banashankari,5.9,12.3,4.0,3,14590000
1314,3,3,2.0,0.0,4,2,3,Independent House,Unfurnished,Ready to Move,Sarjapur Road,2.5,18.0,6.0,1,8070000
2119,4,5,1.0,0.0,31,8,10,Apartment,Unfurnished,Ready to Move,Yelahanka,3.8,15.3,2.0,2,8550000
831,2,2,1.0,1.0,8,1,7,Apartment,Semi-Furnished,Ready to Move,Yelahanka,3.4,17.7,1.0,1,3960000
1423,3,3,1.0,1.0,3,2,5,Apartment,Unfurnished,Ready to Move,Marathahalli,2.8,15.1,5.0,2,9000000
1306,3,4,2.0,2.0,1,11,20,Villa,Semi-Furnished,Under Construction,Yelahanka,3.0,17.8,1.0,1,8290000
887,2,2,,1.0,26,1,5,Apartment,Semi-Furnished,Ready to Move,Whitefield,3.5,19.6,4.0,5,5790000
1422,3,4,1.0,1.0,0,10,10,Apartment,Semi-Furnished,Ready to Move,Koramangala,9.9,8.0,1.0,1,19290000
1411,3,3,1.0,2.0,9,19,20,Apartment,Unfurnished,Ready to Move,Whitefield,3.4,23.0,4.0,1,9770000
1094,2,2,3.0,1.0,16,4,5,Apartment,Furnished,Under Construction,Electronic City,5.6,22.0,3.0,1,5910000
927,2,2,0.0,2.0,0,5,5,Independent House,Semi-Furnished,Ready to Move,Electronic City,3.5,24.5,3.0,1,6680000
511,1,1,1.0,1.0,10,1,10,Independent House,Semi-Furnished,Ready to Move,HSR Layout,3.7,9.2,2.0,3,4630000
1349,3,4,1.0,0.0,50,6,10,Apartment,Unfurnished,Ready to Move,Hebbal,1.7,13.7,2.0,2,5830000
814,2,3,0.0,1.0,8,7,10,Apartment,Semi-Furnished,Ready to Move,Electronic City,3.0,24.5,5.0,3,4430000
881,2,2,1.0,0.0,4,3,10,Villa,Semi-Furnished,Ready to Move,HSR Layout,8.3,10.7,5.0,1,13110000
1968,3,3,0.0,0.0,16,8,20,Apartment,Furnished,Ready to Move,Jayanagar,8.5,3.5,6.0,2,19350000
1144,3,3,2.0,1.0,6,1,3,Apartment,Furnished,Ready to Move,Koramangala,8.2,1.0,1.0,5,17890000
1321,3,3,2.0,1.0,11,11,15,Apartment,Semi-Furnished,Ready to Move,Hebbal,3.9,12.9,0.0,2,11770000
1291,3,3,2.0,0.0,7,2,5,Independent House,Furnished,Under Construction,Whitefield,3.7,17.8,4.0,3,11780000
1901,4,5,1.0,1.0,0,2,7,Apartment,Semi-Furnished,Ready to Move,Banashankari,5.0,11.2,3.0,5,17870000
1867,4,4,2.0,1.0,1,1,3,Apartment,Unfurnished,Under Construction,Sarjapur Road,5.3,13.5,2.0,1,10440000
2111,4,4,2.0,1.0,0,4,7,Villa,Semi-Furnished,Ready to Move,Koramangala,8.9,8.0,3.0,0,47080000
921,3,3,3.0,0.0,0,12,15,Apartment,Unfurnished,Ready to Move,Whitefield,5.8,20.2,4.0,3,7030000
1147,2,2,0.0,1.0,0,1,3,Apartment,Semi-Furnished,Ready to Move,Hebbal,6.0,9.4,1.0,5,10870000
3154,5,6,1.0,1.0,4,1,7,Independent House,Unfurnished,Under Construction,Sarjapur Road,5.1,16.6,0.0,3,23380000
713,2,2,2.0,1.0,1,7,7,Apartment,Semi-Furnished,Ready to Move,Sarjapur Road,0.3,17.4,5.0,2,4470000
518,2,2,3.0,1.0,15,3,5,Villa,Semi-Furnished,Ready to Move,Sarjapur Road,2.3,19.4,6.0,2,4140000
764,2,2,3.0,0.0,11,10,15,Apartment,Semi-Furnished,Ready to Move,Whitefield,2.7,16.3,2.0,7,4970000
523,1,2,2.0,1.0,6,14,15,Apartment,Semi-Furnished,Under Construction,Electronic City,1.5,19.1,1.0,5,2370000
4244,5,5,1.0,2.0,5,15,15,Apartment,Semi-Furnished,Ready to Move,Whitefield,4.3,19.0,4.0,1,42150000
1552,3,4,0.0,1.0,2,10,10,Apartment,Furnished,Under Construction,Hebbal,2.8,11.9,3.0,1,16670000
893,3,3,3.0,0.0,5,8,10,Apartment,Semi-Furnished,Ready to Move,Marathahalli,2.6,16.1,1.0,3,6160000
1206,3,4,1.0,0.0,8,1,7,Independent House,Semi-Furnished,Ready to Move,Electronic City,3.2,22.8,2.0,0,8110000
1385,3,4,1.0,2.0,12,8,10,Apartment,Furnished,Ready to Move,Whitefield,1.9,18.8,3.0,1,9790000
577,1,1,3.0,1.0,0,3,7,Apartment,Unfurnished,Ready to Move,Electronic City,2.6,22.7,2.0,4,2730000
1031,3,4,0.0,1.0,9,12,25,Apartment,Furnished,Ready to Move,Electronic City,4.3,22.5,1.0,3,7010000
1362,3,4,2.0,1.0,10,14,25,Independent House,Semi-Furnished,Ready to Move,Sarjapur Road,1.8,17.2,0.0,1,9460000
813,2,2,2.0,2.0,6,18,20,Apartment,Unfurnished,Under Construction,Marathahalli,5.2,14.3,5.0,1,4500000
1090,3,3,0.0,0.0,1,7,7,Apartment,Unfurnished,Ready to Move,Yelahanka,1.8,9.5,2.0,4,5220000
999,2,3,1.0,1.0,6,7,7,Apartment,Semi-Furnished,Ready to Move,Indiranagar,9.1,7.8,4.0,1,16400000
1097,2,3,0.0,1.0,5,12,20,Apartment,Unfurnished,Under Construction,Whitefield,2.7,21.6,1.0,3,5400000
1109,2,3,2.0,1.0,5,4,15,Apartment,Unfurnished,Under Construction,Sarjapur Road,4.3,22.5,4.0,1,5990000
1059,2,3,1.0,0.0,4,13,15,Independent House,Semi-Furnished,Ready to Move,Sarjapur Road,3.2,15.6,4.0,4,7900000
1801,4,5,0.0,1.0,0,5,7,Apartment,Semi-Furnished,Ready to Move,Jayanagar,7.4,7.7,4.0,2,24310000
2285,4,5,3.0,2.0,1,11,15,Apartment,Semi-Furnished,Ready to Move,Sarjapur Road,2.8,12.3,1.0,1,16270000
1008,2,2,1.0,1.0,0,10,10,Apartment,Unfurnished,Ready to Move,Jayanagar,7.5,1.0,2.0,2,10000000
1437,3,3,1.0,2.0,2,5,7,Independent House,Unfurnished,Ready to Move,Jayanagar,7.9,5.3,3.0,1,19350000
1228,3,4,1.0,1.0,2,11,20,Apartment,Semi-Furnished,Ready to Move,Indiranagar,8.8,3.3,1.0,1,17660000
855,2,2,1.0,2.0,2,1,7,Apartment,Semi-Furnished,Ready to Move,Whitefield,3.6,23.1,4.0,1,7110000
964,2,2,3.0,2.0,1,2,10,Apartment,Furnished,Under Construction,Whitefield,4.0,23.5,2.0,2,7820000
4166,5,6,1.0,1.0,10,2,10,Apartment,Semi-Furnished,Under Construction,Whitefield,2.4,23.9,3.0,0,28940000
1484,3,3,1.0,1.0,13,3,10,Apartment,Furnished,Under Construction,Marathahalli,4.3,15.8,3.0,6,8710000
2457,5,5,2.0,1.0,3,1,3,Apartment,Unfurnished,Ready to Move,Electronic City,4.3,23.9,1.0,5,12750000
791,2,2,2.0,1.0,2,4,10,Apartment,Semi-Furnished,Under Construction,Jayanagar,9.0,2.2,3.0,1,7470000
1262,3,4,1.0,1.0,14,10,10,Apartment,Semi-Furnished,Ready to Move,Yelahanka,5.0,20.2,1.0,4,6210000
1363,2,3,2.0,2.0,7,10,10,Apartment,Semi-Furnished,Ready to Move,HSR Layout,4.9,13.8,5.0,2,16670000
874,2,2,2.0,0.0,2,12,15,Apartment,Furnished,Under Construction,Electronic City,3.7,17.9,1.0,1,5190000
1653,3,3,1.0,1.0,10,1,7,Apartment,Semi-Furnished,Ready to Move,Sarjapur Road,3.5,19.4,4.0,1,10350000
878,2,2,2.0,1.0,3,3,20,Independent House,Semi-Furnished,Ready to Move,HSR Layout,8.2,8.4,4.0,2,11210000
999,2,2,3.0,1.0,7,1,7,Independent House,Furnished,Under Construction,Whitefield,3.3,25.5,2.0,1,8190000
1100,2,2,1.0,1.0,39,5,10,Independent House,Unfurnished,Under Construction,HSR Layout,7.7,7.1,2.0,0,8270000
487,1,1,2.0,2.0,2,1,3,Independent House,Unfurnished,Ready to Move,Koramangala,6.5,4.3,1.0,4,7010000
1220,3,3,3.0,1.0,21,1,5,Villa,Semi-Furnished,Under Construction,Yelahanka,2.8,16.6,3.0,1,6410000
1864,3,3,2.0,2.0,3,13,15,Villa,Unfurnished,Ready to Move,Hebbal,3.7,11.8,5.0,2,17830000
658,1,1,0.0,1.0,6,2,3,Apartment,Semi-Furnished,Under Construction,Marathahalli,1.1,20.4,3.0,0,4030000
1100,2,3,1.0,1.0,4,15,25,Villa,Furnished,Ready to Move,Yelahanka,1.6,21.1,3.0,1,7330000
1099,2,3,2.0,1.0,12,3,5,Apartment,Semi-Furnished,Under Construction,Hebbal,4.6,7.1,2.0,4,7750000
1528,3,4,1.0,0.0,0,15,20,Apartment,Semi-Furnished,Under Construction,Koramangala,10.0,5.5,5.0,1,20160000
771,1,2,3.0,1.0,7,4,10,Independent House,Unfurnished,Ready to Move,Yelahanka,1.4,16.0,5.0,2,3890000
1412,3,3,1.0,1.0,11,9,10,Apartment,Semi-Furnished,Under Construction,Jayanagar,5.8,8.5,6.0,1,14970000
613,1,2,1.0,2.0,5,3,3,Apartment,Unfurnished,Under Construction,Hebbal,2.8,12.6,2.0,3,4380000
674,2,2,2.0,1.0,0,5,7,Independent House,Semi-Furnished,Ready to Move,Yelahanka,4.7,13.6,5.0,5,3910000
1670,4,5,1.0,1.0,2,3,5,Apartment,Unfurnished,Under Construction,Electronic City,,18.9,0.0,1,8900000
1063,3,4,1.0,1.0,9,9,10,Apartment,Semi-Furnished,Under Construction,Whitefield,3.8,18.8,2.0,1,6960000
690,1,2,0.0,1.0,18,5,10,Independent House,Semi-Furnished,Ready to Move,HSR Layout,5.8,9.6,3.0,3,7710000
978,4,5,2.0,0.0,4,5,15,Villa,Semi-Furnished,Ready to Move,Indiranagar,5.7,5.6,7.0,0,22080000
1287,3,4,2.0,0.0,6,6,20,Apartment,Unfurnished,Ready to Move,Hebbal,2.8,10.3,5.0,4,9840000
802,4,5,2.0,2.0,2,3,10,Apartment,Unfurnished,Ready to Move,Hebbal,3.6,17.1,3.0,2,6030000
1167,3,3,1.0,1.0,4,4,5,Apartment,Semi-Furnished,Ready to Move,Whitefield,5.3,21.6,3.0,2,9320000
1262,3,4,0.0,0.0,3,5,7,Independent House,Furnished,Ready to Move,Jayanagar,2.9,8.6,0.0,3,20580000
3575,5,5,2.0,1.0,8,1,15,Apartment,Semi-Furnished,Under Construction,Electronic City,4.1,21.6,4.0,2,19240000
1025,2,3,3.0,1.0,33,1,5,Apartment,Semi-Furnished,Under Construction,HSR Layout,6.8,6.9,6.0,4,8070000
1166,3,3,1.0,1.0,13,10,10,Apartment,Furnished,Under Construction,Whitefield,1.6,22.7,1.0,5,8470000
1698,3,3,2.0,2.0,1,2,3,Apartment,Unfurnished,Under Construction,Electronic City,2.9,19.0,3.0,1,9010000
551,1,2,1.0,1.0,6,2,5,Independent House,Semi-Furnished,Ready to Move,Yelahanka,4.7,9.9,2.0,2,3020000
554,1,1,1.0,0.0,0,7,10,Apartment,Semi-Furnished,Ready to Move,Electronic City,1.7,23.7,5.0,3,3180000
721,2,3,2.0,2.0,2,1,10,Villa,Unfurnished,Ready to Move,Jayanagar,5.8,3.7,4.0,2,9790000
1122,3,3,0.0,2.0,1,4,10,Apartment,Furnished,Ready to Move,Sarjapur Road,7.8,17.0,3.0,2,9170000
1168,3,4,1.0,1.0,3,2,10,Villa,Semi-Furnished,Ready to Move,Electronic City,3.8,24.1,1.0,4,8270000
1413,3,4,1.0,1.0,9,3,5,Independent House,Unfurnished,Ready to Move,Banashankari,4.3,5.2,4.0,3,11560000
558,1,2,1.0,2.0,5,4,7,Apartment,Unfurnished,Ready to Move,Banashankari,4.0,3.2,1.0,2,3890000
1832,3,3,2.0,1.0,21,2,10,Apartment,Semi-Furnished,Ready to Move,HSR Layout,6.9,13.7,1.0,0,15570000
2154,4,4,0.0,,1,10,10,Apartment,Semi-Furnished,Under Construction,Jayanagar,7.7,5.8,2.0,2,28020000
435,2,3,2.0,1.0,3,1,3,Independent House,Furnished,Ready to Move,Electronic City,0.1,25.8,0.0,1,3220000
1473,3,3,1.0,1.0,3,4,10,Apartment,Semi-Furnished,Ready to Move,HSR Layout,3.0,11.9,1.0,1,17180000
993,3,3,2.0,1.0,2,9,10,Independent House,Semi-Furnished,Ready to Move,Whitefield,2.8,22.0,4.0,1,8870000
1129,3,4,0.0,1.0,39,2,3,Villa,Unfurnished,Ready to Move,Marathahalli,3.8,14.5,2.0,2,6410000
1172,3,3,2.0,0.0,3,11,15,Independent House,Unfurnished,Under Construction,Jayanagar,6.8,6.5,2.0,4,10690000
1734,4,4,2.0,2.0,22,9,10,Villa,Semi-Furnished,Ready to Move,Whitefield,1.8,23.4,2.0,2,16490000
688,2,2,3.0,0.0,3,4,5,Apartment,Furnished,Ready to Move,HSR Layout,6.0,12.4,3.0,0,9300000
2081,4,4,3.0,1.0,1,9,10,Apartment,Semi-Furnished,Ready to Move,Yelahanka,2.9,14.2,2.0,3,11950000
681,2,3,1.0,1.0,1,3,10,Apartment,Semi-Furnished,Ready to Move,HSR Layout,5.1,11.5,4.0,4,6650000
1017,2,2,0.0,1.0,15,1,20,Independent House,Semi-Furnished,Ready to Move,Koramangala,7.2,2.1,4.0,4,16270000
796,1,2,2.0,1.0,0,1,15,Independent House,Semi-Furnished,Ready to Move,Indiranagar,7.6,4.1,5.0,3,15040000
1027,3,3,2.0,1.0,26,6,7,Villa,Unfurnished,Under Construction,Banashankari,5.4,9.7,4.0,1,7440000
895,2,2,0.0,0.0,4,3,5,Apartment,Semi-Furnished,Ready to Move,HSR Layout,6.3,8.1,4.0,3,9940000
470,2,2,0.0,1.0,2,14,20,Apartment,Semi-Furnished,Ready to Move,Marathahalli,2.3,14.4,2.0,1,3540000
892,2,2,2.0,2.0,7,8,15,Independent House,Semi-Furnished,Under Construction,Sarjapur Road,5.1,19.1,5.0,2,5990000
2257,4,5,3.0,2.0,1,4,5,Apartment,Semi-Furnished,Ready to Move,HSR Layout,4.3,9.0,4.0,3,30100000
2288,4,5,3.0,1.0,0,3,3,Apartment,Unfurnished,Ready to Move,Sarjapur Road,1.1,20.2,4.0,2,16140000
1421,3,3,1.0,1.0,14,8,15,Villa,Semi-Furnished,Ready to Move,Electronic City,3.0,20.7,3.0,2,10280000
1648,3,4,1.0,0.0,4,14,15,Apartment,Semi-Furnished,Ready to Move,Marathahalli,3.6,16.8,3.0,2,10440000
2112,3,3,0.0,1.0,5,2,5,Apartment,Unfurnished,Under Construction,Marathahalli,4.1,14.4,1.0,3,14090000
1275,2,2,1.0,1.0,1,8,10,Apartment,Semi-Furnished,Under Construction,Jayanagar,4.9,6.5,7.0,1,14420000
1790,4,4,2.0,0.0,0,1,7,Apartment,Semi-Furnished,Ready to Move,Whitefield,5.7,17.3,3.0,0,15630000
674,2,3,2.0,2.0,3,2,7,Independent House,Furnished,Under Construction,Hebbal,7.6,11.3,2.0,1,6910000
872,2,2,1.0,2.0,5,3,7,Apartment,Furnished,Ready to Move,Electronic City,3.3,22.6,4.0,1,5750000
770,2,3,0.0,0.0,11,6,10,Apartment,Semi-Furnished,Ready to Move,Koramangala,8.5,7.1,3.0,3,8780000
1526,3,3,1.0,1.0,5,14,15,Apartment,Unfurnished,Under Construction,Whitefield,1.2,19.0,2.0,2,8780000
1069,3,3,3.0,2.0,12,3,10,Independent House,Semi-Furnished,Ready to Move,Marathahalli,3.3,17.1,2.0,0,8190000
1379,3,3,1.0,1.0,0,7,7,Apartment,Semi-Furnished,Under Construction,Marathahalli,3.0,11.7,5.0,2,8600000
1109,2,3,1.0,1.0,0,9,20,Apartment,Semi-Furnished,Ready to Move,Whitefield,3.0,21.0,7.0,0,7250000
1371,3,4,2.0,1.0,1,3,3,Apartment,Unfurnished,Ready to Move,Jayanagar,5.7,4.5,2.0,1,13770000
770,2,2,2.0,0.0,11,14,15,Apartment,Semi-Furnished,Under Construction,HSR Layout,5.5,14.6,6.0,1,7140000
1173,2,3,3.0,1.0,11,8,15,Apartment,Semi-Furnished,Under Construction,Marathahalli,1.8,18.1,8.0,2,6540000
343,1,1,1.0,2.0,1,3,7,Independent House,Semi-Furnished,Under Construction,Koramangala,7.3,4.9,5.0,2,5360000
1308,3,4,1.0,1.0,0,5,5,Independent House,Furnished,Ready to Move,Sarjapur Road,2.1,16.4,5.0,2,10710000
942,2,3,1.0,1.0,9,2,20,Apartment,Semi-Furnished,Ready to Move,Electronic City,4.5,17.4,3.0,3,5150000
1404,3,4,3.0,1.0,15,5,10,Apartment,Semi-Furnished,Under Construction,Yelahanka,3.5,17.1,3.0,1,5840000
1450,3,4,2.0,2.0,11,1,3,Independent House,Semi-Furnished,Under Construction,Koramangala,8.5,4.6,2.0,4,21210000
1570,3,3,2.0,2.0,1,18,20,Apartment,Unfurnished,Ready to Move,Electronic City,4.8,24.6,1.0,1,8460000
1390,3,4,0.0,0.0,7,3,7,Independent House,Semi-Furnished,Under Construction,Whitefield,3.1,15.6,3.0,1,8710000
880,2,2,2.0,2.0,11,2,7,Apartment,Semi-Furnished,Under Construction,Yelahanka,3.4,16.4,3.0,3,3730000
872,2,2,1.0,0.0,2,1,10,Independent House,Furnished,Ready to Move,Yelahanka,4.6,17.3,4.0,1,5440000
1228,3,3,0.0,0.0,6,5,10,Independent House,Semi-Furnished,Ready to Move,HSR Layout,5.0,7.3,5.0,1,14350000
1620,3,3,0.0,1.0,3,6,7,Independent House,Semi-Furnished,Ready to Move,Marathahalli,1.0,14.3,5.0,2,12660000
1741,4,4,2.0,1.0,2,5,5,Villa,Semi-Furnished,Ready to Move,Hebbal,4.0,9.8,2.0,5,22520000
2338,4,4,1.0,1.0,27,7,10,Apartment,Semi-Furnished,Ready to Move,Jayanagar,8.1,3.5,1.0,3,21170000
953,2,2,2.0,1.0,19,2,10,Independent House,Semi-Furnished,Under Construction,Jayanagar,5.2,4.4,8.0,2,9540000
850,2,2,2.0,0.0,4,6,20,Apartment,Semi-Furnished,Ready to Move,HSR Layout,5.6,9.2,5.0,3,7720000
1573,3,4,0.0,1.0,1,8,10,Apartment,Unfurnished,Ready to Move,Whitefield,3.2,23.7,0.0,0,11940000
811,2,2,2.0,1.0,10,6,10,Villa,Furnished,Ready to Move,Yelahanka,2.7,15.0,5.0,4,6510000
620,1,2,1.0,1.0,2,3,3,Independent House,Semi-Furnished,Ready to Move,Yelahanka,1.4,13.5,2.0,0,3640000
2085,4,4,1.0,0.0,1,19,20,Independent House,Semi-Furnished,Under Construction,Marathahalli,1.8,16.4,5.0,3,16640000
836,2,2,2.0,0.0,3,3,7,Apartment,Unfurnished,Ready to Move,Electronic City,2.7,25.1,2.0,4,4920000
2211,4,4,2.0,2.0,6,7,10,Independent House,Semi-Furnished,Ready to Move,Electronic City,2.9,24.5,4.0,5,13170000
1553,3,3,1.0,2.0,0,2,20,Villa,Semi-Furnished,Ready to Move,Sarjapur Road,5.3,22.1,4.0,1,14440000
1724,3,4,2.0,0.0,6,3,15,Apartment,Unfurnished,Under Construction,Yelahanka,3.1,16.6,1.0,1,6620000
1133,2,3,2.0,1.0,0,7,10,Apartment,Furnished,Under Construction,Yelahanka,1.2,16.5,5.0,1,6020000
1043,2,2,1.0,1.0,17,9,15,Apartment,Semi-Furnished,Under Construction,Sarjapur Road,2.6,15.9,2.0,4,4750000
1084,3,3,1.0,2.0,20,17,20,Apartment,Furnished,Ready to Move,Marathahalli,5.1,18.2,2.0,5,8230000
1415,2,3,2.0,1.0,10,5,15,Independent House,Semi-Furnished,Under Construction,Whitefield,3.7,19.7,2.0,2,10500000
683,2,2,0.0,2.0,5,2,10,Villa,Unfurnished,Ready to Move,Koramangala,6.4,3.1,1.0,4,11790000
1130,2,2,2.0,1.0,2,5,10,Villa,Semi-Furnished,Ready to Move,Yelahanka,3.1,14.8,1.0,3,6620000
1031,2,3,2.0,2.0,10,5,5,Independent House,Semi-Furnished,Ready to Move,Marathahalli,2.8,15.9,9.0,4,8370000
726,2,2,1.0,0.0,21,6,10,Apartment,Semi-Furnished,Ready to Move,Whitefield,5.1,20.3,2.0,0,4230000
1365,3,4,3.0,2.0,1,7,7,Independent House,Semi-Furnished,Ready to Move,Whitefield,4.9,20.6,3.0,1,12440000
935,2,3,1.0,1.0,5,5,7,Apartment,Semi-Furnished,Ready to Move,Marathahalli,2.3,13.0,2.0,7,5890000
693,1,1,3.0,2.0,3,5,10,Independent House,Unfurnished,Ready to Move,Whitefield,7.0,19.4,6.0,0,5640000
1200,3,3,1.0,1.0,3,2,5,Apartment,Furnished,Under Construction,Koramangala,7.8,3.6,5.0,0,15520000
2653,5,5,2.0,1.0,4,2,3,Independent House,Semi-Furnished,Ready to Move,Jayanagar,2.7,10.3,2.0,2,43260000
506,2,2,1.0,2.0,24,3,7,Apartment,Semi-Furnished,Under Construction,Sarjapur Road,4.2,12.6,3.0,1,2750000
1279,2,3,2.0,1.0,2,6,7,Apartment,Unfurnished,Ready to Move,Marathahalli,0.1,15.3,8.0,7,7600000
1100,3,4,1.0,1.0,5,3,7,Independent House,Semi-Furnished,Ready to Move,HSR Layout,7.9,13.3,6.0,3,13390000
2130,4,4,1.0,1.0,24,18,20,Apartment,Semi-Furnished,Ready to Move,Sarjapur Road,3.8,12.5,3.0,1,10540000
1371,3,3,0.0,2.0,5,8,15,Villa,Furnished,Ready to Move,HSR Layout,6.1,9.8,0.0,4,23800000
1372,3,3,2.0,2.0,15,4,7,Apartment,Semi-Furnished,Under Construction,Electronic City,3.2,24.9,3.0,3,6300000
1103,2,2,1.0,0.0,0,5,5,Villa,Semi-Furnished,Under Construction,Sarjapur Road,4.4,15.7,2.0,1,8380000
1867,3,4,2.0,1.0,24,9,10,Apartment,Unfurnished,Ready to Move,Marathahalli,3.2,14.8,1.0,1,10830000
577,1,2,2.0,2.0,1,4,10,Apartment,Furnished,Ready to Move,Hebbal,4.9,9.2,3.0,0,4970000
1583,3,3,3.0,1.0,31,1,10,Apartment,Semi-Furnished,Ready to Move,Marathahalli,4.1,14.1,2.0,1,8340000
1492,3,3,0.0,2.0,1,3,5,Apartment,Furnished,Ready to Move,Jayanagar,2.2,9.8,6.0,1,19580000
3369,5,6,2.0,2.0,4,2,3,Apartment,Semi-Furnished,Under Construction,Whitefield,5.1,25.1,2.0,1,26360000
862,2,2,1.0,2.0,2,3,7,Apartment,Unfurnished,Ready to Move,Electronic City,4.4,22.8,2.0,2,3630000
668,1,2,2.0,1.0,4,5,10,Apartment,Semi-Furnished,Ready to Move,HSR Layout,6.9,6.2,7.0,1,6100000
1710,3,3,2.0,2.0,2,10,15,Apartment,Semi-Furnished,Ready to Move,HSR Layout,6.8,9.1,4.0,2,19770000
1703,3,4,0.0,2.0,26,3,20,Apartment,Semi-Furnished,Ready to Move,Banashankari,6.9,2.6,4.0,0,12490000
1215,3,4,1.0,2.0,2,7,7,Independent House,Unfurnished,Under Construction,Electronic City,3.1,21.1,3.0,2,6440000
918,2,3,1.0,0.0,8,11,15,Apartment,Furnished,Ready to Move,Yelahanka,2.9,18.9,3.0,3,5370000
995,2,3,1.0,1.0,1,14,25,Apartment,Unfurnished,Ready to Move,Marathahalli,2.9,9.9,4.0,2,5520000
1016,3,4,3.0,1.0,13,5,15,Villa,Furnished,Under Construction,Hebbal,2.0,11.4,4.0,0,10610000
1253,2,3,1.0,1.0,6,8,15,Apartment,Unfurnished,Ready to Move,Jayanagar,7.2,3.6,3.0,5,12010000
1995,4,5,3.0,1.0,31,17,20,Villa,Furnished,Ready to Move,Marathahalli,3.1,19.4,4.0,1,18670000
1479,3,4,1.0,0.0,4,4,7,Apartment,Furnished,Ready to Move,Jayanagar,3.7,7.2,1.0,1,21690000
1238,3,4,3.0,1.0,1,3,3,Apartment,Semi-Furnished,Under Construction,Koramangala,7.8,6.6,3.0,2,17740000
1028,3,3,2.0,2.0,3,4,25,Apartment,Furnished,Under Construction,Sarjapur Road,3.4,18.9,3.0,2,7510000
1230,3,3,2.0,2.0,10,2,10,Villa,Furnished,Under Construction,HSR Layout,5.9,12.3,5.0,3,17900000
991,2,3,0.0,2.0,8,2,15,Villa,Unfurnished,Ready to Move,Whitefield,4.4,23.2,4.0,3,7900000
2269,4,4,2.0,1.0,12,15,15,Apartment,Furnished,Ready to Move,Marathahalli,1.5,14.1,3.0,3,17290000
980,2,3,0.0,1.0,0,2,7,Apartment,Unfurnished,Ready to Move,Koramangala,9.4,2.4,1.0,1,11500000
1497,3,3,1.0,1.0,6,3,10,Independent House,Unfurnished,Under Construction,Yelahanka,3.5,13.2,3.0,2,7340000
885,2,2,2.0,1.0,21,9,10,Apartment,Semi-Furnished,Ready to Move,Banashankari,6.4,13.3,7.0,2,5970000
1538,3,4,2.0,1.0,0,5,5,Apartment,Unfurnished,Ready to Move,Yelahanka,2.0,18.5,2.0,4,6970000
1231,2,3,0.0,1.0,0,4,5,Independent House,Unfurnished,Under Construction,Electronic City,3.9,15.3,1.0,1,6560000
1083,2,2,1.0,0.0,10,4,10,Villa,Furnished,Ready to Move,Whitefield,1.4,19.3,3.0,0,8950000
3253,5,6,2.0,1.0,3,3,5,Apartment,Furnished,Ready to Move,Yelahanka,1.6,17.2,3.0,3,21810000
1005,2,3,0.0,1.0,8,1,7,Independent House,Furnished,Under Construction,Indiranagar,6.5,10.0,3.0,2,14720000
979,3,3,1.0,0.0,6,3,5,Independent House,Semi-Furnished,Under Construction,Banashankari,4.9,4.7,5.0,2,7940000
2214,5,5,2.0,1.0,34,10,15,Apartment,Furnished,Ready to Move,Banashankari,2.9,9.3,3.0,1,17460000
600,1,1,0.0,1.0,17,17,20,Apartment,Unfurnished,Ready to Move,Hebbal,4.2,10.8,3.0,0,3560000
1396,3,3,2.0,1.0,9,6,10,Apartment,Furnished,Ready to Move,HSR Layout,6.2,6.4,1.0,1,17060000
1033,2,2,2.0,1.0,2,4,7,Independent House,Semi-Furnished,Ready to Move,Electronic City,2.6,26.0,7.0,5,6830000
734,1,1,2.0,1.0,2,8,25,Villa,Furnished,Ready to Move,Hebbal,2.9,9.1,2.0,1,8120000
1087,2,2,1.0,2.0,17,3,3,Apartment,Semi-Furnished,Under Construction,Electronic City,5.7,24.9,0.0,6,5330000
2503,4,5,2.0,1.0,7,3,7,Independent House,Furnished,Ready to Move,Koramangala,8.0,1.0,2.0,3,56920000
560,1,1,0.0,1.0,12,5,7,Apartment,Furnished,Under Construction,Jayanagar,9.0,4.5,2.0,1,5890000
1173,3,4,1.0,2.0,4,3,7,Apartment,Furnished,Under Construction,Yelahanka,1.3,17.7,0.0,1,6740000
1383,3,3,1.0,1.0,0,3,5,Apartment,Semi-Furnished,Ready to Move,Sarjapur Road,3.0,20.2,2.0,1,9360000
1678,4,5,2.0,0.0,3,4,7,Apartment,Furnished,Ready to Move,Marathahalli,4.0,15.3,3.0,2,13680000
721,1,2,2.0,1.0,1,4,7,Independent House,Furnished,Ready to Move,Whitefield,6.5,23.0,4.0,1,7030000
1621,3,3,0.0,1.0,12,10,10,Apartment,Unfurnished,Under Construction,Marathahalli,6.3,13.1,4.0,1,8630000
1545,3,4,0.0,1.0,9,7,7,Independent House,Semi-Furnished,Under Construction,Banashankari,3.9,12.2,8.0,1,12720000
1746,3,4,1.0,0.0,0,8,10,Apartment,Unfurnished,Ready to Move,Koramangala,6.8,5.1,2.0,1,23550000
1191,4,5,0.0,2.0,7,9,10,Apartment,Furnished,Under Construction,Jayanagar,6.5,8.2,2.0,3,16780000
2235,4,5,2.0,0.0,16,3,5,Independent House,Unfurnished,Ready to Move,Yelahanka,4.7,17.1,5.0,2,10950000
405,1,1,2.0,2.0,9,13,15,Apartment,Furnished,Under Construction,Sarjapur Road,3.7,19.5,4.0,1,2280000
1397,3,3,3.0,2.0,5,4,10,Apartment,Semi-Furnished,Ready to Move,Sarjapur Road,4.0,15.0,2.0,1,9860000
890,2,2,3.0,2.0,2,4,5,Apartment,Unfurnished,Under Construction,Sarjapur Road,5.3,15.2,2.0,1,4650000
1075,2,2,2.0,2.0,17,2,5,Independent House,Furnished,Under Construction,Electronic City,4.8,20.4,5.0,2,6490000
1463,3,3,0.0,0.0,4,1,15,Apartment,Unfurnished,Under Construction,HSR Layout,7.8,11.5,3.0,4,10220000
1205,2,3,1.0,1.0,15,14,15,Apartment,Semi-Furnished,Under Construction,Hebbal,5.9,10.2,0.0,2,9400000
835,2,2,1.0,1.0,12,10,10,Apartment,Furnished,Ready to Move,Hebbal,7.0,11.1,,2,7570000
3197,5,6,1.0,2.0,13,4,7,Apartment,Semi-Furnished,Ready to Move,Hebbal,3.2,11.8,4.0,0,29860000
567,1,1,2.0,1.0,36,8,10,Independent House,Semi-Furnished,Ready to Move,Yelahanka,6.4,20.3,7.0,3,2280000
1345,4,4,3.0,1.0,11,5,10,Apartment,Semi-Furnished,Ready to Move,Jayanagar,8.3,7.8,0.0,5,17100000
1142,3,3,2.0,2.0,0,2,20,Apartment,Furnished,Ready to Move,Jayanagar,6.4,1.6,3.0,0,17630000
1358,3,3,0.0,0.0,1,4,10,Apartment,Unfurnished,Ready to Move,Hebbal,6.7,12.5,5.0,1,10050000
2444,4,5,1.0,0.0,0,4,7,Apartment,Unfurnished,Ready to Move,Marathahalli,3.5,13.1,2.0,3,18290000
1038,2,3,2.0,1.0,1,2,3,Independent House,Semi-Furnished,Ready to Move,Sarjapur Road,4.4,17.3,1.0,0,6760000
728,2,2,2.0,1.0,0,5,5,Apartment,Semi-Furnished,Ready to Move,Hebbal,5.9,12.0,,0,6520000
923,2,3,1.0,1.0,5,2,10,Independent House,Semi-Furnished,Ready to Move,Yelahanka,4.3,19.4,3.0,2,4960000
1333,2,3,2.0,1.0,0,5,5,Apartment,Unfurnished,Ready to Move,Electronic City,2.6,19.6,3.0,1,7360000
2044,4,4,2.0,2.0,5,4,10,Apartment,Semi-Furnished,Ready to Move,Electronic City,4.7,22.6,4.0,1,14470000
1869,4,5,1.0,0.0,18,8,10,Independent House,Furnished,Under Construction,Whitefield,3.7,20.9,0.0,1,15510000
1043,2,3,1.0,1.0,11,7,7,Apartment,Unfurnished,Ready to Move,Marathahalli,5.1,13.3,1.0,0,5840000
1095,2,2,2.0,1.0,23,2,10,Villa,Unfurnished,Ready to Move,Whitefield,4.3,18.1,5.0,2,7450000
863,2,3,2.0,1.0,2,1,10,Independent House,Semi-Furnished,Ready to Move,Indiranagar,5.9,2.7,2.0,2,17570000
605,1,1,1.0,1.0,6,6,7,Apartment,Unfurnished,Ready to Move,Jayanagar,5.6,4.7,3.0,1,5480000
1307,3,3,2.0,0.0,3,1,20,Apartment,Semi-Furnished,Ready to Move,HSR Layout,7.6,12.2,6.0,3,13290000
1086,2,2,2.0,0.0,5,3,10,Villa,Semi-Furnished,Ready to Move,Marathahalli,3.5,12.9,3.0,2,8790000
1447,3,4,2.0,0.0,6,1,7,Apartment,Semi-Furnished,Ready to Move,Whitefield,6.2,19.7,6.0,1,10150000
603,1,2,1.0,1.0,0,5,15,Apartment,Semi-Furnished,Under Construction,Whitefield,2.5,16.5,3.0,4,3470000
805,2,2,3.0,0.0,2,6,15,Apartment,Semi-Furnished,Ready to Move,Hebbal,6.0,10.6,4.0,1,6300000
1170,3,3,1.0,1.0,9,14,15,Apartment,Furnished,Ready to Move,Electronic City,3.3,22.7,0.0,3,7550000
1664,3,3,2.0,0.0,11,7,10,Independent House,Furnished,Ready to Move,Koramangala,7.6,1.0,0.0,0,30130000
2755,5,6,2.0,2.0,6,3,7,Apartment,Semi-Furnished,Ready to Move,Jayanagar,4.9,9.1,3.0,3,36400000
2114,4,4,1.0,2.0,2,7,7,Apartment,Semi-Furnished,Ready to Move,Sarjapur Road,4.0,16.2,2.0,1,13010000
891,2,3,1.0,1.0,4,3,10,Villa,Unfurnished,Ready to Move,HSR Layout,4.8,15.3,4.0,2,10550000
648,1,2,2.0,1.0,0,5,5,Apartment,Semi-Furnished,Under Construction,Marathahalli,3.0,15.3,4.0,4,3680000
1756,4,5,2.0,2.0,24,12,15,Apartment,Semi-Furnished,Ready to Move,Whitefield,4.1,14.5,6.0,0,12180000
1945,4,4,1.0,1.0,16,6,7,Independent House,Unfurnished,Ready to Move,Whitefield,3.8,20.8,3.0,0,14900000
2314,4,4,0.0,2.0,0,4,10,Apartment,Unfurnished,Under Construction,Jayanagar,8.2,5.0,2.0,5,22260000
1172,2,2,0.0,0.0,1,2,10,Independent House,Unfurnished,Ready to Move,Jayanagar,2.8,6.9,2.0,2,13410000
2506,5,6,0.0,2.0,6,7,10,Independent House,Unfurnished,Ready to Move,Marathahalli,3.7,18.9,4.0,1,23530000
1322,2,3,3.0,1.0,2,4,15,Apartment,Semi-Furnished,Ready to Move,Sarjapur Road,3.1,20.1,2.0,1,7710000
1487,3,3,2.0,0.0,21,6,10,Apartment,Furnished,Under Construction,Banashankari,4.7,7.3,2.0,4,9070000
1582,4,4,3.0,2.0,11,2,7,Apartment,Furnished,Under Construction,Jayanagar,5.9,1.8,1.0,2,20910000
1020,2,3,0.0,2.0,2,2,3,Apartment,Semi-Furnished,Ready to Move,Electronic City,4.9,24.6,2.0,2,6030000
1846,4,4,2.0,1.0,0,14,15,Independent House,Semi-Furnished,Ready to Move,Hebbal,4.6,13.5,2.0,3,19720000
1032,2,2,0.0,2.0,12,2,20,Independent House,Semi-Furnished,Ready to Move,HSR Layout,6.5,13.5,3.0,0,14100000
2776,5,6,2.0,0.0,4,1,5,Apartment,Semi-Furnished,Under Construction,Indiranagar,10.0,4.6,4.0,1,30590000
964,2,2,1.0,1.0,8,6,7,Villa,Semi-Furnished,Ready to Move,Whitefield,4.4,20.9,1.0,6,8570000
2289,5,6,0.0,0.0,2,2,7,Independent House,Unfurnished,Under Construction,Whitefield,2.4,19.3,6.0,2,14760000
658,1,2,2.0,1.0,1,13,20,Independent House,Semi-Furnished,Under Construction,Banashankari,4.0,8.3,3.0,2,5770000
1076,3,4,1.0,2.0,8,2,5,Apartment,Semi-Furnished,Ready to Move,Hebbal,4.8,7.5,1.0,1,8960000
1089,3,3,2.0,1.0,4,5,5,Apartment,Unfurnished,Under Construction,Sarjapur Road,1.2,19.0,6.0,2,4870000
1502,3,3,2.0,0.0,2,4,5,Apartment,Unfurnished,Ready to Move,Electronic City,2.3,23.1,1.0,0,6750000
1254,2,2,2.0,1.0,1,13,15,Independent House,Unfurnished,Ready to Move,Koramangala,7.9,2.5,1.0,3,20510000
1301,3,3,3.0,1.0,6,1,20,Apartment,Semi-Furnished,Ready to Move,Koramangala,10.0,5.8,2.0,0,21600000
1083,2,3,1.0,1.0,10,5,7,Apartment,Semi-Furnished,Ready to Move,HSR Layout,6.9,12.6,1.0,1,11140000
1700,3,4,1.0,0.0,2,4,5,Apartment,Unfurnished,Ready to Move,Jayanagar,6.9,10.2,1.0,3,18500000
1104,2,2,2.0,2.0,10,6,10,Apartment,Unfurnished,Ready to Move,Sarjapur Road,6.2,14.9,4.0,4,5830000
2625,5,6,2.0,1.0,1,4,5,Apartment,Unfurnished,Ready to Move,Marathahalli,4.9,16.0,1.0,1,20500000
429,1,2,0.0,1.0,3,2,3,Independent House,Furnished,Ready to Move,HSR Layout,7.4,14.0,1.0,2,5710000
530,2,2,2.0,1.0,10,11,20,Apartment,Semi-Furnished,Under Construction,Banashankari,4.1,6.9,4.0,3,3200000
900,2,2,0.0,1.0,8,2,20,Apartment,Unfurnished,Under Construction,Sarjapur Road,1.8,22.2,3.0,1,3880000
1173,2,2,1.0,0.0,2,24,25,Apartment,Semi-Furnished,Ready to Move,Jayanagar,7.1,3.8,1.0,3,14320000
736,2,3,0.0,1.0,1,5,10,Apartment,Unfurnished,Ready to Move,Marathahalli,6.7,14.2,4.0,4,4930000
1596,3,3,0.0,1.0,0,2,7,Apartment,Semi-Furnished,Ready to Move,Electronic City,5.6,16.8,0.0,1,8670000
1619,4,5,0.0,2.0,14,6,15,Apartment,Unfurnished,Ready to Move,HSR Layout,7.3,4.4,4.0,2,16270000
1429,3,3,0.0,0.0,0,1,5,Apartment,Furnished,Ready to Move,Electronic City,2.3,17.3,6.0,3,7410000
1598,3,4,1.0,2.0,0,2,5,Apartment,Furnished,Ready to Move,Sarjapur Road,1.3,22.3,3.0,1,11020000
477,1,1,1.0,0.0,2,5,7,Apartment,Semi-Furnished,Ready to Move,Whitefield,3.1,17.7,3.0,2,3150000
1447,3,4,0.0,0.0,4,12,25,Apartment,Semi-Furnished,Under Construction,Whitefield,4.7,17.7,3.0,4,8690000
871,2,3,2.0,1.0,12,1,15,Independent House,Semi-Furnished,Ready to Move,Whitefield,3.6,21.2,2.0,2,6890000
1597,3,3,1.0,,2,3,5,Independent House,Furnished,Ready to Move,Whitefield,5.8,17.8,3.0,2,18230000
994,2,3,0.0,1.0,6,2,3,Apartment,Semi-Furnished,Under Construction,Hebbal,2.8,15.6,5.0,1,7310000
960,2,3,1.0,2.0,0,8,15,Apartment,Unfurnished,Ready to Move,Sarjapur Road,3.5,23.6,5.0,3,6360000
1246,2,3,1.0,0.0,4,12,15,Independent House,Unfurnished,Ready to Move,Indiranagar,7.5,1.0,3.0,0,18410000
2264,4,4,1.0,1.0,1,5,10,Apartment,Unfurnished,Under Construction,Whitefield,5.8,21.6,0.0,1,14530000
818,2,2,1.0,1.0,1,4,5,Independent House,Semi-Furnished,Ready to Move,Jayanagar,7.5,1.0,1.0,1,11990000
1375,3,4,2.0,1.0,3,4,10,Independent House,Unfurnished,Under Construction,Indiranagar,7.4,1.0,4.0,2,22360000
935,2,3,2.0,1.0,11,5,10,Apartment,Semi-Furnished,Under Construction,Koramangala,9.3,5.4,2.0,1,11350000
1422,3,3,3.0,2.0,10,20,20,Apartment,Semi-Furnished,Ready to Move,Indiranagar,6.2,2.2,2.0,3,23830000
3009,4,5,1.0,0.0,4,2,5,Independent House,Furnished,Ready to Move,Electronic City,0.7,22.8,5.0,2,23070000
1020,2,2,1.0,2.0,1,1,10,Apartment,Semi-Furnished,Under Construction,Marathahalli,2.7,14.1,4.0,0,5530000
829,3,4,1.0,1.0,2,5,5,Apartment,Semi-Furnished,Under Construction,Marathahalli,1.0,9.1,1.0,4,5490000
1782,4,4,2.0,1.0,5,1,7,Apartment,Semi-Furnished,Ready to Move,Whitefield,4.2,22.0,2.0,3,13430000
858,3,3,0.0,1.0,16,2,5,Apartment,Furnished,Ready to Move,Electronic City,3.2,22.9,2.0,3,5130000
1307,3,3,1.0,1.0,27,5,15,Villa,Unfurnished,Ready to Move,Marathahalli,3.4,14.1,2.0,1,7520000
843,3,3,1.0,0.0,8,2,7,Villa,Unfurnished,Under Construction,Jayanagar,7.5,4.1,3.0,1,11660000
1155,3,3,2.0,0.0,3,3,7,Independent House,Semi-Furnished,Ready to Move,Hebbal,3.9,13.2,2.0,4,12390000
661,2,2,3.0,1.0,9,3,7,Apartment,Furnished,Ready to Move,Marathahalli,2.1,10.1,6.0,1,5310000
2153,4,4,3.0,2.0,3,9,20,Apartment,Semi-Furnished,Ready to Move,Koramangala,6.8,1.0,1.0,2,37240000
950,2,2,1.0,0.0,7,15,15,Apartment,Semi-Furnished,Ready to Move,Whitefield,2.5,21.0,2.0,0,6630000
583,1,2,1.0,1.0,2,2,3,Apartment,Unfurnished,Under Construction,Marathahalli,3.1,17.1,0.0,1,2440000
1370,3,3,2.0,1.0,2,2,3,Apartment,Unfurnished,Under Construction,Whitefield,5.2,18.6,3.0,3,8560000
685,2,2,1.0,2.0,0,3,10,Independent House,Furnished,Ready to Move,Marathahalli,1.4,15.4,4.0,0,6040000
1047,2,3,1.0,1.0,4,2,7,Independent House,Unfurnished,Ready to Move,Yelahanka,2.5,16.6,2.0,1,6070000
1938,3,4,2.0,0.0,7,7,7,Apartment,Semi-Furnished,Ready to Move,Marathahalli,5.4,15.2,5.0,1,14140000
2163,4,5,2.0,2.0,12,12,15,Villa,Furnished,Ready to Move,Electronic City,4.9,19.9,1.0,0,20040000
1829,4,4,3.0,0.0,13,4,5,Apartment,Unfurnished,Ready to Move,Marathahalli,3.0,13.6,4.0,3,10050000
2000,5,6,2.0,1.0,39,6,25,Apartment,Unfurnished,Ready to Move,Indiranagar,10.0,4.9,5.0,3,20620000
1636,4,5,1.0,1.0,0,3,3,Villa,Semi-Furnished,Ready to Move,Jayanagar,5.1,10.5,1.0,4,23900000
599,1,1,1.0,1.0,5,4,5,Apartment,Semi-Furnished,Ready to Move,Yelahanka,2.7,12.7,1.0,2,2590000
1153,2,3,2.0,2.0,5,7,7,Independent House,Unfurnished,Ready to Move,Electronic City,1.6,17.8,4.0,2,6720000
2104,4,4,2.0,2.0,13,3,10,Villa,Unfurnished,Ready to Move,Banashankari,5.3,17.0,2.0,3,19250000
1101,2,2,2.0,2.0,2,3,5,Apartment,Unfurnished,Ready to Move,Yelahanka,7.2,16.9,3.0,3,5520000
1598,3,3,3.0,2.0,0,1,15,Independent House,Unfurnished,Ready to Move,Koramangala,10.0,5.6,3.0,3,28160000
1541,3,4,2.0,1.0,3,5,7,Apartment,Unfurnished,Ready to Move,Whitefield,5.6,21.9,6.0,6,11260000
824,2,2,1.0,0.0,33,3,3,Apartment,Semi-Furnished,Under Construction,Whitefield,3.4,22.3,4.0,1,4550000
2069,4,4,2.0,2.0,18,12,20,Apartment,Unfurnished,Under Construction,Whitefield,4.1,22.7,1.0,1,11670000
1162,3,3,2.0,1.0,4,17,20,Apartment,Semi-Furnished,Ready to Move,Whitefield,6.0,22.3,1.0,1,10090000
1404,3,3,0.0,0.0,16,9,10,Independent House,Unfurnished,Ready to Move,Sarjapur Road,4.8,21.4,3.0,4,9280000
2985,5,5,1.0,1.0,0,11,15,Apartment,Semi-Furnished,Ready to Move,Whitefield,4.5,20.5,2.0,2,23160000
1870,3,3,2.0,2.0,3,4,5,Independent House,Semi-Furnished,Ready to Move,Electronic City,3.5,25.2,2.0,2,13720000
701,2,2,1.0,0.0,10,4,7,Apartment,Furnished,Under Construction,Hebbal,6.6,17.7,5.0,2,6370000
1534,3,4,2.0,2.0,2,4,7,Apartment,Unfurnished,Ready to Move,Whitefield,6.3,20.6,2.0,2,10880000
2592,4,4,1.0,1.0,1,25,25,Independent House,Unfurnished,Ready to Move,Hebbal,2.7,13.4,3.0,1,23430000
1612,3,3,3.0,0.0,15,2,10,Apartment,Furnished,Under Construction,HSR Layout,6.7,8.3,1.0,1,16660000
1633,3,3,1.0,2.0,7,2,3,Apartment,Furnished,Under Construction,Whitefield,5.2,19.5,3.0,3,13050000
1564,3,3,0.0,2.0,36,4,7,Apartment,Unfurnished,Ready to Move,Sarjapur Road,2.9,19.1,2.0,0,8190000
1196,2,2,1.0,1.0,1,1,3,Apartment,Unfurnished,Ready to Move,Marathahalli,5.9,12.8,2.0,2,8150000
1565,4,4,1.0,1.0,3,3,5,Apartment,Furnished,Ready to Move,Yelahanka,2.6,16.3,4.0,4,10440000
1445,4,5,1.0,1.0,2,1,10,Villa,Unfurnished,Under Construction,Sarjapur Road,5.6,19.0,1.0,1,9690000
948,2,2,1.0,2.0,16,5,7,Apartment,Furnished,Ready to Move,Hebbal,4.4,16.6,4.0,2,7400000
539,2,2,2.0,0.0,2,2,3,Apartment,Furnished,Ready to Move,HSR Layout,6.7,7.4,4.0,2,7440000
3489,5,5,1.0,1.0,3,2,5,Independent House,Unfurnished,Ready to Move,Koramangala,8.4,5.3,3.0,3,61670000
2488,4,5,2.0,1.0,1,2,10,Apartment,Furnished,Ready to Move,Sarjapur Road,6.2,16.2,4.0,4,19790000
1826,4,5,2.0,1.0,11,5,10,Independent House,Semi-Furnished,Ready to Move,Hebbal,6.1,14.3,2.0,2,18950000
1851,4,4,2.0,1.0,2,2,7,Apartment,Furnished,Under Construction,Banashankari,4.0,10.5,0.0,1,16980000
1379,3,3,1.0,2.0,0,10,15,Apartment,Semi-Furnished,Under Construction,Electronic City,2.9,27.0,2.0,0,7090000
1414,3,4,2.0,2.0,4,3,5,Independent House,Unfurnished,Under Construction,Electronic City,2.9,20.7,6.0,4,6190000
1435,3,3,1.0,2.0,3,4,5,Apartment,Semi-Furnished,Ready to Move,Sarjapur Road,3.7,18.4,5.0,4,9150000
611,1,1,,1.0,1,15,15,Villa,Unfurnished,Ready to Move,Electronic City,1.9,24.4,4.0,2,3810000
1351,3,3,2.0,2.0,1,5,7,Apartment,Furnished,Ready to Move,Yelahanka,2.9,18.0,1.0,1,7840000
1664,3,3,1.0,1.0,18,6,7,Apartment,Semi-Furnished,Ready to Move,Hebbal,7.1,4.5,5.0,1,13520000
1524,3,4,0.0,0.0,0,12,20,Apartment,Unfurnished,Ready to Move,Indiranagar,10.0,2.9,4.0,2,26320000
1230,3,4,1.0,1.0,0,1,7,Apartment,Unfurnished,Under Construction,Sarjapur Road,1.3,19.7,2.0,1,6140000
1773,3,4,1.0,0.0,2,2,3,Independent House,Furnished,Ready to Move,Sarjapur Road,1.1,17.4,3.0,1,12940000
691,2,2,2.0,1.0,24,10,20,Apartment,Semi-Furnished,Under Construction,Whitefield,3.4,22.4,1.0,1,3700000
932,2,2,2.0,1.0,0,3,3,Independent House,Furnished,Ready to Move,Yelahanka,,19.1,4.0,1,6390000
1133,2,2,1.0,2.0,13,5,10,Independent House,Unfurnished,Ready to Move,Jayanagar,4.8,5.4,3.0,1,12740000
812,2,3,2.0,0.0,17,5,7,Apartment,Semi-Furnished,Under Construction,Hebbal,5.5,13.8,0.0,1,4700000
2973,5,6,3.0,1.0,3,10,10,Apartment,Furnished,Under Construction,Electronic City,3.3,26.4,4.0,2,20870000
1053,2,2,2.0,0.0,2,4,10,Independent House,Unfurnished,Ready to Move,Yelahanka,0.4,19.1,2.0,3,6310000
786,2,2,1.0,2.0,9,3,7,Independent House,Semi-Furnished,Ready to Move,Electronic City,5.1,19.7,3.0,3,5640000
1379,3,3,2.0,1.0,9,1,15,Apartment,Furnished,Ready to Move,Whitefield,3.7,19.4,2.0,2,12310000
1356,3,4,1.0,0.0,12,8,20,Apartment,Semi-Furnished,Under Construction,Yelahanka,2.2,16.1,4.0,2,4910000
845,2,2,2.0,0.0,14,1,3,Apartment,Semi-Furnished,Ready to Move,Whitefield,5.9,17.2,3.0,3,5280000
2044,3,3,1.0,1.0,2,8,15,Villa,Furnished,Ready to Move,Electronic City,3.9,25.2,,0,17010000
1186,3,3,1.0,1.0,9,4,5,Apartment,Semi-Furnished,Ready to Move,Banashankari,4.6,6.1,1.0,1,9410000
1140,2,2,2.0,1.0,1,3,3,Villa,Furnished,Under Construction,Banashankari,3.9,7.7,4.0,1,12890000
875,2,3,1.0,1.0,5,24,25,Apartment,Semi-Furnished,Ready to Move,Marathahalli,4.9,17.2,2.0,2,6340000
1565,4,5,2.0,1.0,7,6,10,Apartment,Semi-Furnished,Ready to Move,Marathahalli,3.4,12.6,1.0,2,11350000
2041,4,5,0.0,0.0,1,1,5,Apartment,Unfurnished,Under Construction,Indiranagar,8.3,4.0,4.0,1,23990000
1581,3,4,2.0,1.0,0,5,10,Apartment,Furnished,Ready to Move,HSR Layout,4.6,11.0,4.0,4,22470000
651,1,1,0.0,2.0,1,1,7,Apartment,Furnished,Ready to Move,Electronic City,5.0,20.8,2.0,2,4330000
1246,2,2,1.0,1.0,4,8,10,Apartment,Unfurnished,Under Construction,Marathahalli,6.3,18.6,3.0,0,5080000
2224,3,3,2.0,0.0,17,3,10,Apartment,Semi-Furnished,Under Construction,Sarjapur Road,4.0,15.3,2.0,2,11090000
997,2,3,1.0,2.0,6,11,20,Apartment,Semi-Furnished,Ready to Move,Hebbal,4.3,5.1,0.0,1,7640000
824,2,2,1.0,0.0,11,1,3,Apartment,Semi-Furnished,Under Construction,Hebbal,6.4,14.5,4.0,0,5470000
1526,3,4,2.0,1.0,1,2,5,Independent House,Furnished,Ready to Move,Whitefield,5.2,18.9,,1,14880000
899,2,2,2.0,1.0,0,3,3,Apartment,Unfurnished,Under Construction,Jayanagar,6.0,3.6,2.0,4,8640000
1659,3,3,0.0,1.0,2,1,3,Apartment,Furnished,Under Construction,Whitefield,6.1,21.2,3.0,2,13440000
1481,4,5,2.0,0.0,3,12,20,Apartment,Unfurnished,Ready to Move,Jayanagar,6.0,7.3,4.0,1,16890000
1399,2,3,0.0,0.0,6,16,20,Independent House,Semi-Furnished,Ready to Move,Indiranagar,6.7,2.7,9.0,3,23600000
2342,4,4,1.0,2.0,17,14,15,Apartment,Semi-Furnished,Under Construction,Yelahanka,2.9,19.6,4.0,1,10700000
630,2,2,1.0,2.0,4,7,10,Villa,Unfurnished,Ready to Move,Electronic City,5.0,24.6,6.0,4,4150000
1716,4,5,0.0,1.0,5,5,15,Villa,Semi-Furnished,Ready to Move,Whitefield,4.5,25.9,1.0,3,18200000
1105,2,3,3.0,0.0,0,1,3,Villa,Furnished,Ready to Move,Koramangala,6.2,2.6,4.0,1,24340000
679,1,1,1.0,2.0,0,1,5,Apartment,Unfurnished,Ready to Move,Sarjapur Road,3.1,18.5,5.0,2,3710000
1043,3,3,2.0,1.0,0,3,7,Villa,Unfurnished,Ready to Move,Marathahalli,5.8,14.7,4.0,3,9150000
1599,3,3,2.0,1.0,9,14,15,Apartment,Semi-Furnished,Ready to Move,Whitefield,4.7,19.0,3.0,1,11060000
1221,4,4,3.0,1.0,5,8,10,Apartment,Furnished,Ready to Move,Whitefield,4.3,21.2,2.0,3,11830000
933,2,3,1.0,1.0,1,1,10,Villa,Furnished,Under Construction,Sarjapur Road,3.5,19.4,1.0,1,8420000
1161,2,2,2.0,1.0,7,4,5,Apartment,Unfurnished,Ready to Move,Whitefield,6.0,21.4,4.0,6,8180000
1245,3,3,3.0,1.0,6,2,10,Independent House,Furnished,Ready to Move,Hebbal,6.5,11.0,8.0,4,14550000
978,3,3,1.0,1.0,0,3,20,Apartment,Semi-Furnished,Ready to Move,Sarjapur Road,1.6,17.4,2.0,3,6800000
977,2,2,1.0,2.0,8,3,7,Independent House,Unfurnished,Ready to Move,Whitefield,5.7,18.3,3.0,2,7600000
1230,3,3,0.0,1.0,11,6,10,Apartment,Furnished,Under Construction,Whitefield,5.1,17.7,0.0,2,7900000
1576,3,3,2.0,1.0,2,4,7,Apartment,Unfurnished,Ready to Move,Banashankari,7.1,7.8,4.0,2,13140000
1645,4,4,2.0,1.0,9,1,15,Apartment,Semi-Furnished,Ready to Move,Electronic City,3.2,26.5,3.0,2,8640000
2367,5,5,1.0,2.0,1,5,10,Independent House,Furnished,Under Construction,Electronic City,5.0,28.1,1.0,3,18020000
566,2,2,2.0,0.0,11,3,7,Apartment,Semi-Furnished,Ready to Move,Hebbal,5.7,15.9,4.0,1,4380000
1447,3,3,0.0,0.0,19,5,7,Apartment,Semi-Furnished,Ready to Move,Yelahanka,1.3,14.6,0.0,2,6600000
919,2,3,2.0,2.0,4,2,3,Apartment,Semi-Furnished,Ready to Move,Banashankari,6.2,9.2,1.0,1,8080000
1067,3,3,0.0,0.0,2,20,20,Villa,Unfurnished,Ready to Move,Sarjapur Road,4.9,11.9,2.0,0,7000000
1454,3,3,2.0,1.0,4,20,25,Apartment,Furnished,Under Construction,Electronic City,2.4,21.5,0.0,1,8890000
3375,5,5,0.0,2.0,2,3,10,Apartment,Furnished,Ready to Move,Whitefield,4.8,18.8,2.0,2,29640000
1339,3,4,1.0,1.0,0,5,5,Apartment,Semi-Furnished,Ready to Move,Sarjapur Road,6.8,23.6,1.0,2,9480000
2950,5,6,2.0,0.0,8,5,10,Apartment,Furnished,Ready to Move,Jayanagar,5.9,6.8,0.0,1,41470000
2109,4,4,1.0,1.0,0,8,10,Apartment,Semi-Furnished,Ready to Move,Indiranagar,9.8,5.2,6.0,1,30890000
1518,4,5,1.0,2.0,1,2,7,Apartment,Semi-Furnished,Ready to Move,Yelahanka,1.4,15.8,6.0,1,10030000
2822,4,4,3.0,1.0,10,3,3,Villa,Semi-Furnished,Ready to Move,Whitefield,3.5,19.1,4.0,3,23550000
1268,3,3,0.0,1.0,8,9,20,Apartment,Unfurnished,Ready to Move,Jayanagar,7.9,7.6,2.0,0,13540000
1074,2,2,2.0,2.0,0,7,15,Apartment,Furnished,Ready to Move,Whitefield,4.7,18.0,1.0,2,9350000
1096,2,2,0.0,1.0,8,2,15,Apartment,Furnished,Under Construction,Indiranagar,8.4,6.6,3.0,2,15530000
534,1,1,0.0,2.0,21,3,7,Independent House,Furnished,Ready to Move,Whitefield,6.9,24.3,4.0,5,3860000
1569,3,4,0.0,1.0,0,6,15,Independent House,Semi-Furnished,Under Construction,Whitefield,3.0,20.3,2.0,1,13080000
1468,3,4,3.0,1.0,4,1,10,Independent House,Furnished,Ready to Move,Whitefield,4.1,19.1,1.0,0,17910000
1003,3,3,1.0,1.0,10,7,7,Apartment,Semi-Furnished,Under Construction,Marathahalli,4.7,13.8,2.0,2,6010000
2613,5,5,2.0,0.0,8,6,15,Apartment,Semi-Furnished,Ready to Move,Sarjapur Road,2.4,21.6,4.0,2,17330000
1754,4,4,3.0,1.0,2,21,25,Apartment,Furnished,Under Construction,Marathahalli,4.8,14.4,4.0,2,13470000
862,2,2,1.0,1.0,1,15,20,Apartment,Semi-Furnished,Under Construction,Banashankari,6.3,6.2,2.0,2,6720000
702,2,3,2.0,1.0,12,10,15,Apartment,Semi-Furnished,Under Construction,Electronic City,3.2,24.4,1.0,4,3450000
1164,2,3,2.0,1.0,25,5,15,Independent House,Unfurnished,Under Construction,HSR Layout,5.3,7.9,3.0,2,8500000
1254,2,3,1.0,2.0,11,8,10,Independent House,Furnished,Ready to Move,Hebbal,4.5,11.3,3.0,2,12670000
1673,3,4,1.0,1.0,26,13,20,Independent House,Unfurnished,Ready to Move,HSR Layout,2.3,10.7,2.0,3,14770000
1755,3,3,1.0,2.0,7,3,10,Apartment,Unfurnished,Under Construction,Banashankari,6.2,5.6,1.0,3,11620000
1303,3,3,2.0,1.0,21,1,5,Villa,Unfurnished,Ready to Move,Whitefield,4.7,14.6,2.0,3,10970000
1745,4,4,2.0,1.0,9,3,15,Apartment,Semi-Furnished,Ready to Move,Banashankari,4.4,9.3,1.0,1,11420000
1688,4,4,1.0,1.0,19,14,20,Apartment,Unfurnished,Ready to Move,Whitefield,1.8,13.4,4.0,1,10870000
1072,2,3,1.0,1.0,1,7,7,Villa,Semi-Furnished,Ready to Move,Yelahanka,4.7,13.2,4.0,1,8220000
1463,3,3,3.0,2.0,13,13,15,Apartment,Semi-Furnished,Ready to Move,Jayanagar,6.0,8.3,1.0,2,16480000
935,2,2,0.0,0.0,1,1,7,Apartment,Semi-Furnished,Under Construction,Banashankari,5.5,9.3,4.0,2,6310000
1196,2,3,2.0,1.0,0,11,20,Apartment,Unfurnished,Under Construction,Whitefield,4.3,19.5,2.0,2,7660000
594,1,2,0.0,0.0,5,9,10,Villa,Unfurnished,Ready to Move,Jayanagar,4.2,3.3,4.0,0,7640000
1165,3,3,2.0,1.0,3,1,10,Independent House,Furnished,Ready to Move,Banashankari,6.6,6.7,0.0,2,12930000
820,2,3,3.0,1.0,0,1,15,Apartment,Semi-Furnished,Ready to Move,Jayanagar,8.3,7.7,3.0,1,9950000
1079,2,2,1.0,0.0,31,3,15,Independent House,Unfurnished,Ready to Move,Marathahalli,5.1,13.6,3.0,2,4340000
1691,3,3,0.0,1.0,8,3,20,Apartment,Furnished,Under Construction,Sarjapur Road,4.1,14.3,3.0,1,10770000
1554,3,3,1.0,2.0,18,3,20,Apartment,Unfurnished,Ready to Move,Indiranagar,6.9,2.4,4.0,1,19620000
1310,2,2,1.0,2.0,50,2,3,Villa,Unfurnished,Ready to Move,Marathahalli,5.3,12.7,3.0,1,7580000
729,1,2,1.0,1.0,3,1,5,Villa,Semi-Furnished,Ready to Move,Marathahalli,7.3,15.1,1.0,1,7190000
2176,4,4,2.0,1.0,2,4,15,Independent House,Unfurnished,Ready to Move,Yelahanka,3.2,16.3,6.0,1,12600000
457,1,2,1.0,2.0,1,4,20,Apartment,Unfurnished,Ready to Move,Whitefield,4.5,16.3,1.0,1,3280000
1476,4,5,1.0,0.0,5,5,7,Villa,Furnished,Ready to Move,HSR Layout,4.7,14.0,3.0,3,23750000
1291,3,3,2.0,1.0,7,3,3,Villa,Unfurnished,Under Construction,Banashankari,1.6,5.8,3.0,2,10490000
1093,2,3,2.0,2.0,5,4,7,Independent House,Unfurnished,Ready to Move,Yelahanka,2.5,17.3,5.0,1,6410000
1297,2,2,1.0,1.0,3,4,7,Apartment,Furnished,Ready to Move,Indiranagar,10.0,2.2,6.0,3,23560000
595,1,1,2.0,2.0,1,8,15,Independent House,Semi-Furnished,Under Construction,Marathahalli,6.0,21.4,5.0,3,4390000
1172,2,3,2.0,1.0,4,3,3,Apartment,Unfurnished,Under Construction,HSR Layout,6.2,14.0,1.0,0,10260000
903,2,3,2.0,0.0,0,3,5,Apartment,Semi-Furnished,Under Construction,Koramangala,8.6,1.7,3.0,3,10580000
1574,3,3,1.0,1.0,16,7,20,Apartment,Unfurnished,Under Construction,Indiranagar,6.8,5.3,4.0,0,17080000
1106,2,3,0.0,1.0,0,1,5,Apartment,Semi-Furnished,Ready to Move,Electronic City,3.5,18.9,1.0,0,5990000
845,3,3,2.0,1.0,3,6,15,Apartment,Semi-Furnished,Under Construction,Marathahalli,3.2,12.9,3.0,2,4980000
1284,3,4,2.0,1.0,0,4,7,Independent House,Furnished,Ready to Move,Whitefield,4.4,21.3,4.0,1,15110000
1130,2,2,2.0,1.0,11,4,10,Apartment,Semi-Furnished,Ready to Move,Banashankari,4.3,10.5,0.0,1,7750000
580,1,1,0.0,1.0,3,1,3,Villa,Furnished,Ready to Move,Banashankari,4.2,4.3,1.0,2,5930000
418,1,1,2.0,0.0,0,6,7,Apartment,Unfurnished,Under Construction,Sarjapur Road,5.2,15.8,6.0,1,2290000
300,1,1,2.0,2.0,6,3,7,Apartment,Semi-Furnished,Ready to Move,Jayanagar,9.6,8.8,4.0,3,3350000
1297,3,3,1.0,1.0,19,3,20,Apartment,Unfurnished,Ready to Move,Electronic City,3.1,26.0,4.0,0,6400000
936,2,3,1.0,2.0,19,1,10,Apartment,Semi-Furnished,Ready to Move,Hebbal,7.1,9.7,5.0,3,7970000
1152,3,3,2.0,2.0,2,3,3,Apartment,Semi-Furnished,Ready to Move,Sarjapur Road,1.8,20.9,4.0,4,7910000
977,2,2,2.0,1.0,10,9,15,Apartment,Furnished,Ready to Move,Koramangala,7.9,1.0,4.0,1,16030000
1541,3,3,0.0,0.0,0,3,3,Apartment,Furnished,Ready to Move,Yelahanka,1.1,15.1,1.0,0,8990000
1587,3,3,2.0,2.0,1,15,20,Apartment,Semi-Furnished,Ready to Move,Hebbal,4.5,8.6,1.0,2,13660000
740,3,4,2.0,2.0,5,3,5,Apartment,Unfurnished,Under Construction,Yelahanka,4.1,14.8,1.0,2,3230000
700,2,3,2.0,0.0,2,9,10,Apartment,Semi-Furnished,Ready to Move,Sarjapur Road,5.3,23.7,4.0,1,5090000
892,2,3,2.0,1.0,12,3,3,Apartment,Furnished,Under Construction,Marathahalli,2.8,13.8,2.0,3,4920000
1560,3,3,2.0,0.0,21,2,10,Independent House,Unfurnished,Ready to Move,Electronic City,4.0,21.2,3.0,0,8460000
1042,2,2,0.0,0.0,0,3,10,Independent House,Semi-Furnished,Ready to Move,Yelahanka,4.8,14.3,3.0,1,5990000
1039,2,2,1.0,1.0,2,3,7,Villa,Unfurnished,Under Construction,Hebbal,6.6,11.1,1.0,1,8070000
1292,3,4,2.0,0.0,4,2,3,Apartment,Unfurnished,Under Construction,Whitefield,4.7,17.6,2.0,6,7600000
1308,3,4,0.0,2.0,6,7,20,Independent House,Unfurnished,Ready to Move,Whitefield,3.4,20.4,3.0,1,10150000
1196,3,3,2.0,2.0,19,11,15,Independent House,Furnished,Under Construction,Electronic City,2.3,21.9,0.0,1,6910000
1615,3,3,2.0,1.0,17,9,10,Independent House,Unfurnished,Ready to Move,Hebbal,3.7,10.6,3.0,2,13290000
1142,3,4,1.0,0.0,8,1,10,Apartment,Unfurnished,Ready to Move,Banashankari,4.6,6.4,0.0,1,7790000
1638,3,4,2.0,1.0,2,9,10,Villa,Furnished,Ready to Move,Koramangala,6.8,4.5,6.0,4,29810000
1458,3,4,1.0,1.0,12,2,5,Independent House,Semi-Furnished,Ready to Move,Marathahalli,5.0,11.8,2.0,3,12920000
1387,3,3,1.0,1.0,1,13,20,Apartment,Furnished,Ready to Move,Electronic City,3.7,21.3,6.0,2,10780000
1737,4,5,1.0,0.0,26,5,7,Villa,Semi-Furnished,Ready to Move,Banashankari,4.9,6.6,3.0,3,17770000
692,2,2,3.0,1.0,0,4,10,Apartment,Semi-Furnished,Ready to Move,Hebbal,2.2,5.4,4.0,2,5860000
826,2,3,1.0,1.0,6,6,10,Apartment,Unfurnished,Under Construction,Hebbal,5.0,14.6,1.0,4,5500000
1307,3,4,2.0,2.0,0,10,10,Apartment,Semi-Furnished,Ready to Move,Indiranagar,8.0,1.0,2.0,3,24730000
736,3,4,0.0,2.0,4,5,20,Villa,Semi-Furnished,Ready to Move,Electronic City,6.6,16.7,5.0,6,6830000
528,1,2,0.0,1.0,8,5,7,Apartment,Semi-Furnished,Under Construction,HSR Layout,4.4,12.7,3.0,0,5070000
2369,4,4,0.0,1.0,9,12,15,Apartment,Semi-Furnished,Ready to Move,Whitefield,4.0,16.7,2.0,1,18480000
612,1,1,2.0,0.0,12,5,10,Apartment,Furnished,Ready to Move,Hebbal,5.6,5.8,3.0,1,5250000
1261,3,3,1.0,1.0,7,3,3,Apartment,Semi-Furnished,Under Construction,Hebbal,3.5,16.0,1.0,4,10450000
1413,3,3,1.0,2.0,2,5,7,Apartment,Semi-Furnished,Ready to Move,Banashankari,7.6,6.1,2.0,0,12310000
2488,5,5,2.0,1.0,17,10,15,Villa,Unfurnished,Ready to Move,Banashankari,7.6,11.6,2.0,4,25200000
566,1,1,1.0,0.0,13,2,7,Independent House,Furnished,Ready to Move,Jayanagar,5.4,3.3,3.0,3,6660000
1831,3,4,1.0,1.0,1,4,10,Apartment,Semi-Furnished,Under Construction,Sarjapur Road,2.8,13.1,3.0,3,9080000
1134,2,2,1.0,2.0,14,9,10,Apartment,Semi-Furnished,Under Construction,Yelahanka,6.2,15.0,5.0,3,4720000
1048,2,3,1.0,1.0,28,8,10,Apartment,Semi-Furnished,Ready to Move,Hebbal,7.1,8.4,2.0,2,7100000
495,1,2,2.0,0.0,8,6,20,Independent House,Furnished,Ready to Move,HSR Layout,5.8,11.2,1.0,1,6190000
1609,3,3,1.0,2.0,2,2,5,Apartment,Furnished,Ready to Move,Indiranagar,9.3,7.0,0.0,1,30870000
927,3,3,1.0,1.0,7,9,10,Apartment,Unfurnished,Ready to Move,Koramangala,5.9,6.8,5.0,0,12410000
902,2,2,2.0,1.0,3,6,7,Apartment,Furnished,Ready to Move,Banashankari,8.0,7.1,2.0,3,8580000
1563,3,4,2.0,1.0,9,6,7,Villa,Unfurnished,Under Construction,Marathahalli,4.1,18.1,4.0,1,11390000
1607,3,3,2.0,2.0,6,7,20,Independent House,Unfurnished,Under Construction,HSR Layout,7.2,7.2,3.0,2,17380000
1587,3,3,2.0,2.0,21,2,3,Independent House,Furnished,Ready to Move,Marathahalli,2.6,14.4,6.0,1,13790000
2117,4,5,2.0,1.0,7,3,5,Villa,Unfurnished,Under Construction,Marathahalli,2.3,13.6,1.0,4,14340000
912,2,2,2.0,0.0,1,3,15,Apartment,Unfurnished,Ready to Move,Electronic City,4.0,27.9,2.0,0,4840000
3101,5,6,2.0,1.0,10,3,7,Apartment,Semi-Furnished,Under Construction,Whitefield,7.2,23.6,3.0,1,23060000
1618,4,4,2.0,0.0,2,12,15,Apartment,Furnished,Ready to Move,Marathahalli,3.2,14.1,4.0,0,12740000
789,2,3,2.0,0.0,2,15,15,Apartment,Unfurnished,Ready to Move,Jayanagar,5.2,6.6,5.0,3,8190000
961,2,3,0.0,1.0,3,7,7,Apartment,Unfurnished,Ready to Move,Sarjapur Road,4.1,22.6,2.0,1,5160000
982,2,3,2.0,0.0,0,2,5,Apartment,Unfurnished,Ready to Move,Jayanagar,9.1,3.7,3.0,0,11480000
603,2,2,2.0,2.0,27,2,5,Apartment,Unfurnished,Under Construction,Hebbal,4.0,5.9,4.0,1,2840000
1527,3,3,2.0,0.0,6,3,5,Independent House,Unfurnished,Under Construction,Jayanagar,6.3,3.1,2.0,0,15290000
1616,3,4,1.0,1.0,11,1,7,Villa,Furnished,Ready to Move,Jayanagar,7.9,4.8,2.0,2,29820000
1378,3,3,1.0,0.0,2,11,20,Independent House,Unfurnished,Under Construction,Yelahanka,4.4,20.1,1.0,3,6920000
2064,3,3,1.0,1.0,10,12,15,Villa,Semi-Furnished,Ready to Move,Electronic City,2.9,25.1,2.0,1,16280000
820,2,3,1.0,0.0,6,1,3,Apartment,Furnished,Under Construction,Koramangala,9.6,3.9,3.0,2,9880000
1855,4,4,0.0,1.0,4,2,20,Villa,Semi-Furnished,Ready to Move,Whitefield,5.1,21.4,2.0,1,18120000
874,2,2,1.0,2.0,28,1,3,Apartment,Unfurnished,Ready to Move,Sarjapur Road,3.7,15.9,2.0,5,4270000
2757,5,6,1.0,2.0,5,1,10,Villa,Semi-Furnished,Under Construction,Marathahalli,5.4,20.3,2.0,0,27270000
887,2,2,1.0,1.0,8,2,5,Apartment,Furnished,Ready to Move,Sarjapur Road,4.8,21.6,5.0,4,5670000
2012,5,5,2.0,0.0,0,1,3,Independent House,Semi-Furnished,Under Construction,HSR Layout,4.8,10.2,5.0,4,29590000
489,1,2,2.0,0.0,2,3,15,Apartment,Semi-Furnished,Ready to Move,Koramangala,10.0,3.8,6.0,3,6430000
931,2,3,0.0,1.0,17,9,10,Apartment,Unfurnished,Under Construction,Whitefield,4.9,22.1,3.0,3,4750000
685,1,1,2.0,1.0,11,9,10,Independent House,Semi-Furnished,Ready to Move,Electronic City,5.4,21.8,3.0,1,3610000
2016,3,4,0.0,1.0,6,1,7,Apartment,Unfurnished,Ready to Move,Marathahalli,4.1,8.5,0.0,4,12930000
2534,4,5,0.0,2.0,18,2,3,Villa,Semi-Furnished,Ready to Move,Electronic City,3.7,26.6,4.0,1,19160000
802,2,2,2.0,2.0,5,4,15,Villa,Semi-Furnished,Ready to Move,Indiranagar,9.3,8.5,3.0,1,16020000
1721,4,4,2.0,2.0,6,14,15,Independent House,Semi-Furnished,Ready to Move,Yelahanka,3.8,17.1,5.0,3,10780000
1355,3,3,2.0,2.0,3,3,3,Independent House,Semi-Furnished,Ready to Move,Electronic City,5.6,20.7,3.0,3,9350000
1899,3,4,1.0,1.0,7,5,7,Independent House,Unfurnished,Under Construction,Jayanagar,7.4,6.0,2.0,4,18200000
1933,4,5,2.0,1.0,3,4,10,Apartment,Semi-Furnished,Ready to Move,Hebbal,5.0,4.1,3.0,0,19500000
697,2,2,1.0,1.0,3,4,10,Independent House,Semi-Furnished,Ready to Move,Electronic City,4.8,18.7,1.0,0,5110000
854,2,3,1.0,2.0,27,2,10,Villa,Semi-Furnished,Under Construction,Marathahalli,4.6,19.3,4.0,2,4410000
2302,4,5,0.0,1.0,0,10,10,Villa,Unfurnished,Under Construction,Hebbal,9.4,13.6,3.0,2,23700000
2275,4,4,2.0,1.0,0,9,25,Apartment,Semi-Furnished,Ready to Move,Yelahanka,3.4,10.2,4.0,0,13030000
2687,5,6,1.0,1.0,0,5,7,Villa,Semi-Furnished,Ready to Move,Koramangala,9.9,1.5,4.0,3,63030000
2273,4,4,1.0,0.0,3,9,10,Independent House,Semi-Furnished,Ready to Move,Yelahanka,4.3,10.2,3.0,2,13910000
518,2,3,2.0,1.0,4,1,10,Independent House,Semi-Furnished,Ready to Move,Jayanagar,3.6,3.7,4.0,3,6650000
2041,4,4,0.0,1.0,0,4,10,Apartment,Unfurnished,Ready to Move,HSR Layout,5.2,9.5,4.0,1,22720000
1113,2,3,0.0,1.0,6,1,7,Apartment,Semi-Furnished,Under Construction,Indiranagar,8.0,9.8,6.0,3,14360000
2333,5,6,0.0,1.0,7,4,10,Apartment,Semi-Furnished,Ready to Move,Banashankari,2.4,10.4,1.0,5,21290000
1165,3,3,0.0,1.0,11,2,10,Independent House,Semi-Furnished,Ready to Move,Jayanagar,6.1,5.1,2.0,3,13910000
877,3,4,2.0,0.0,29,2,10,Villa,Semi-Furnished,Ready to Move,Electronic City,1.3,21.2,5.0,4,4560000
1845,3,4,2.0,1.0,7,5,5,Apartment,Unfurnished,Ready to Move,Marathahalli,2.3,11.6,4.0,2,11100000
813,2,3,1.0,2.0,0,10,10,Apartment,Unfurnished,Under Construction,HSR Layout,6.7,13.3,4.0,2,6670000
576,1,1,1.0,1.0,0,14,20,Apartment,Semi-Furnished,Under Construction,Whitefield,7.2,23.6,1.0,2,4510000
2241,4,4,2.0,1.0,12,9,20,Apartment,Semi-Furnished,Ready to Move,Koramangala,6.0,1.0,1.0,3,28920000
2604,4,5,1.0,1.0,8,11,15,Independent House,Semi-Furnished,Ready to Move,Koramangala,6.2,1.0,4.0,3,47730000
920,2,3,2.0,2.0,1,4,10,Villa,Furnished,Ready to Move,Koramangala,7.2,3.0,4.0,3,22760000
1248,3,4,1.0,1.0,2,1,5,Apartment,Furnished,Ready to Move,Koramangala,7.8,3.4,4.0,2,21380000
1448,3,4,1.0,0.0,11,1,10,Apartment,Unfurnished,Ready to Move,Marathahalli,1.7,14.8,0.0,0,7530000
1193,2,2,3.0,2.0,6,1,5,Apartment,Semi-Furnished,Under Construction,Koramangala,7.0,1.0,0.0,3,14540000
917,2,2,2.0,2.0,7,8,15,Independent House,Semi-Furnished,Ready to Move,Electronic City,2.1,19.9,3.0,4,5250000
1618,4,4,0.0,2.0,1,1,7,Apartment,Semi-Furnished,Under Construction,Yelahanka,3.5,15.8,2.0,4,7140000
968,3,4,1.0,1.0,7,5,15,Apartment,Furnished,Ready to Move,Indiranagar,9.3,2.7,2.0,0,20000000
1058,3,4,1.0,2.0,11,9,15,Apartment,Semi-Furnished,Ready to Move,Marathahalli,3.8,16.6,0.0,2,6280000
1642,3,4,1.0,1.0,17,20,20,Villa,Semi-Furnished,Ready to Move,Koramangala,7.4,9.6,4.0,0,23960000
514,1,1,3.0,1.0,10,11,15,Villa,Furnished,Under Construction,Koramangala,6.9,2.4,4.0,1,8950000
1229,3,4,2.0,2.0,6,9,10,Villa,Unfurnished,Ready to Move,Whitefield,4.4,22.7,3.0,1,10720000
813,2,3,1.0,2.0,8,5,10,Apartment,Unfurnished,Ready to Move,Koramangala,6.5,2.9,3.0,3,11000000
966,2,3,1.0,1.0,5,5,7,Apartment,Semi-Furnished,Ready to Move,HSR Layout,8.7,7.2,3.0,2,7710000
1332,3,3,2.0,2.0,2,1,5,Apartment,Unfurnished,Ready to Move,Koramangala,5.8,1.9,4.0,1,17530000
1890,4,5,1.0,0.0,17,5,5,Villa,Unfurnished,Ready to Move,Whitefield,3.3,22.3,4.0,0,13730000
1206,2,3,2.0,0.0,6,2,5,Apartment,Furnished,Ready to Move,Koramangala,9.3,2.1,4.0,0,15570000
1242,2,3,2.0,1.0,7,13,20,Apartment,Furnished,Under Construction,Indiranagar,8.1,3.7,3.0,2,16360000
949,3,4,2.0,1.0,36,3,5,Independent House,Semi-Furnished,Ready to Move,HSR Layout,7.3,6.6,3.0,3,8200000
2131,4,5,2.0,0.0,33,10,15,Independent House,Furnished,Under Construction,Electronic City,5.9,23.9,4.0,2,11290000
1182,3,3,2.0,1.0,7,4,5,Apartment,Unfurnished,Under Construction,Jayanagar,7.9,7.4,2.0,2,10690000
1900,4,4,3.0,0.0,0,2,25,Apartment,Semi-Furnished,Ready to Move,Sarjapur Road,1.9,22.4,3.0,1,12910000
1486,3,4,1.0,1.0,4,3,7,Apartment,Unfurnished,Ready to Move,Whitefield,2.6,21.8,3.0,1,8440000
1340,3,3,2.0,2.0,22,6,7,Villa,Semi-Furnished,Ready to Move,Hebbal,4.7,13.2,1.0,1,14150000
993,2,2,0.0,1.0,2,2,7,Independent House,Semi-Furnished,Ready to Move,Marathahalli,4.7,15.7,2.0,0,8580000
1077,2,2,1.0,1.0,50,1,15,Apartment,Semi-Furnished,Ready to Move,Whitefield,6.1,19.2,4.0,2,5270000
1005,2,2,0.0,2.0,0,5,5,Apartment,Unfurnished,Under Construction,Yelahanka,1.8,16.3,4.0,2,4470000
1218,3,4,2.0,1.0,6,1,15,Independent House,Unfurnished,Ready to Move,Yelahanka,2.3,18.8,4.0,0,6730000
1748,4,4,0.0,2.0,5,7,10,Independent House,Semi-Furnished,Ready to Move,Whitefield,4.0,17.5,3.0,2,15770000
1424,4,5,2.0,1.0,2,1,5,Apartment,Semi-Furnished,Ready to Move,HSR Layout,,15.1,2.0,2,18440000
787,2,3,2.0,2.0,23,3,3,Apartment,Semi-Furnished,Under Construction,Hebbal,7.2,13.9,3.0,3,5710000
1322,2,2,0.0,2.0,7,1,15,Apartment,Unfurnished,Ready to Move,Sarjapur Road,3.5,24.1,3.0,0,6980000
799,2,2,2.0,1.0,2,2,5,Apartment,Furnished,Under Construction,Koramangala,8.2,1.0,1.0,1,10240000
723,2,3,2.0,1.0,3,20,20,Independent House,Unfurnished,Ready to Move,HSR Layout,7.7,6.5,3.0,0,7760000
1489,3,4,2.0,1.0,10,5,5,Independent House,Semi-Furnished,Ready to Move,Electronic City,5.7,23.1,0.0,1,8700000
1955,4,4,0.0,1.0,2,2,10,Independent House,Unfurnished,Under Construction,Indiranagar,8.6,5.4,6.0,1,28470000
2690,5,5,2.0,1.0,16,8,10,Apartment,Semi-Furnished,Ready to Move,Marathahalli,5.9,12.6,3.0,4,20350000
1794,3,3,2.0,1.0,1,9,10,Independent House,Semi-Furnished,Ready to Move,Electronic City,6.1,18.2,2.0,2,13880000
2219,4,4,1.0,1.0,2,3,7,Apartment,Furnished,Ready to Move,Indiranagar,8.5,4.2,5.0,3,41240000
1251,3,3,1.0,1.0,1,19,20,Apartment,Semi-Furnished,Under Construction,Sarjapur Road,2.8,18.7,6.0,4,7030000
869,2,3,1.0,2.0,0,7,15,Apartment,Unfurnished,Ready to Move,Whitefield,7.6,16.1,4.0,1,5890000
1259,3,4,2.0,2.0,2,9,10,Apartment,Furnished,Ready to Move,HSR Layout,8.0,8.8,4.0,2,16360000
1644,3,4,1.0,0.0,50,7,10,Independent House,Semi-Furnished,Under Construction,Sarjapur Road,3.7,19.1,1.0,2,5980000
1313,3,3,0.0,1.0,0,7,10,Apartment,Furnished,Ready to Move,Yelahanka,4.0,18.4,5.0,2,9270000
609,2,3,2.0,0.0,1,14,20,Apartment,Furnished,Ready to Move,Jayanagar,5.1,5.1,3.0,0,7590000
940,2,2,0.0,0.0,2,2,20,Apartment,Semi-Furnished,Ready to Move,Jayanagar,8.3,3.6,2.0,0,10500000
657,2,2,3.0,1.0,7,4,5,Apartment,Furnished,Ready to Move,Whitefield,1.6,20.3,4.0,2,4140000
4023,5,6,1.0,2.0,10,3,7,Apartment,Semi-Furnished,Ready to Move,Indiranagar,10.0,4.4,4.0,2,64040000
766,2,3,1.0,2.0,11,17,25,Apartment,Semi-Furnished,Under Construction,Jayanagar,5.6,1.6,2.0,3,6830000
1354,3,3,0.0,1.0,0,2,5,Independent House,Semi-Furnished,Ready to Move,HSR Layout,3.9,8.6,5.0,2,19120000
1472,3,4,3.0,1.0,8,22,25,Apartment,Semi-Furnished,Ready to Move,HSR Layout,3.3,8.2,6.0,1,17260000
895,2,3,2.0,1.0,7,10,10,Apartment,Semi-Furnished,Ready to Move,Electronic City,2.6,22.1,3.0,3,5310000
1318,3,3,3.0,2.0,5,3,3,Apartment,Furnished,Under Construction,Whitefield,5.4,17.8,3.0,2,9430000
2168,4,5,2.0,2.0,3,5,7,Independent House,Semi-Furnished,Ready to Move,Electronic City,1.2,20.4,2.0,4,17360000
1827,3,4,1.0,0.0,12,8,10,Apartment,Semi-Furnished,Ready to Move,HSR Layout,4.5,9.5,3.0,2,17890000
2307,4,5,1.0,1.0,3,8,15,Apartment,Semi-Furnished,Under Construction,Electronic City,2.6,23.9,2.0,2,11350000
1230,2,2,1.0,0.0,2,6,7,Apartment,Unfurnished,Under Construction,Whitefield,5.5,20.3,7.0,2,7350000
434,1,1,2.0,1.0,2,2,7,Apartment,Unfurnished,Under Construction,Yelahanka,4.4,24.0,0.0,1,1830000
2126,4,4,3.0,1.0,4,14,20,Apartment,Unfurnished,Ready to Move,Marathahalli,4.2,10.2,6.0,2,14590000
2062,4,4,1.0,1.0,1,1,3,Villa,Semi-Furnished,Ready to Move,Marathahalli,5.5,16.7,4.0,2,18340000
2996,5,6,2.0,2.0,7,10,10,Villa,Furnished,Ready to Move,Hebbal,6.0,11.8,1.0,0,47000000
1785,3,3,3.0,1.0,17,4,10,Apartment,Semi-Furnished,Ready to Move,Jayanagar,6.0,1.8,5.0,2,21000000
1911,4,5,1.0,2.0,7,1,3,Villa,Furnished,Ready to Move,Whitefield,5.7,18.9,3.0,0,21170000
1837,4,4,2.0,0.0,4,1,3,Villa,Unfurnished,Ready to Move,Jayanagar,4.7,1.5,5.0,4,26260000
2213,4,5,1.0,0.0,12,1,7,Apartment,Semi-Furnished,Ready to Move,Marathahalli,4.7,14.2,4.0,1,14310000
902,3,3,2.0,1.0,11,1,5,Apartment,Semi-Furnished,Under Construction,Sarjapur Road,1.9,17.1,3.0,3,4680000
904,2,2,1.0,0.0,3,10,10,Apartment,Unfurnished,Under Construction,Indiranagar,8.9,2.9,5.0,3,9740000
1946,4,5,1.0,2.0,7,1,10,Apartment,Furnished,Ready to Move,Koramangala,9.8,1.0,1.0,0,31250000
775,2,2,0.0,0.0,10,7,10,Villa,Unfurnished,Ready to Move,HSR Layout,6.7,13.1,1.0,3,9630000
1695,3,3,3.0,1.0,2,9,10,Independent House,Unfurnished,Under Construction,Electronic City,3.3,21.5,6.0,2,9790000
748,2,2,2.0,0.0,3,3,7,Independent House,Semi-Furnished,Ready to Move,Marathahalli,4.3,14.6,2.0,3,6000000
1361,3,3,0.0,1.0,0,2,5,Villa,Furnished,Ready to Move,Marathahalli,5.0,14.5,3.0,1,16310000
1482,3,4,3.0,2.0,35,2,5,Apartment,Semi-Furnished,Under Construction,Electronic City,6.5,22.3,4.0,2,5640000
698,1,2,2.0,2.0,0,4,7,Apartment,Unfurnished,Ready to Move,Banashankari,5.6,7.0,2.0,2,5750000
1995,4,4,2.0,1.0,1,17,20,Independent House,Unfurnished,Ready to Move,Marathahalli,3.2,18.6,3.0,1,14200000
1127,2,2,0.0,2.0,5,4,5,Apartment,Unfurnished,Under Construction,HSR Layout,6.0,16.7,3.0,3,10510000
1596,3,4,1.0,1.0,16,6,7,Villa,Unfurnished,Ready to Move,Whitefield,3.0,24.3,2.0,2,13350000
973,2,3,2.0,1.0,3,2,15,Independent House,Furnished,Ready to Move,Koramangala,6.1,4.1,2.0,1,18090000
430,1,2,0.0,2.0,11,6,15,Villa,Furnished,Under Construction,HSR Layout,2.7,9.9,3.0,2,6000000
677,2,3,1.0,1.0,9,15,25,Independent House,Furnished,Ready to Move,Koramangala,7.3,7.3,3.0,2,13220000
1429,3,3,1.0,1.0,8,2,5,Apartment,Furnished,Ready to Move,Koramangala,5.9,1.7,6.0,1,23740000
490,1,1,1.0,1.0,14,2,3,Villa,Furnished,Under Construction,HSR Layout,6.5,15.1,2.0,3,5920000
2367,4,4,1.0,1.0,0,6,7,Independent House,Furnished,Ready to Move,Koramangala,7.2,6.4,4.0,1,57920000
1091,2,2,3.0,0.0,21,1,5,Apartment,Furnished,Ready to Move,Yelahanka,1.4,15.2,0.0,1,4820000
914,2,3,1.0,0.0,14,7,10,Villa,Furnished,Ready to Move,Whitefield,1.2,20.8,1.0,0,8770000
730,2,3,1.0,2.0,22,20,20,Apartment,Semi-Furnished,Ready to Move,Jayanagar,6.1,7.9,8.0,2,8060000
606,1,2,1.0,1.0,12,1,10,Independent House,Semi-Furnished,Under Construction,Electronic City,0.7,20.7,5.0,5,2860000
1114,3,3,2.0,1.0,16,1,5,Apartment,Semi-Furnished,Under Construction,Banashankari,5.7,11.1,4.0,3,7170000
1696,4,5,2.0,2.0,1,1,5,Apartment,Semi-Furnished,Ready to Move,Whitefield,4.7,23.8,1.0,0,11960000
1125,3,3,2.0,1.0,3,14,20,Apartment,Semi-Furnished,Ready to Move,Electronic City,3.0,21.2,3.0,4,6960000
923,2,2,0.0,1.0,3,7,10,Villa,Semi-Furnished,Ready to Move,Banashankari,6.8,6.6,2.0,0,10950000
1172,2,2,1.0,2.0,0,10,20,Apartment,Semi-Furnished,Ready to Move,Hebbal,5.0,11.7,0.0,2,10930000
1398,3,4,2.0,2.0,10,13,15,Apartment,Unfurnished,Ready to Move,Hebbal,5.6,8.5,6.0,1,11030000
2551,5,5,3.0,1.0,1,13,25,Apartment,Unfurnished,Ready to Move,HSR Layout,7.4,5.0,2.0,0,30880000
660,2,3,2.0,1.0,0,19,20,Independent House,Furnished,Under Construction,Koramangala,7.2,2.7,0.0,6,12450000
1554,3,3,0.0,1.0,11,3,7,Apartment,Semi-Furnished,Ready to Move,Marathahalli,,11.1,2.0,3,10400000
801,2,2,1.0,1.0,18,8,15,Apartment,Semi-Furnished,Under Construction,Yelahanka,3.1,21.3,6.0,0,3480000
972,2,3,0.0,1.0,11,7,10,Independent House,Furnished,Ready to Move,Jayanagar,4.6,4.6,2.0,0,14180000
1300,3,3,2.0,1.0,13,1,5,Apartment,Unfurnished,Under Construction,Marathahalli,6.7,15.4,1.0,3,6680000
642,1,1,0.0,1.0,7,1,5,Independent House,Semi-Furnished,Under Construction,HSR Layout,6.6,8.1,2.0,2,7050000
1355,3,3,1.0,0.0,17,4,7,Apartment,Unfurnished,Ready to Move,Sarjapur Road,3.4,23.3,2.0,2,7080000
938,2,3,1.0,1.0,5,4,5,Villa,Furnished,Ready to Move,Koramangala,10.0,3.4,7.0,3,19560000
1536,3,3,1.0,2.0,35,5,5,Apartment,Semi-Furnished,Ready to Move,Electronic City,1.7,18.3,5.0,1,7350000
781,1,1,1.0,0.0,0,1,10,Apartment,Semi-Furnished,Ready to Move,Indiranagar,10.0,7.0,1.0,1,11300000
3297,5,5,1.0,0.0,13,5,25,Villa,Furnished,Ready to Move,Jayanagar,7.9,6.8,4.0,3,61950000
933,2,2,2.0,1.0,8,4,10,Apartment,Furnished,Ready to Move,HSR Layout,8.0,13.6,6.0,1,10350000
2001,4,4,1.0,1.0,6,4,7,Independent House,Semi-Furnished,Ready to Move,Whitefield,4.1,19.5,2.0,1,19310000
1790,4,5,1.0,0.0,10,3,5,Apartment,Furnished,Ready to Move,Marathahalli,4.1,14.3,3.0,0,14960000
2268,5,6,1.0,0.0,14,1,5,Apartment,Semi-Furnished,Ready to Move,HSR Layout,5.8,5.5,4.0,3,26190000
1245,3,3,1.0,1.0,15,5,10,Apartment,Semi-Furnished,Under Construction,Marathahalli,5.5,16.5,2.0,4,7420000
1183,3,4,2.0,2.0,1,8,15,Independent House,Semi-Furnished,Ready to Move,Koramangala,8.6,4.2,3.0,1,21920000
1074,2,3,1.0,0.0,1,2,7,Apartment,Unfurnished,Ready to Move,Indiranagar,7.8,4.6,3.0,4,12670000
746,2,3,2.0,1.0,0,6,10,Apartment,Unfurnished,Ready to Move,Jayanagar,5.9,5.3,2.0,0,8220000
1203,2,2,2.0,1.0,1,12,15,Apartment,Furnished,Ready to Move,Whitefield,4.3,19.2,4.0,0,10870000
1092,2,2,2.0,0.0,2,1,3,Apartment,Unfurnished,Ready to Move,Electronic City,2.8,24.5,2.0,1,5420000
2811,5,6,1.0,1.0,10,5,7,Apartment,Semi-Furnished,Ready to Move,Koramangala,10.0,1.2,2.0,2,39440000
550,1,1,1.0,1.0,5,6,15,Independent House,Unfurnished,Ready to Move,Whitefield,5.5,22.2,6.0,2,3980000
1243,3,3,2.0,2.0,11,9,10,Apartment,Semi-Furnished,Ready to Move,Banashankari,5.9,3.2,2.0,1,9930000
1475,3,4,1.0,1.0,5,1,3,Independent House,Semi-Furnished,Ready to Move,Electronic City,3.7,16.3,1.0,5,9710000
1704,3,3,1.0,1.0,6,5,5,Apartment,Furnished,Ready to Move,Hebbal,3.8,16.2,4.0,3,15920000
1203,3,3,2.0,1.0,0,3,10,Villa,Furnished,Ready to Move,HSR Layout,7.4,6.9,1.0,2,23920000
658,2,2,0.0,2.0,11,6,7,Independent House,Furnished,Ready to Move,Sarjapur Road,0.5,18.3,1.0,3,5240000
1596,3,4,1.0,0.0,11,11,15,Apartment,Semi-Furnished,Ready to Move,Sarjapur Road,3.9,17.2,2.0,4,10090000
1011,2,2,2.0,1.0,2,3,3,Independent House,Furnished,Ready to Move,Marathahalli,2.8,15.0,6.0,1,9180000
1551,4,5,3.0,2.0,3,4,5,Apartment,Semi-Furnished,Ready to Move,Indiranagar,7.3,5.2,3.0,0,27080000
1194,3,4,2.0,2.0,1,4,7,Independent House,Semi-Furnished,Ready to Move,Electronic City,2.6,25.1,1.0,3,7880000
2318,5,5,1.0,1.0,13,5,20,Villa,Unfurnished,Ready to Move,Electronic City,3.2,17.7,4.0,1,15960000
470,1,1,1.0,1.0,10,8,15,Apartment,Furnished,Under Construction,Yelahanka,3.0,18.0,5.0,2,2180000
888,2,2,0.0,1.0,7,17,20,Apartment,Unfurnished,Ready to Move,Hebbal,6.2,11.8,3.0,3,6370000
899,2,3,1.0,1.0,2,2,7,Apartment,Semi-Furnished,Under Construction,Banashankari,4.4,3.4,7.0,1,6630000
478,1,1,2.0,1.0,1,7,15,Apartment,Furnished,Ready to Move,Koramangala,7.8,2.4,2.0,2,7930000
805,2,3,0.0,1.0,0,18,20,Apartment,Semi-Furnished,Ready to Move,Sarjapur Road,1.6,13.2,3.0,2,5230000
1335,3,3,1.0,2.0,0,3,7,Apartment,Unfurnished,Ready to Move,Yelahanka,1.1,11.0,1.0,2,5670000
981,2,2,3.0,1.0,1,21,25,Apartment,Semi-Furnished,Ready to Move,Koramangala,8.4,2.7,4.0,2,15060000
1311,3,3,2.0,1.0,0,10,20,Independent House,Furnished,Ready to Move,Whitefield,5.3,23.6,2.0,3,15000000
2463,4,5,2.0,2.0,6,7,25,Apartment,Unfurnished,Under Construction,Sarjapur Road,3.3,18.9,1.0,2,11260000
1542,3,3,2.0,2.0,3,9,20,Apartment,Semi-Furnished,Ready to Move,Marathahalli,5.4,17.9,4.0,0,12190000
647,2,2,2.0,1.0,4,12,15,Villa,Furnished,Ready to Move,Hebbal,2.9,12.2,7.0,2,8160000
1049,2,3,0.0,1.0,7,12,20,Apartment,Furnished,Under Construction,Koramangala,8.6,8.6,4.0,1,15390000
1569,3,3,1.0,1.0,8,5,7,Apartment,Semi-Furnished,Under Construction,Hebbal,3.7,16.3,2.0,0,14620000
867,2,2,1.0,0.0,8,11,15,Apartment,Unfurnished,Ready to Move,HSR Layout,4.9,7.2,2.0,3,7250000
981,3,4,1.0,0.0,2,1,5,Independent House,Semi-Furnished,Ready to Move,Koramangala,6.9,4.2,4.0,1,16190000
951,2,3,2.0,1.0,13,15,15,Independent House,Semi-Furnished,Under Construction,Koramangala,7.9,1.8,2.0,3,12900000
1996,4,4,1.0,0.0,19,11,15,Apartment,Furnished,Ready to Move,Hebbal,5.7,11.6,4.0,0,17310000
1085,3,3,0.0,1.0,3,15,15,Villa,Furnished,Ready to Move,Marathahalli,4.5,19.0,2.0,2,13730000
993,3,4,1.0,1.0,0,3,15,Apartment,Furnished,Under Construction,Jayanagar,6.2,4.1,3.0,1,10310000
933,2,2,1.0,1.0,18,5,7,Villa,Semi-Furnished,Under Construction,Electronic City,4.3,18.4,4.0,1,5880000
905,2,3,2.0,0.0,20,3,10,Villa,Semi-Furnished,Ready to Move,Yelahanka,5.5,12.6,5.0,2,4890000
1283,3,3,2.0,0.0,0,3,3,Villa,Unfurnished,Ready to Move,Electronic City,3.2,20.8,0.0,2,8670000
1376,3,3,2.0,0.0,0,3,5,Apartment,Semi-Furnished,Under Construction,Hebbal,5.1,23.2,2.0,2,11460000
740,2,2,1.0,0.0,13,1,10,Apartment,Furnished,Ready to Move,Indiranagar,7.7,9.4,1.0,2,12060000
867,2,2,2.0,2.0,2,8,10,Apartment,Semi-Furnished,Ready to Move,Electronic City,2.7,13.4,2.0,1,5540000
1051,2,3,2.0,1.0,19,4,5,Independent House,Semi-Furnished,Under Construction,Indiranagar,10.0,4.9,3.0,1,15200000
1302,3,3,2.0,1.0,1,3,5,Apartment,Unfurnished,Ready to Move,Electronic City,5.2,20.1,1.0,2,7340000
632,2,2,3.0,0.0,15,6,7,Independent House,Unfurnished,Under Construction,Sarjapur Road,3.4,21.0,1.0,0,2850000
1267,3,4,3.0,1.0,0,10,15,Independent House,Semi-Furnished,Under Construction,Jayanagar,7.4,2.5,4.0,5,16880000
1100,3,3,3.0,1.0,2,8,10,Apartment,Furnished,Under Construction,HSR Layout,7.7,6.9,1.0,3,11910000
1474,3,4,2.0,0.0,28,2,3,Villa,Unfurnished,Under Construction,Yelahanka,2.3,14.3,1.0,3,6800000
2127,4,5,3.0,2.0,2,2,15,Villa,Unfurnished,Ready to Move,Electronic City,1.4,19.9,4.0,0,15660000
1336,4,5,1.0,2.0,1,7,7,Independent House,Semi-Furnished,Under Construction,Jayanagar,7.7,8.0,6.0,1,18740000
1612,3,4,2.0,1.0,15,4,10,Independent House,Unfurnished,Under Construction,Yelahanka,4.3,15.0,4.0,0,7080000
427,1,1,3.0,1.0,1,4,5,Villa,Unfurnished,Under Construction,Marathahalli,5.1,17.0,5.0,0,2760000
1246,2,3,3.0,1.0,0,21,25,Apartment,Unfurnished,Under Construction,Whitefield,3.8,17.6,1.0,3,8270000
1386,3,4,2.0,1.0,3,2,3,Independent House,Semi-Furnished,Under Construction,Yelahanka,5.3,18.6,4.0,1,7430000
1051,3,4,1.0,2.0,8,15,15,Apartment,Semi-Furnished,Ready to Move,Marathahalli,4.4,10.5,3.0,2,6790000
1080,3,3,1.0,0.0,9,3,10,Independent House,Furnished,Ready to Move,Electronic City,1.6,23.8,3.0,1,6960000
1016,2,3,1.0,1.0,17,2,3,Independent House,Semi-Furnished,Ready to Move,Koramangala,5.6,2.5,3.0,0,13540000
1290,3,4,2.0,1.0,6,2,3,Apartment,Semi-Furnished,Ready to Move,Hebbal,4.6,14.7,4.0,4,9630000
931,2,3,1.0,1.0,3,2,7,Villa,Unfurnished,Ready to Move,Marathahalli,4.3,6.7,3.0,2,7640000
1851,3,3,1.0,2.0,3,15,15,Apartment,Semi-Furnished,Ready to Move,Jayanagar,6.2,3.7,2.0,3,23700000
817,2,2,2.0,1.0,15,3,3,Apartment,Semi-Furnished,Under Construction,Yelahanka,6.0,19.5,3.0,0,2770000
1416,3,4,2.0,0.0,10,12,15,Apartment,Unfurnished,Ready to Move,Hebbal,5.6,11.4,5.0,1,11160000
706,1,1,3.0,1.0,18,1,10,Independent House,Semi-Furnished,Ready to Move,Koramangala,6.5,1.0,0.0,3,9130000
1001,2,2,2.0,0.0,26,1,7,Independent House,Unfurnished,Under Construction,Electronic City,0.0,19.9,0.0,2,3790000
950,3,4,2.0,0.0,2,3,3,Independent House,Semi-Furnished,Ready to Move,HSR Layout,6.7,11.2,2.0,5,10790000
1046,2,2,2.0,1.0,6,20,20,Apartment,Semi-Furnished,Ready to Move,Sarjapur Road,5.2,15.6,4.0,0,7310000
1074,3,3,2.0,1.0,7,1,7,Independent House,Semi-Furnished,Ready to Move,Whitefield,7.1,23.5,6.0,2,9910000
1793,3,3,1.0,1.0,1,4,5,Villa,Furnished,Ready to Move,Jayanagar,6.4,9.3,4.0,0,33550000
1169,3,3,1.0,1.0,0,5,10,Apartment,Furnished,Under Construction,Sarjapur Road,6.2,20.0,0.0,5,7240000
1514,2,2,3.0,0.0,16,1,5,Apartment,Furnished,Under Construction,Yelahanka,1.0,19.1,2.0,0,6550000
1810,3,3,2.0,1.0,6,3,10,Apartment,Furnished,Under Construction,Electronic City,2.8,20.5,1.0,6,11140000
1176,3,3,2.0,0.0,6,3,3,Independent House,Unfurnished,Under Construction,Hebbal,3.5,16.5,5.0,0,9460000
1405,3,4,1.0,2.0,6,6,25,Villa,Semi-Furnished,Ready to Move,Whitefield,5.5,23.2,4.0,2,13410000
1611,3,4,1.0,1.0,11,5,7,Villa,Unfurnished,Under Construction,Hebbal,3.0,11.6,3.0,2,14980000
1098,2,2,2.0,1.0,1,3,25,Apartment,Unfurnished,Under Construction,Koramangala,8.6,1.0,2.0,3,12220000
1034,2,2,0.0,2.0,7,3,7,Villa,Semi-Furnished,Under Construction,Electronic City,1.5,14.9,3.0,3,7170000
1187,2,2,1.0,1.0,5,6,7,Apartment,Furnished,Ready to Move,Hebbal,7.6,15.0,1.0,1,9870000
536,1,2,1.0,1.0,18,6,20,Apartment,Semi-Furnished,Ready to Move,Koramangala,7.4,1.0,4.0,5,5110000
880,2,3,1.0,2.0,5,5,7,Villa,Semi-Furnished,Ready to Move,HSR Layout,6.9,7.2,1.0,3,12350000
1302,3,3,2.0,1.0,22,2,7,Apartment,Semi-Furnished,Ready to Move,Sarjapur Road,1.0,19.4,4.0,0,6670000
1640,3,3,3.0,2.0,3,1,3,Independent House,Semi-Furnished,Ready to Move,Sarjapur Road,1.4,14.1,3.0,1,13420000
1019,2,3,2.0,0.0,27,21,25,Apartment,Furnished,Ready to Move,Marathahalli,2.8,21.3,7.0,4,6620000
2963,5,6,2.0,1.0,16,1,3,Villa,Semi-Furnished,Ready to Move,Sarjapur Road,4.9,18.7,2.0,3,28300000
1622,3,3,2.0,2.0,7,3,15,Apartment,Furnished,Ready to Move,Jayanagar,7.7,10.4,3.0,2,22320000
1179,4,5,2.0,0.0,3,10,10,Apartment,Unfurnished,Ready to Move,HSR Layout,8.0,13.1,5.0,2,12950000
1486,3,4,0.0,1.0,3,3,3,Apartment,Furnished,Ready to Move,Electronic City,1.1,14.4,3.0,4,9660000
1461,3,4,0.0,2.0,11,1,3,Apartment,Unfurnished,Under Construction,Koramangala,8.8,6.2,2.0,1,17160000
733,1,1,2.0,2.0,6,20,20,Independent House,Semi-Furnished,Under Construction,Yelahanka,2.2,16.0,1.0,2,3680000
659,2,3,1.0,1.0,4,2,15,Apartment,Furnished,Ready to Move,Marathahalli,2.8,13.8,1.0,0,4770000
721,1,1,2.0,2.0,8,10,10,Independent House,Semi-Furnished,Under Construction,Electronic City,2.5,21.9,2.0,2,3900000
1421,3,4,1.0,1.0,10,3,7,Independent House,Semi-Furnished,Ready to Move,Indiranagar,8.5,8.2,3.0,2,22920000
1042,2,2,2.0,1.0,0,3,5,Apartment,Semi-Furnished,Ready to Move,Yelahanka,4.0,20.9,0.0,4,4830000
1869,3,3,3.0,1.0,0,3,10,Apartment,Unfurnished,Ready to Move,Koramangala,9.7,1.0,6.0,0,26530000
1056,2,3,0.0,1.0,0,3,10,Villa,Unfurnished,Ready to Move,Marathahalli,4.8,14.2,0.0,3,8790000
2160,4,4,1.0,1.0,2,10,15,Independent House,Unfurnished,Ready to Move,Jayanagar,7.6,10.2,1.0,3,27610000
996,2,2,2.0,1.0,4,6,7,Independent House,Unfurnished,Ready to Move,Marathahalli,6.7,13.4,5.0,1,7680000
858,2,2,1.0,1.0,13,13,25,Apartment,Furnished,Ready to Move,Whitefield,5.4,20.6,2.0,1,6130000
944,2,2,1.0,1.0,3,2,3,Independent House,Furnished,Under Construction,Yelahanka,2.7,16.7,2.0,0,5680000
814,2,2,2.0,2.0,0,2,3,Apartment,Semi-Furnished,Ready to Move,Yelahanka,3.9,22.3,,2,4520000
941,2,3,3.0,1.0,5,9,20,Independent House,Furnished,Under Construction,Jayanagar,9.2,8.2,3.0,2,13990000
745,3,3,2.0,1.0,45,8,10,Independent House,Unfurnished,Ready to Move,Sarjapur Road,2.4,24.2,7.0,0,3370000
597,1,1,1.0,2.0,3,2,7,Apartment,Unfurnished,Ready to Move,Yelahanka,2.4,21.2,4.0,2,2680000
926,2,2,1.0,1.0,26,7,15,Apartment,Furnished,Under Construction,Sarjapur Road,5.8,17.3,3.0,2,5780000
1865,4,4,1.0,2.0,0,2,10,Apartment,Semi-Furnished,Under Construction,Koramangala,7.6,4.9,2.0,4,27950000
574,1,1,1.0,0.0,1,2,3,Apartment,Unfurnished,Ready to Move,Marathahalli,5.1,20.2,1.0,1,3150000
1426,4,4,1.0,1.0,10,2,10,Independent House,Semi-Furnished,Ready to Move,Marathahalli,5.9,10.6,1.0,4,11930000
3880,5,5,1.0,0.0,5,1,5,Apartment,Furnished,Ready to Move,Indiranagar,6.8,7.3,3.0,0,77850000
538,1,1,3.0,0.0,11,1,5,Apartment,Semi-Furnished,Ready to Move,Sarjapur Road,3.1,20.3,10.0,3,2680000
922,2,3,2.0,1.0,15,3,5,Apartment,Unfurnished,Ready to Move,Yelahanka,4.8,15.2,2.0,2,4060000
766,2,3,2.0,1.0,2,7,10,Independent House,Semi-Furnished,Ready to Move,Yelahanka,2.8,14.9,2.0,2,3860000
1406,3,3,3.0,2.0,9,2,3,Villa,Semi-Furnished,Ready to Move,Indiranagar,5.6,4.3,3.0,0,29160000
1788,3,3,1.0,1.0,7,17,20,Apartment,Semi-Furnished,Ready to Move,Whitefield,3.6,22.1,2.0,2,13360000
1690,3,4,0.0,1.0,15,6,10,Apartment,Furnished,Ready to Move,Banashankari,5.9,12.4,0.0,1,14320000
1639,3,3,2.0,1.0,4,2,7,Independent House,Furnished,Under Construction,Hebbal,6.9,14.2,8.0,1,15740000
1053,2,3,3.0,1.0,0,9,10,Independent House,Furnished,Under Construction,Koramangala,8.1,1.0,3.0,2,19050000
1856,4,4,2.0,2.0,6,12,15,Apartment,Semi-Furnished,Ready to Move,Yelahanka,3.7,20.5,3.0,2,11050000
993,3,3,0.0,1.0,25,1,10,Apartment,Semi-Furnished,Ready to Move,Hebbal,4.4,15.6,4.0,3,6990000
1343,3,4,2.0,0.0,0,2,5,Apartment,Semi-Furnished,Ready to Move,Jayanagar,8.0,5.3,3.0,1,15960000
1905,4,5,0.0,1.0,2,2,5,Apartment,Semi-Furnished,Ready to Move,Marathahalli,6.1,12.0,2.0,3,14480000
1693,3,3,1.0,1.0,3,16,20,Apartment,Unfurnished,Ready to Move,Electronic City,4.5,19.3,2.0,4,8360000
1008,2,2,1.0,1.0,11,2,5,Independent House,Semi-Furnished,Under Construction,Whitefield,4.2,23.2,3.0,2,8040000
1256,2,2,3.0,2.0,3,3,3,Apartment,Unfurnished,Ready to Move,Electronic City,4.0,16.4,4.0,1,6830000
1735,3,4,1.0,1.0,2,4,10,Independent House,Furnished,Ready to Move,Hebbal,6.4,15.3,1.0,2,18350000
499,1,2,2.0,1.0,8,3,5,Apartment,Semi-Furnished,Ready to Move,Whitefield,4.4,18.6,3.0,3,4090000
1794,5,5,1.0,1.0,0,23,25,Villa,Furnished,Ready to Move,Electronic City,4.5,22.9,2.0,2,18200000
1213,2,2,1.0,0.0,1,5,20,Villa,Semi-Furnished,Ready to Move,Electronic City,3.9,11.7,4.0,2,9540000
1780,3,3,3.0,1.0,4,5,10,Apartment,Furnished,Under Construction,Jayanagar,8.8,1.0,3.0,4,22360000
1017,3,3,1.0,1.0,3,7,15,Apartment,Unfurnished,Ready to Move,Yelahanka,4.1,14.0,3.0,2,4950000
716,1,1,2.0,1.0,3,7,10,Villa,Furnished,Ready to Move,Electronic City,2.6,19.3,5.0,3,5370000
2152,4,5,1.0,1.0,0,7,15,Apartment,Unfurnished,Ready to Move,Electronic City,5.4,24.3,2.0,2,14890000
2064,4,4,2.0,2.0,3,9,10,Apartment,Semi-Furnished,Ready to Move,Sarjapur Road,4.4,18.9,4.0,3,14170000
1852,3,3,0.0,0.0,12,1,3,Apartment,Unfurnished,Ready to Move,Indiranagar,8.5,10.8,1.0,2,22720000
1205,2,3,1.0,1.0,4,1,20,Independent House,Semi-Furnished,Ready to Move,HSR Layout,4.3,11.5,4.0,4,14600000
1073,2,2,2.0,2.0,7,3,20,Apartment,Furnished,Ready to Move,Indiranagar,9.0,3.0,2.0,1,18230000
1039,2,2,1.0,2.0,1,16,25,Independent House,Furnished,Under Construction,Koramangala,10.0,7.7,2.0,1,18130000
1067,2,2,0.0,1.0,0,6,15,Apartment,Unfurnished,Under Construction,Koramangala,3.9,2.6,2.0,3,11630000
1287,3,3,2.0,2.0,16,2,7,Independent House,Semi-Furnished,Ready to Move,Jayanagar,2.6,4.4,1.0,0,15230000
2769,5,6,1.0,0.0,3,1,5,Apartment,Furnished,Ready to Move,Electronic City,4.5,22.0,3.0,0,20360000
1147,3,4,0.0,1.0,3,1,5,Independent House,Semi-Furnished,Under Construction,Yelahanka,3.4,20.9,3.0,3,6710000
1866,4,4,2.0,2.0,16,5,5,Apartment,Unfurnished,Ready to Move,Electronic City,4.3,25.2,2.0,1,8960000
1297,3,3,3.0,2.0,9,2,5,Villa,Semi-Furnished,Under Construction,Marathahalli,3.2,17.1,4.0,3,12130000
1222,3,3,0.0,1.0,11,3,10,Villa,Semi-Furnished,Ready to Move,Marathahalli,0.8,19.9,5.0,0,8590000
2054,4,4,2.0,0.0,9,2,10,Apartment,Unfurnished,Ready to Move,Whitefield,3.1,23.0,3.0,3,13290000
1309,3,3,2.0,0.0,0,5,7,Apartment,Semi-Furnished,Ready to Move,Marathahalli,6.3,10.3,3.0,3,9200000
2200,4,4,0.0,1.0,25,3,10,Apartment,Semi-Furnished,Ready to Move,Koramangala,7.3,5.6,3.0,2,28410000
641,2,2,0.0,2.0,19,7,7,Apartment,Unfurnished,Ready to Move,Banashankari,4.0,12.9,2.0,2,4140000
928,2,2,1.0,1.0,2,7,10,Independent House,Semi-Furnished,Ready to Move,Koramangala,4.1,1.0,1.0,2,13660000
2052,4,5,2.0,1.0,13,15,25,Apartment,Furnished,Ready to Move,Electronic City,0.6,22.0,7.0,2,13490000
1313,3,4,1.0,1.0,4,1,10,Apartment,Semi-Furnished,Under Construction,Whitefield,6.0,16.8,4.0,1,9230000
1931,4,5,2.0,2.0,9,3,3,Villa,Unfurnished,Ready to Move,Banashankari,4.3,8.4,1.0,1,19590000
1365,4,4,2.0,0.0,1,5,10,Apartment,Semi-Furnished,Ready to Move,Jayanagar,8.2,9.4,4.0,1,16740000
589,1,2,1.0,1.0,6,10,15,Apartment,Unfurnished,Under Construction,Marathahalli,2.9,18.0,5.0,0,3320000
1581,3,4,1.0,2.0,1,5,10,Apartment,Furnished,Ready to Move,Whitefield,2.1,19.4,5.0,2,17210000
1043,2,3,3.0,1.0,6,22,25,Independent House,Furnished,Ready to Move,Sarjapur Road,3.3,20.0,1.0,1,7710000
1690,3,3,1.0,2.0,2,3,3,Independent House,Furnished,Under Construction,HSR Layout,5.5,5.5,3.0,3,26460000
1456,3,4,1.0,1.0,4,3,7,Independent House,Semi-Furnished,Ready to Move,Yelahanka,1.8,10.8,2.0,2,9630000
1040,2,2,2.0,0.0,8,1,5,Apartment,Semi-Furnished,Under Construction,HSR Layout,5.1,13.4,1.0,2,9780000
1443,3,4,0.0,1.0,16,6,15,Independent House,Furnished,Ready to Move,Koramangala,7.8,1.0,3.0,0,22000000
1592,3,3,0.0,1.0,1,2,10,Apartment,Unfurnished,Ready to Move,Whitefield,3.6,17.9,4.0,1,11100000
650,2,3,0.0,1.0,17,2,5,Apartment,Unfurnished,Under Construction,Indiranagar,7.3,7.0,5.0,2,7740000
1642,4,5,1.0,1.0,3,3,7,Apartment,Semi-Furnished,Ready to Move,Jayanagar,9.4,6.7,3.0,2,19160000
1844,3,3,0.0,1.0,14,5,10,Apartment,Furnished,Ready to Move,Whitefield,5.0,11.5,4.0,1,15560000
1015,4,4,2.0,1.0,5,17,25,Apartment,Semi-Furnished,Ready to Move,Sarjapur Road,3.9,19.6,4.0,1,6460000
923,2,2,3.0,,15,7,7,Apartment,Semi-Furnished,Ready to Move,Indiranagar,8.6,2.4,4.0,2,14660000
1172,2,2,0.0,1.0,8,1,5,Apartment,Semi-Furnished,Ready to Move,Jayanagar,7.7,6.4,2.0,3,14800000
1373,3,3,1.0,1.0,5,8,10,Apartment,Semi-Furnished,Ready to Move,Indiranagar,9.5,3.1,6.0,2,23740000
505,1,1,0.0,1.0,2,3,7,Villa,Unfurnished,Ready to Move,Electronic City,1.8,19.9,1.0,1,3160000
2872,5,6,0.0,0.0,27,6,10,Apartment,Semi-Furnished,Ready to Move,Jayanagar,4.4,1.0,3.0,5,28980000
511,1,1,1.0,1.0,12,1,10,Villa,Semi-Furnished,Ready to Move,Koramangala,4.6,2.9,2.0,2,7950000
1408,3,4,1.0,1.0,3,7,10,Apartment,Semi-Furnished,Ready to Move,Koramangala,10.0,7.7,3.0,1,21010000
1208,3,4,,0.0,1,10,20,Independent House,Semi-Furnished,Ready to Move,Hebbal,4.3,10.7,2.0,1,12330000
1160,2,3,1.0,1.0,12,3,5,Apartment,Semi-Furnished,Ready to Move,Yelahanka,3.9,14.9,3.0,3,5910000
706,1,2,1.0,1.0,36,7,15,Apartment,Furnished,Ready to Move,Electronic City,3.6,19.9,2.0,2,2980000
1362,3,3,1.0,1.0,2,15,20,Apartment,Semi-Furnished,Ready to Move,HSR Layout,7.7,6.1,5.0,2,17430000
1011,3,4,0.0,1.0,19,3,7,Villa,Semi-Furnished,Ready to Move,Marathahalli,3.9,11.0,2.0,1,10290000
850,2,2,2.0,1.0,1,2,5,Independent House,Furnished,Under Construction,Electronic City,1.3,22.7,4.0,1,5730000
1926,4,5,0.0,0.0,24,14,15,Apartment,Furnished,Ready to Move,Whitefield,2.8,27.4,3.0,3,15340000
1046,2,3,3.0,2.0,10,15,15,Apartment,Semi-Furnished,Under Construction,Koramangala,7.5,6.9,1.0,3,11000000
758,2,3,0.0,0.0,3,3,5,Independent House,Unfurnished,Ready to Move,Sarjapur Road,1.3,19.9,5.0,4,4850000
1184,3,3,2.0,1.0,2,5,7,Villa,Semi-Furnished,Ready to Move,Marathahalli,2.7,20.0,2.0,2,10820000
1047,2,2,3.0,2.0,8,10,10,Apartment,Unfurnished,Ready to Move,Whitefield,2.5,21.4,1.0,1,7590000
2375,4,5,0.0,1.0,7,2,5,Apartment,Unfurnished,Ready to Move,HSR Layout,5.8,13.2,5.0,2,27890000
831,2,3,1.0,1.0,20,14,15,Apartment,Semi-Furnished,Ready to Move,HSR Layout,5.6,10.6,2.0,0,8160000
403,1,1,2.0,1.0,11,2,10,Villa,Furnished,Ready to Move,Marathahalli,4.2,15.4,3.0,1,3470000
1573,2,3,0.0,0.0,6,1,20,Apartment,Semi-Furnished,Ready to Move,Whitefield,5.6,15.8,2.0,4,10240000
1619,3,3,2.0,1.0,21,3,10,Independent House,Unfurnished,Ready to Move,Whitefield,4.0,19.1,2.0,3,9600000
1325,3,4,0.0,1.0,7,4,10,Apartment,Unfurnished,Under Construction,Hebbal,2.7,10.3,1.0,1,8520000
1643,3,4,1.0,1.0,15,3,10,Apartment,Semi-Furnished,Ready to Move,Koramangala,4.9,2.2,4.0,2,20090000
536,1,1,1.0,0.0,14,3,7,Apartment,Semi-Furnished,Ready to Move,Marathahalli,4.2,12.0,3.0,1,3380000
1114,2,2,3.0,2.0,20,8,15,Independent House,Furnished,Under Construction,HSR Layout,5.3,14.3,1.0,1,14140000
2063,4,5,1.0,1.0,0,1,10,Independent House,Furnished,Under Construction,Whitefield,4.1,18.9,2.0,3,23560000
560,1,1,0.0,0.0,7,5,15,Apartment,Furnished,Ready to Move,HSR Layout,6.8,9.6,4.0,3,5910000
1954,4,4,2.0,1.0,5,7,15,Villa,Semi-Furnished,Under Construction,Sarjapur Road,5.8,24.8,4.0,4,14550000
390,1,2,1.0,1.0,5,9,10,Apartment,Semi-Furnished,Ready to Move,Hebbal,2.4,14.3,1.0,1,2850000
2775,4,5,1.0,1.0,4,1,5,Apartment,Unfurnished,Ready to Move,Hebbal,3.5,12.0,7.0,2,25830000
771,2,2,0.0,0.0,14,9,20,Apartment,Unfurnished,Under Construction,Electronic City,3.2,25.2,4.0,0,3190000
1019,3,3,2.0,0.0,3,4,7,Apartment,Unfurnished,Ready to Move,Marathahalli,2.3,12.0,0.0,0,7140000
909,2,2,2.0,2.0,4,16,25,Apartment,Unfurnished,Ready to Move,HSR Layout,4.1,8.7,7.0,1,9350000
444,1,2,1.0,0.0,1,7,7,Independent House,Unfurnished,Ready to Move,HSR Layout,8.3,8.9,4.0,2,5430000
940,2,2,1.0,0.0,2,2,5,Apartment,Furnished,Under Construction,Yelahanka,1.4,16.7,4.0,2,4460000
1080,2,3,2.0,2.0,8,5,20,Independent House,Semi-Furnished,Ready to Move,Whitefield,2.4,21.4,3.0,2,9120000
1139,2,3,2.0,1.0,0,6,15,Apartment,Furnished,Ready to Move,Whitefield,2.6,17.2,7.0,3,9130000
1628,3,3,1.0,1.0,1,4,15,Villa,Furnished,Ready to Move,HSR Layout,8.0,11.2,3.0,2,29540000
1314,3,3,0.0,1.0,6,2,3,Apartment,Furnished,Ready to Move,Whitefield,3.3,21.8,5.0,4,10750000
1413,3,4,1.0,1.0,0,15,20,Apartment,Furnished,Under Construction,Koramangala,5.9,2.6,6.0,3,22710000
1514,3,3,2.0,1.0,1,3,10,Apartment,Semi-Furnished,Ready to Move,Marathahalli,2.7,13.5,2.0,1,10750000
907,3,4,3.0,2.0,15,3,10,Apartment,Semi-Furnished,Ready to Move,Indiranagar,8.6,1.6,6.0,2,13870000
1058,2,3,0.0,1.0,14,9,20,Villa,Semi-Furnished,Ready to Move,Yelahanka,4.3,11.5,4.0,0,7120000
991,3,4,1.0,1.0,3,5,10,Apartment,Furnished,Ready to Move,Hebbal,6.2,8.6,5.0,1,10440000
1337,2,2,0.0,0.0,3,3,5,Independent House,Furnished,Under Construction,Electronic City,2.2,24.2,1.0,1,8320000
1838,4,4,1.0,1.0,22,3,10,Apartment,Furnished,Under Construction,HSR Layout,5.5,11.6,2.0,0,17100000
914,2,3,1.0,1.0,0,8,10,Apartment,Semi-Furnished,Ready to Move,Electronic City,6.5,27.8,1.0,3,5280000
465,1,2,3.0,0.0,6,14,20,Apartment,Semi-Furnished,Ready to Move,Marathahalli,5.5,14.1,3.0,7,2690000
1223,3,3,0.0,1.0,7,6,7,Independent House,Furnished,Ready to Move,HSR Layout,6.0,10.2,0.0,1,20160000
1382,2,2,2.0,0.0,12,13,15,Villa,Furnished,Ready to Move,Marathahalli,0.6,15.0,3.0,2,12460000
2376,4,4,1.0,1.0,24,3,15,Apartment,Semi-Furnished,Under Construction,Electronic City,2.6,18.8,3.0,2,11370000
1380,4,5,2.0,2.0,3,1,5,Apartment,Semi-Furnished,Under Construction,Jayanagar,4.7,8.7,4.0,1,15440000
715,1,1,1.0,1.0,4,3,3,Apartment,Furnished,Ready to Move,Indiranagar,7.4,6.1,2.0,3,12910000
1176,2,3,0.0,0.0,8,8,10,Independent House,Semi-Furnished,Ready to Move,HSR Layout,4.9,7.2,4.0,3,14060000
1321,3,4,3.0,1.0,27,12,15,Villa,Furnished,Under Construction,Yelahanka,2.7,17.1,3.0,1,7340000
1485,3,4,0.0,0.0,17,1,10,Apartment,Unfurnished,Ready to Move,Sarjapur Road,3.8,20.3,3.0,3,7990000
947,2,3,2.0,1.0,8,12,15,Apartment,Semi-Furnished,Ready to Move,Koramangala,6.9,1.0,5.0,3,12640000
1952,3,4,2.0,1.0,15,3,10,Apartment,Semi-Furnished,Ready to Move,Hebbal,3.1,15.2,1.0,1,15580000
1177,3,3,0.0,2.0,0,4,10,Independent House,Semi-Furnished,Ready to Move,Indiranagar,8.4,3.6,6.0,4,25480000
977,2,2,2.0,1.0,3,3,3,Apartment,Unfurnished,Ready to Move,Yelahanka,2.3,6.8,6.0,3,3810000
502,1,2,2.0,1.0,0,1,3,Villa,Unfurnished,Ready to Move,Hebbal,2.2,14.9,7.0,1,4810000
998,3,3,3.0,2.0,1,9,15,Apartment,Furnished,Ready to Move,Indiranagar,9.6,9.0,3.0,2,22630000
1366,2,2,2.0,1.0,7,13,15,Villa,Semi-Furnished,Ready to Move,Whitefield,3.2,16.6,0.0,1,14270000
1527,4,4,1.0,1.0,17,10,10,Independent House,Semi-Furnished,Under Construction,HSR Layout,5.9,5.0,4.0,3,17560000
991,2,2,2.0,1.0,8,5,10,Villa,Furnished,Under Construction,Jayanagar,6.3,10.0,4.0,1,13800000
912,3,4,2.0,1.0,8,3,10,Villa,Semi-Furnished,Ready to Move,Marathahalli,4.0,12.1,1.0,1,8950000
1840,4,5,2.0,1.0,0,3,5,Independent House,Furnished,Ready to Move,HSR Layout,6.6,14.0,3.0,1,28720000
2168,4,4,2.0,0.0,8,2,10,Apartment,Semi-Furnished,Ready to Move,Koramangala,6.0,1.0,5.0,0,31580000
793,2,3,0.0,1.0,4,10,10,Apartment,Furnished,Ready to Move,Hebbal,5.5,16.2,5.0,1,8530000
1061,2,2,0.0,1.0,8,6,10,Apartment,Semi-Furnished,Ready to Move,Banashankari,4.2,11.2,4.0,1,9240000
1324,3,4,2.0,0.0,3,9,10,Independent House,Furnished,Ready to Move,Jayanagar,8.3,7.6,2.0,5,22560000
1170,2,2,3.0,2.0,6,7,15,Apartment,Semi-Furnished,Under Construction,Koramangala,9.2,1.0,2.0,2,15230000
1208,2,3,1.0,1.0,4,7,7,Villa,Semi-Furnished,Under Construction,HSR Layout,8.3,8.9,3.0,1,15240000
1765,4,4,3.0,1.0,6,2,7,Villa,Furnished,Ready to Move,Whitefield,2.9,23.0,2.0,3,19370000
964,2,2,3.0,1.0,1,1,7,Apartment,Semi-Furnished,Ready to Move,Yelahanka,4.9,10.9,4.0,1,4590000
570,1,2,3.0,1.0,4,14,15,Apartment,Furnished,Under Construction,Whitefield,,18.4,3.0,0,4070000
618,1,1,3.0,2.0,3,3,7,Apartment,Unfurnished,Ready to Move,Marathahalli,5.0,15.2,3.0,3,4020000
1404,3,4,2.0,1.0,10,2,5,Apartment,Semi-Furnished,Ready to Move,HSR Layout,7.3,6.5,3.0,0,12980000
1453,3,4,2.0,1.0,9,23,25,Apartment,Semi-Furnished,Under Construction,Jayanagar,7.4,9.9,5.0,3,15910000
903,2,2,2.0,1.0,19,4,10,Apartment,Unfurnished,Ready to Move,Marathahalli,2.4,17.3,1.0,1,5210000
971,2,3,0.0,2.0,7,4,5,Independent House,Semi-Furnished,Ready to Move,Hebbal,6.4,12.7,0.0,3,9730000
1196,2,2,0.0,2.0,3,2,10,Independent House,Furnished,Ready to Move,HSR Layout,6.9,11.3,4.0,0,13510000
1580,3,3,0.0,2.0,12,2,15,Apartment,Unfurnished,Ready to Move,Whitefield,2.1,18.4,3.0,4,9670000
627,1,2,0.0,0.0,5,2,10,Apartment,Unfurnished,Ready to Move,Koramangala,7.3,5.8,4.0,4,6860000
2289,4,4,0.0,1.0,1,5,10,Apartment,Unfurnished,Ready to Move,Yelahanka,1.2,14.2,2.0,1,11100000
920,2,3,3.0,0.0,11,3,5,Villa,Furnished,Ready to Move,Yelahanka,0.9,15.4,6.0,3,5520000
2978,5,5,2.0,1.0,1,2,7,Independent House,Semi-Furnished,Ready to Move,Marathahalli,5.3,12.5,0.0,1,27120000
743,2,3,1.0,1.0,1,5,5,Apartment,Semi-Furnished,Ready to Move,Marathahalli,1.8,18.3,2.0,1,5650000
1755,3,3,2.0,1.0,11,7,7,Apartment,Furnished,Ready to Move,Marathahalli,2.0,17.6,2.0,3,11280000
421,2,2,1.0,1.0,11,6,10,Independent House,Unfurnished,Ready to Move,Koramangala,10.0,1.0,7.0,3,5850000
540,1,2,0.0,1.0,12,5,7,Villa,Semi-Furnished,Ready to Move,Yelahanka,2.3,20.0,4.0,0,3070000
2456,4,4,2.0,2.0,2,8,10,Apartment,Unfurnished,Under Construction,Electronic City,4.3,19.6,2.0,3,13020000
1454,4,5,1.0,0.0,16,4,10,Villa,Unfurnished,Ready to Move,Electronic City,5.0,27.6,3.0,2,10070000
1025,2,2,2.0,1.0,10,1,7,Apartment,Unfurnished,Under Construction,Jayanagar,7.8,10.7,1.0,0,8680000
1209,3,3,1.0,1.0,14,4,5,Apartment,Semi-Furnished,Under Construction,Whitefield,4.6,26.6,3.0,1,8570000
1296,3,4,1.0,1.0,9,4,7,Independent House,Semi-Furnished,Ready to Move,Koramangala,7.9,4.9,3.0,2,20140000
2378,4,4,2.0,0.0,6,5,5,Independent House,Unfurnished,Ready to Move,Sarjapur Road,4.5,17.2,0.0,1,18570000
987,2,2,1.0,2.0,0,10,15,Apartment,Unfurnished,Under Construction,Whitefield,4.0,19.1,3.0,5,5960000
830,3,4,3.0,1.0,9,10,15,Independent House,Unfurnished,Ready to Move,Marathahalli,5.0,15.1,1.0,2,5450000
1126,3,4,0.0,2.0,9,5,15,Apartment,Unfurnished,Under Construction,HSR Layout,5.9,7.0,3.0,1,8770000
1135,2,2,1.0,2.0,2,4,10,Independent House,Unfurnished,Ready to Move,Electronic City,3.1,14.8,2.0,2,7310000
2179,4,4,3.0,1.0,10,3,7,Apartment,Unfurnished,Ready to Move,HSR Layout,9.2,8.8,2.0,2,21410000
1282,2,3,3.0,2.0,6,14,15,Independent House,Furnished,Under Construction,Electronic City,2.6,22.1,2.0,0,8700000
1269,2,3,1.0,2.0,6,9,10,Independent House,Semi-Furnished,Ready to Move,Sarjapur Road,3.7,19.7,3.0,3,9770000
1304,3,4,0.0,2.0,3,3,3,Apartment,Furnished,Ready to Move,HSR Layout,7.0,11.2,2.0,2,16920000
2100,3,4,2.0,2.0,0,4,20,Independent House,Furnished,Ready to Move,Jayanagar,7.4,6.4,4.0,0,38220000
954,2,2,0.0,2.0,1,1,3,Independent House,Semi-Furnished,Ready to Move,Indiranagar,9.1,8.5,4.0,3,16050000
767,2,3,1.0,1.0,11,1,10,Independent House,Semi-Furnished,Ready to Move,Marathahalli,2.1,11.4,5.0,4,5140000
1746,4,5,2.0,1.0,2,5,10,Apartment,Semi-Furnished,Ready to Move,Yelahanka,3.2,14.0,5.0,5,10260000
521,2,2,2.0,2.0,0,1,15,Independent House,Semi-Furnished,Under Construction,Sarjapur Road,4.0,24.3,2.0,1,3680000
1849,3,3,1.0,1.0,46,9,20,Independent House,Furnished,Ready to Move,HSR Layout,8.0,1.0,4.0,3,18800000
1846,3,3,1.0,1.0,1,12,20,Apartment,Unfurnished,Under Construction,Whitefield,5.4,23.4,3.0,3,11130000
757,2,3,3.0,1.0,8,7,10,Independent House,Unfurnished,Ready to Move,HSR Layout,8.1,11.7,3.0,0,8560000
1908,4,4,2.0,1.0,20,10,10,Apartment,Unfurnished,Ready to Move,Marathahalli,2.5,14.0,4.0,1,11530000
1426,3,3,2.0,1.0,7,1,3,Apartment,Furnished,Under Construction,Whitefield,2.8,22.7,3.0,2,10060000
1131,3,3,1.0,0.0,12,5,10,Apartment,Semi-Furnished,Ready to Move,Jayanagar,7.2,8.2,3.0,2,11620000
908,3,3,1.0,0.0,29,20,20,Apartment,Furnished,Ready to Move,Marathahalli,5.7,9.6,2.0,3,5870000
1341,3,3,1.0,1.0,15,3,10,Villa,Semi-Furnished,Ready to Move,Electronic City,3.0,19.1,0.0,2,10330000
1310,3,4,1.0,1.0,6,2,3,Apartment,Semi-Furnished,Ready to Move,Sarjapur Road,2.6,16.6,3.0,1,7660000
1844,4,4,1.0,1.0,3,4,5,Independent House,Semi-Furnished,Ready to Move,Whitefield,1.9,13.6,3.0,1,17760000
992,2,3,1.0,2.0,5,3,7,Apartment,Semi-Furnished,Ready to Move,Whitefield,4.9,20.0,1.0,1,8280000
1221,2,3,2.0,2.0,14,1,5,Apartment,Furnished,Ready to Move,Sarjapur Road,3.5,19.9,2.0,0,7680000
892,2,3,2.0,0.0,15,5,7,Apartment,Semi-Furnished,Ready to Move,Jayanagar,6.0,9.5,5.0,0,10160000
568,1,2,1.0,0.0,14,4,7,Apartment,Semi-Furnished,Ready to Move,Sarjapur Road,5.0,18.2,1.0,2,2360000
629,1,1,2.0,1.0,7,4,7,Independent House,Unfurnished,Under Construction,Indiranagar,8.5,2.8,5.0,1,7570000
2221,4,4,2.0,1.0,5,1,3,Villa,Semi-Furnished,Ready to Move,HSR Layout,6.3,10.7,1.0,3,37240000
1227,3,3,0.0,0.0,2,12,20,Independent House,Semi-Furnished,Ready to Move,Hebbal,6.3,11.8,1.0,3,11380000
1426,3,4,0.0,1.0,0,8,10,Apartment,Furnished,Ready to Move,Hebbal,8.3,14.4,5.0,3,16820000
1553,3,3,2.0,2.0,11,1,10,Apartment,Furnished,Ready to Move,Sarjapur Road,3.0,17.9,3.0,0,11170000
1548,4,4,1.0,2.0,2,2,10,Apartment,Semi-Furnished,Under Construction,HSR Layout,5.0,12.7,1.0,5,17890000
1753,3,4,0.0,1.0,3,3,7,Apartment,Unfurnished,Ready to Move,Marathahalli,2.5,13.2,6.0,4,9770000
2572,4,5,0.0,0.0,14,6,15,Apartment,Furnished,Ready to Move,Electronic City,4.0,25.9,0.0,1,16990000
812,2,3,1.0,1.0,0,13,20,Villa,Unfurnished,Ready to Move,Whitefield,2.7,20.5,3.0,0,6970000
2077,4,5,3.0,1.0,21,2,3,Apartment,Semi-Furnished,Ready to Move,Yelahanka,2.4,14.2,3.0,3,10630000
1579,3,3,2.0,1.0,0,2,3,Independent House,Unfurnished,Under Construction,Koramangala,7.6,3.0,5.0,2,20760000
846,2,3,1.0,1.0,22,1,10,Apartment,Semi-Furnished,Under Construction,Banashankari,7.0,10.2,3.0,4,4800000
1534,3,3,3.0,1.0,4,5,5,Apartment,Semi-Furnished,Ready to Move,Indiranagar,10.0,1.2,2.0,2,27440000
1445,3,4,2.0,0.0,0,6,20,Villa,Semi-Furnished,Ready to Move,Koramangala,5.7,3.6,6.0,3,27830000
671,2,2,2.0,2.0,8,10,10,Apartment,Furnished,Ready to Move,Jayanagar,9.0,9.2,3.0,2,9700000
1528,3,3,1.0,1.0,18,3,7,Independent House,Semi-Furnished,Under Construction,Yelahanka,1.2,17.6,1.0,1,7360000
740,2,3,2.0,1.0,4,6,7,Villa,Semi-Furnished,Ready to Move,Sarjapur Road,3.9,14.5,2.0,2,6530000
653,1,1,0.0,2.0,9,9,10,Apartment,Semi-Furnished,Ready to Move,Hebbal,3.7,12.9,3.0,0,5000000
1731,4,5,1.0,1.0,31,2,5,Independent House,Unfurnished,Ready to Move,Marathahalli,3.4,10.0,4.0,2,9670000
1354,3,4,0.0,2.0,2,7,20,Apartment,Semi-Furnished,Ready to Move,Sarjapur Road,2.2,18.6,2.0,1,8330000
2548,4,5,1.0,1.0,13,3,3,Apartment,Semi-Furnished,Ready to Move,Hebbal,7.5,16.1,3.0,2,19540000
1538,3,3,0.0,1.0,2,7,25,Villa,Semi-Furnished,Under Construction,HSR Layout,6.1,10.2,1.0,2,20730000
744,2,2,1.0,1.0,4,3,5,Apartment,Semi-Furnished,Ready to Move,Indiranagar,9.0,1.6,3.0,1,11020000
1115,3,4,2.0,1.0,2,11,15,Independent House,Semi-Furnished,Under Construction,HSR Layout,4.7,9.4,1.0,2,12870000
1232,3,4,1.0,1.0,4,2,3,Independent House,Semi-Furnished,Ready to Move,Banashankari,2.5,8.6,0.0,1,10020000
3021,5,5,2.0,1.0,0,5,7,Independent House,Semi-Furnished,Ready to Move,Yelahanka,2.3,19.3,2.0,1,21010000
1018,2,2,2.0,0.0,2,10,10,Apartment,Semi-Furnished,Ready to Move,Whitefield,5.1,23.2,2.0,4,7340000
1662,4,4,1.0,1.0,4,1,3,Apartment,Furnished,Ready to Move,Sarjapur Road,3.5,14.7,2.0,3,13650000
1533,4,5,1.0,1.0,8,6,7,Independent House,Semi-Furnished,Ready to Move,Yelahanka,,15.0,7.0,1,9710000
1478,3,3,3.0,1.0,8,3,7,Apartment,Unfurnished,Under Construction,Koramangala,8.2,5.2,2.0,2,16060000
1927,4,4,0.0,1.0,7,2,10,Apartment,Semi-Furnished,Ready to Move,Jayanagar,6.7,4.2,0.0,2,24350000
1359,2,3,2.0,2.0,2,5,10,Apartment,Semi-Furnished,Ready to Move,Yelahanka,3.8,17.5,4.0,2,6950000
2820,5,5,2.0,1.0,23,13,15,Apartment,Unfurnished,Ready to Move,Whitefield,4.5,16.0,4.0,1,19100000
1907,3,4,1.0,2.0,3,1,5,Apartment,Semi-Furnished,Ready to Move,Sarjapur Road,5.1,18.8,2.0,2,13370000
421,1,1,1.0,0.0,1,2,3,Independent House,Semi-Furnished,Ready to Move,HSR Layout,7.2,13.1,4.0,2,4980000
1370,4,4,1.0,1.0,6,2,7,Independent House,Semi-Furnished,Ready to Move,Yelahanka,4.4,16.2,3.0,3,8540000
1086,3,3,2.0,1.0,11,10,20,Apartment,Furnished,Ready to Move,Banashankari,5.7,8.5,4.0,1,10930000
1732,3,3,2.0,2.0,0,11,20,Apartment,Furnished,Ready to Move,Yelahanka,5.0,18.5,3.0,1,11210000
1891,3,3,3.0,2.0,2,9,10,Apartment,Unfurnished,Under Construction,Indiranagar,9.9,3.7,2.0,2,23550000
801,2,2,1.0,2.0,13,4,20,Independent House,Semi-Furnished,Ready to Move,Hebbal,7.6,13.9,5.0,0,7920000
1271,3,3,1.0,0.0,5,1,15,Apartment,Semi-Furnished,Ready to Move,Hebbal,4.2,11.9,3.0,1,11500000
1532,4,5,0.0,2.0,4,3,7,Villa,Semi-Furnished,Ready to Move,Electronic City,4.6,19.3,6.0,3,12700000
350,1,1,3.0,1.0,21,2,5,Apartment,Unfurnished,Ready to Move,Hebbal,2.9,14.7,1.0,2,2020000
1086,2,3,1.0,0.0,0,5,7,Villa,Unfurnished,Ready to Move,Whitefield,5.8,24.2,4.0,1,10050000
574,1,2,1.0,1.0,7,2,5,Apartment,Unfurnished,Under Construction,Marathahalli,4.1,17.5,1.0,1,2880000
951,2,2,3.0,,3,9,10,Independent House,Furnished,Ready to Move,HSR Layout,7.7,12.7,3.0,1,13820000
1007,3,3,1.0,1.0,0,7,10,Apartment,Unfurnished,Ready to Move,Koramangala,10.0,5.5,3.0,3,14520000
1859,3,3,2.0,1.0,1,10,10,Villa,Unfurnished,Under Construction,Whitefield,5.5,21.1,2.0,1,15030000
1798,4,4,1.0,0.0,7,2,5,Apartment,Unfurnished,Under Construction,Sarjapur Road,3.0,17.7,4.0,2,10560000
1549,3,3,1.0,1.0,0,12,15,Villa,Semi-Furnished,Ready to Move,Electronic City,1.7,20.0,4.0,1,12510000
673,2,2,3.0,2.0,7,7,7,Independent House,Unfurnished,Ready to Move,Sarjapur Road,4.5,11.8,3.0,5,4810000
1923,4,5,2.0,1.0,25,6,10,Apartment,Unfurnished,Under Construction,Whitefield,3.9,15.3,2.0,2,9890000
1481,3,3,1.0,1.0,12,20,25,Independent House,Semi-Furnished,Ready to Move,Electronic City,4.3,22.0,5.0,3,10480000
1491,3,3,0.0,1.0,3,3,7,Apartment,Semi-Furnished,Ready to Move,Jayanagar,5.9,2.2,3.0,1,17860000
1443,3,3,1.0,2.0,1,4,7,Apartment,Semi-Furnished,Ready to Move,Hebbal,3.6,13.2,4.0,2,14020000
2197,4,5,2.0,2.0,5,7,10,Apartment,Furnished,Ready to Move,Electronic City,3.0,27.2,3.0,1,16950000
1083,3,3,0.0,1.0,3,8,20,Apartment,Unfurnished,Ready to Move,Marathahalli,4.8,4.3,3.0,2,7090000
987,2,3,2.0,1.0,28,4,5,Villa,Unfurnished,Ready to Move,Yelahanka,3.2,13.1,4.0,3,4500000
1431,3,3,1.0,2.0,36,14,15,Independent House,Unfurnished,Ready to Move,Marathahalli,2.8,20.6,2.0,0,7570000
575,1,2,2.0,2.0,4,7,20,Apartment,Furnished,Ready to Move,HSR Layout,9.0,12.5,2.0,2,6610000
963,2,2,0.0,0.0,1,3,7,Apartment,Unfurnished,Ready to Move,Whitefield,4.1,19.7,0.0,2,5060000
708,2,3,2.0,1.0,19,4,7,Independent House,Furnished,Ready to Move,Yelahanka,0.0,14.4,2.0,1,4330000
699,2,3,1.0,2.0,12,9,10,Independent House,Furnished,Ready to Move,Whitefield,5.7,21.8,2.0,1,6520000
306,1,1,1.0,1.0,5,4,5,Apartment,Semi-Furnished,Under Construction,Yelahanka,3.0,18.9,5.0,3,1360000
1105,2,2,3.0,1.0,3,3,7,Independent House,Semi-Furnished,Under Construction,Jayanagar,6.4,2.2,4.0,2,12130000
1631,3,3,1.0,1.0,4,14,20,Apartment,Semi-Furnished,Ready to Move,Yelahanka,2.7,20.5,6.0,0,8580000
2337,4,5,1.0,1.0,18,3,10,Apartment,Semi-Furnished,Ready to Move,Hebbal,4.7,13.2,3.0,2,18990000
2971,5,6,1.0,1.0,1,2,3,Independent House,Semi-Furnished,Ready to Move,Banashankari,7.2,10.8,5.0,1,31890000
544,2,2,1.0,2.0,13,4,7,Apartment,Semi-Furnished,Ready to Move,Electronic City,4.0,25.1,2.0,4,3140000
1112,3,3,2.0,1.0,0,2,10,Apartment,Unfurnished,Under Construction,Sarjapur Road,4.1,18.9,5.0,2,6190000
2068,4,4,0.0,2.0,20,3,10,Apartment,Semi-Furnished,Under Construction,Electronic City,2.9,23.3,1.0,2,9550000
975,2,3,2.0,2.0,5,8,10,Independent House,Semi-Furnished,Ready to Move,Indiranagar,10.0,6.6,5.0,1,19370000
1337,3,4,2.0,1.0,2,2,15,Independent House,Semi-Furnished,Under Construction,Marathahalli,5.3,12.9,3.0,2,10730000
1503,3,3,2.0,2.0,0,1,10,Apartment,Furnished,Ready to Move,Yelahanka,4.5,17.9,3.0,1,10400000
551,1,1,0.0,1.0,6,21,25,Apartment,Unfurnished,Under Construction,Banashankari,5.1,7.2,5.0,0,3630000
2048,4,4,1.0,1.0,2,6,20,Apartment,Furnished,Under Construction,Sarjapur Road,5.2,18.0,2.0,0,15110000
1744,4,4,2.0,1.0,7,2,3,Apartment,Semi-Furnished,Ready to Move,Electronic City,3.9,26.7,2.0,1,11380000
658,1,1,0.0,1.0,2,2,7,Apartment,Semi-Furnished,Under Construction,Indiranagar,8.1,4.9,2.0,1,8210000
502,1,1,2.0,0.0,0,4,7,Independent House,Furnished,Ready to Move,Sarjapur Road,4.2,19.2,7.0,0,3890000
403,1,1,0.0,1.0,5,1,5,Apartment,Furnished,Ready to Move,HSR Layout,9.5,9.5,3.0,1,4830000
803,2,3,1.0,1.0,6,6,7,Apartment,Semi-Furnished,Under Construction,Whitefield,4.6,18.9,2.0,4,5090000
1302,3,4,2.0,1.0,4,5,7,Apartment,Semi-Furnished,Ready to Move,Electronic City,5.2,27.8,7.0,1,8080000
1678,3,4,2.0,2.0,4,1,3,Apartment,Unfurnished,Under Construction,HSR Layout,8.1,5.6,1.0,1,15740000
941,2,2,2.0,2.0,7,3,5,Independent House,Semi-Furnished,Ready to Move,HSR Layout,7.2,10.2,5.0,1,12040000
1925,4,5,2.0,1.0,5,3,3,Apartment,Furnished,Ready to Move,HSR Layout,8.8,6.4,4.0,0,31440000
712,2,3,2.0,1.0,1,1,3,Apartment,Unfurnished,Ready to Move,Whitefield,1.1,23.8,2.0,1,5120000
636,1,1,1.0,,1,1,10,Apartment,Unfurnished,Ready to Move,Whitefield,1.6,19.8,2.0,0,4190000
826,2,2,3.0,1.0,1,1,7,Apartment,Semi-Furnished,Ready to Move,Banashankari,7.3,6.6,3.0,4,6270000
1371,3,4,2.0,2.0,9,3,20,Apartment,Semi-Furnished,Ready to Move,Indiranagar,7.7,1.0,0.0,0,21230000
1231,2,3,2.0,2.0,6,3,5,Apartment,Semi-Furnished,Under Construction,Electronic City,3.5,26.7,2.0,1,6320000
1046,2,2,1.0,1.0,4,18,20,Apartment,Semi-Furnished,Ready to Move,Marathahalli,6.6,10.0,1.0,1,7510000
640,2,2,3.0,1.0,12,2,3,Apartment,Semi-Furnished,Ready to Move,HSR Layout,6.6,11.5,4.0,0,5840000
1292,4,5,1.0,1.0,3,9,10,Apartment,Semi-Furnished,Under Construction,Yelahanka,5.5,18.8,2.0,2,6650000
2763,5,6,0.0,1.0,6,2,5,Apartment,Semi-Furnished,Under Construction,Hebbal,4.4,18.5,5.0,2,21850000
719,2,3,1.0,2.0,0,4,15,Independent House,Furnished,Ready to Move,Whitefield,5.3,18.3,2.0,3,7920000
1073,2,2,0.0,1.0,10,3,3,Apartment,Furnished,Ready to Move,Electronic City,3.4,19.4,5.0,2,6550000
1411,3,3,1.0,2.0,9,4,25,Apartment,Semi-Furnished,Under Construction,Yelahanka,5.2,14.7,2.0,2,5640000
1446,3,3,2.0,1.0,12,1,3,Apartment,Unfurnished,Ready to Move,Yelahanka,2.6,14.2,3.0,3,6510000
815,2,3,2.0,1.0,17,3,5,Apartment,Semi-Furnished,Under Construction,Indiranagar,7.2,1.0,2.0,1,8910000
2696,4,5,1.0,1.0,11,10,10,Independent House,Furnished,Ready to Move,Marathahalli,3.3,18.9,1.0,0,27900000
2195,3,3,2.0,0.0,14,14,15,Apartment,Semi-Furnished,Under Construction,Koramangala,7.4,2.7,3.0,2,23830000
1321,3,3,1.0,2.0,3,15,25,Villa,Furnished,Under Construction,Banashankari,3.7,7.5,2.0,3,13390000
1498,3,4,1.0,2.0,3,2,7,Apartment,Semi-Furnished,Ready to Move,HSR Layout,5.3,11.9,2.0,4,17320000
2854,5,6,1.0,2.0,23,12,15,Apartment,Furnished,Under Construction,Yelahanka,4.7,20.2,1.0,5,15470000
1327,3,4,2.0,0.0,19,15,15,Independent House,Unfurnished,Ready to Move,Marathahalli,6.1,10.5,2.0,0,6730000
458,1,1,1.0,2.0,6,3,10,Apartment,Semi-Furnished,Ready to Move,Marathahalli,4.6,15.1,4.0,2,3210000
743,2,3,0.0,0.0,3,9,10,Apartment,Semi-Furnished,Ready to Move,Jayanagar,5.7,2.4,4.0,3,7720000
1082,3,4,1.0,0.0,16,1,3,Apartment,Furnished,Ready to Move,HSR Layout,5.5,11.0,1.0,2,13640000
1026,2,2,2.0,1.0,3,5,7,Villa,Semi-Furnished,Under Construction,Koramangala,4.9,4.9,2.0,3,14620000
1254,3,4,2.0,1.0,1,7,15,Apartment,Unfurnished,Ready to Move,HSR Layout,6.9,8.6,3.0,2,12220000
968,4,4,1.0,2.0,8,1,10,Independent House,Furnished,Ready to Move,Koramangala,7.0,4.7,1.0,2,19000000
1524,3,4,0.0,1.0,0,10,20,Apartment,Semi-Furnished,Under Construction,Sarjapur Road,5.9,18.8,1.0,3,10310000
2778,5,6,2.0,0.0,3,5,15,Independent House,Unfurnished,Ready to Move,Electronic City,1.3,21.8,4.0,5,20860000
1205,2,2,2.0,1.0,13,9,20,Apartment,Semi-Furnished,Ready to Move,Whitefield,3.4,19.4,2.0,3,7520000
2149,4,5,1.0,1.0,2,4,5,Villa,Semi-Furnished,Ready to Move,Banashankari,4.5,3.9,6.0,2,22190000
985,3,3,2.0,0.0,21,2,5,Apartment,Semi-Furnished,Ready to Move,Yelahanka,3.7,12.7,1.0,1,4930000
526,2,3,3.0,1.0,24,1,3,Independent House,Furnished,Ready to Move,Yelahanka,5.7,14.2,3.0,6,2560000
1198,3,4,1.0,1.0,13,24,25,Apartment,Semi-Furnished,Ready to Move,Banashankari,2.6,5.0,1.0,2,8530000
831,2,3,2.0,1.0,35,4,5,Apartment,Semi-Furnished,Ready to Move,Koramangala,7.5,2.3,1.0,1,8910000
1664,3,4,0.0,2.0,6,3,7,Apartment,Unfurnished,Ready to Move,Electronic City,1.2,21.8,3.0,2,8360000
1397,3,3,2.0,1.0,6,5,7,Apartment,Semi-Furnished,Ready to Move,Sarjapur Road,4.9,18.3,4.0,1,8310000
1165,2,2,1.0,1.0,14,3,3,Apartment,Unfurnished,Under Construction,Sarjapur Road,2.7,19.7,3.0,2,4490000
1029,3,3,1.0,1.0,5,5,7,Independent House,Unfurnished,Under Construction,Koramangala,7.8,4.5,1.0,0,12760000
1670,3,4,2.0,1.0,4,1,3,Independent House,Unfurnished,Ready to Move,Hebbal,4.7,12.4,6.0,2,15960000
1086,2,2,2.0,1.0,7,7,7,Apartment,Unfurnished,Ready to Move,HSR Layout,6.5,11.6,4.0,1,10690000
327,1,2,0.0,0.0,8,25,25,Independent House,Unfurnished,Under Construction,HSR Layout,6.1,7.2,2.0,1,2640000
1201,2,2,0.0,2.0,11,1,10,Apartment,Semi-Furnished,Ready to Move,Jayanagar,5.2,3.5,4.0,0,13280000
1426,3,4,1.0,0.0,8,14,15,Apartment,Unfurnished,Ready to Move,Marathahalli,4.1,12.9,0.0,3,9020000
2156,4,4,2.0,2.0,10,9,10,Villa,Unfurnished,Ready to Move,Marathahalli,2.8,11.9,2.0,2,15330000
1654,4,5,2.0,0.0,8,3,15,Villa,Furnished,Ready to Move,Whitefield,5.6,14.7,2.0,0,18460000
1757,3,4,1.0,2.0,5,6,20,Independent House,Semi-Furnished,Under Construction,Yelahanka,3.1,17.7,3.0,2,8130000
1067,3,4,2.0,1.0,1,16,25,Apartment,Semi-Furnished,Under Construction,HSR Layout,4.8,7.0,3.0,5,12280000
1108,2,3,2.0,1.0,12,2,3,Villa,Unfurnished,Ready to Move,Koramangala,10.0,9.4,6.0,0,18270000
1629,3,4,1.0,0.0,0,2,20,Apartment,Semi-Furnished,Ready to Move,Yelahanka,5.5,16.5,3.0,0,8450000
764,2,3,2.0,1.0,39,5,5,Apartment,Semi-Furnished,Ready to Move,Banashankari,8.3,3.5,6.0,5,3950000
1326,2,3,1.0,2.0,14,3,7,Apartment,Semi-Furnished,Under Construction,Hebbal,4.5,14.0,6.0,1,8570000
1464,3,3,2.0,2.0,8,4,7,Independent House,Semi-Furnished,Ready to Move,Hebbal,3.7,12.1,3.0,1,14720000
621,1,2,1.0,1.0,27,6,10,Independent House,Semi-Furnished,Ready to Move,Marathahalli,5.2,14.9,2.0,2,4200000
972,3,4,1.0,1.0,7,7,10,Independent House,Furnished,Ready to Move,Jayanagar,8.3,4.5,3.0,2,16190000
2847,4,4,0.0,0.0,0,2,5,Apartment,Furnished,Ready to Move,Whitefield,4.6,17.2,1.0,1,26770000
717,2,3,2.0,1.0,6,11,15,Apartment,Unfurnished,Under Construction,Electronic City,0.2,17.6,1.0,4,3030000
1144,2,3,1.0,1.0,2,7,7,Apartment,Semi-Furnished,Under Construction,Electronic City,1.9,18.2,4.0,1,5940000
1602,4,5,1.0,0.0,3,3,3,Apartment,Unfurnished,Ready to Move,HSR Layout,7.0,5.9,7.0,2,19400000
1226,3,4,3.0,1.0,4,4,7,Apartment,Semi-Furnished,Ready to Move,Sarjapur Road,2.7,16.9,1.0,1,6660000
1099,2,2,3.0,1.0,11,7,10,Independent House,Semi-Furnished,Ready to Move,Jayanagar,4.6,5.8,2.0,4,14060000
1145,2,2,3.0,0.0,5,1,3,Apartment,Semi-Furnished,Under Construction,Whitefield,3.9,15.4,3.0,2,7050000
1044,3,3,0.0,0.0,5,5,5,Apartment,Semi-Furnished,Ready to Move,HSR Layout,1.5,12.7,4.0,2,11400000
1705,3,3,2.0,1.0,2,20,25,Apartment,Semi-Furnished,Ready to Move,Sarjapur Road,2.8,18.4,7.0,0,11830000
1148,2,3,1.0,0.0,6,20,20,Apartment,Semi-Furnished,Ready to Move,Whitefield,3.7,27.3,5.0,2,8580000
771,2,2,0.0,2.0,2,1,5,Apartment,Unfurnished,Ready to Move,Hebbal,5.5,10.8,3.0,1,6200000
2639,4,5,1.0,1.0,2,9,10,Independent House,Semi-Furnished,Under Construction,Jayanagar,7.5,12.7,2.0,2,34320000
992,3,4,1.0,0.0,11,2,7,Villa,Furnished,Ready to Move,Indiranagar,9.2,7.2,4.0,2,22620000
2450,5,6,0.0,2.0,3,7,10,Independent House,Unfurnished,Ready to Move,Marathahalli,5.3,8.1,4.0,1,20380000
1534,3,3,1.0,1.0,0,1,10,Apartment,Semi-Furnished,Under Construction,Hebbal,4.7,8.4,3.0,2,12360000
1658,4,4,2.0,1.0,3,1,3,Apartment,Furnished,Under Construction,Electronic City,1.1,23.0,1.0,0,10450000
1000,2,2,1.0,1.0,8,3,7,Apartment,Semi-Furnished,Ready to Move,Marathahalli,4.1,8.8,4.0,2,5930000
1467,3,3,1.0,0.0,13,3,5,Independent House,Semi-Furnished,Ready to Move,Jayanagar,5.4,3.3,3.0,1,19630000
529,1,2,1.0,1.0,26,7,10,Independent House,Semi-Furnished,Under Construction,HSR Layout,4.3,5.2,2.0,2,4730000
1633,3,4,3.0,1.0,10,12,20,Apartment,Furnished,Ready to Move,Yelahanka,3.9,22.4,2.0,3,8100000
1336,3,3,0.0,1.0,4,16,25,Apartment,Furnished,Ready to Move,Hebbal,2.9,15.3,4.0,2,11450000
993,2,3,1.0,1.0,2,13,20,Apartment,Unfurnished,Ready to Move,Marathahalli,5.0,13.0,4.0,5,6600000
2458,4,4,1.0,1.0,1,18,25,Villa,Semi-Furnished,Ready to Move,Hebbal,3.1,16.5,4.0,2,26780000
2316,4,5,,2.0,7,1,3,Independent House,Semi-Furnished,Ready to Move,Hebbal,4.6,15.8,1.0,0,23860000
636,1,1,0.0,1.0,5,11,15,Apartment,Unfurnished,Ready to Move,Sarjapur Road,2.8,21.9,0.0,5,3150000
1078,3,4,1.0,1.0,9,5,7,Apartment,Semi-Furnished,Ready to Move,Hebbal,6.7,10.3,0.0,2,9390000
1049,2,2,1.0,1.0,2,9,20,Apartment,Furnished,Under Construction,Sarjapur Road,4.6,17.1,4.0,4,6970000
783,2,2,2.0,0.0,3,14,15,Apartment,Furnished,Ready to Move,Sarjapur Road,2.4,14.7,3.0,1,5940000
1487,4,4,1.0,2.0,2,5,7,Apartment,Furnished,Ready to Move,Marathahalli,3.8,13.7,2.0,3,12770000
936,2,2,2.0,,12,4,10,Apartment,Unfurnished,Ready to Move,Sarjapur Road,5.7,15.6,2.0,0,5350000
1638,4,5,0.0,1.0,1,6,7,Villa,Furnished,Ready to Move,Koramangala,10.0,1.0,1.0,0,41400000
1100,2,2,3.0,2.0,7,6,7,Villa,Semi-Furnished,Under Construction,Yelahanka,0.9,19.4,2.0,2,6240000
1628,3,4,2.0,1.0,0,24,25,Apartment,Unfurnished,Under Construction,Yelahanka,5.0,18.0,2.0,2,7450000
867,3,4,2.0,1.0,6,8,20,Independent House,Semi-Furnished,Ready to Move,Whitefield,6.2,17.4,0.0,2,7610000
792,2,3,1.0,0.0,0,1,5,Apartment,Furnished,Ready to Move,Hebbal,5.3,14.8,3.0,3,7540000
672,2,3,1.0,1.0,1,1,7,Apartment,Semi-Furnished,Under Construction,Koramangala,7.9,4.9,5.0,1,8590000
1814,4,4,1.0,1.0,0,2,5,Apartment,Furnished,Ready to Move,Electronic City,2.5,21.1,1.0,2,11700000
1527,3,3,2.0,0.0,3,17,25,Apartment,Semi-Furnished,Under Construction,Sarjapur Road,1.8,22.8,3.0,2,7700000
903,2,3,3.0,1.0,3,3,20,Apartment,Semi-Furnished,Under Construction,Koramangala,8.5,4.9,2.0,2,11370000
1234,3,4,1.0,2.0,14,7,10,Apartment,Unfurnished,Ready to Move,Hebbal,4.7,17.3,6.0,1,10030000
693,1,2,,1.0,2,5,10,Apartment,Unfurnished,Ready to Move,Hebbal,5.7,13.7,2.0,3,5310000
512,2,3,0.0,1.0,0,6,15,Independent House,Semi-Furnished,Under Construction,Jayanagar,7.4,8.0,5.0,0,6070000
1746,3,3,3.0,1.0,7,5,5,Apartment,Semi-Furnished,Under Construction,Whitefield,8.1,16.8,2.0,3,12050000
490,1,2,1.0,0.0,9,8,20,Apartment,Semi-Furnished,Under Construction,HSR Layout,8.1,8.3,3.0,0,3700000
1968,4,5,1.0,2.0,2,4,10,Apartment,Semi-Furnished,Ready to Move,Marathahalli,4.8,18.4,2.0,2,15590000
1252,3,3,1.0,2.0,7,2,3,Villa,Furnished,Under Construction,Banashankari,1.5,11.5,1.0,2,12480000
2617,4,5,2.0,1.0,11,6,7,Apartment,Semi-Furnished,Under Construction,Marathahalli,4.6,12.9,5.0,2,14700000
1055,3,3,2.0,0.0,3,4,10,Independent House,Semi-Furnished,Under Construction,HSR Layout,8.7,5.9,5.0,1,13710000
2004,4,4,1.0,1.0,5,3,7,Apartment,Semi-Furnished,Ready to Move,Marathahalli,3.4,19.0,4.0,1,14630000
1547,3,4,1.0,0.0,1,6,10,Apartment,Unfurnished,Ready to Move,Jayanagar,10.0,9.2,2.0,4,15950000
948,3,4,0.0,1.0,0,4,20,Apartment,Furnished,Ready to Move,Sarjapur Road,4.5,14.6,2.0,0,6750000
2284,5,6,1.0,1.0,31,6,15,Apartment,Semi-Furnished,Ready to Move,Whitefield,4.8,16.6,4.0,5,15000000
1358,3,4,1.0,1.0,2,4,10,Apartment,Unfurnished,Ready to Move,Sarjapur Road,2.2,23.5,2.0,3,7030000
452,1,1,2.0,1.0,2,2,10,Apartment,Furnished,Ready to Move,Jayanagar,8.9,4.5,2.0,1,6370000
1171,3,4,2.0,0.0,28,2,7,Apartment,Furnished,Ready to Move,Banashankari,3.4,6.5,2.0,1,6960000
1860,4,4,2.0,1.0,10,3,10,Apartment,Furnished,Ready to Move,Electronic City,2.5,20.0,3.0,0,11910000
1581,3,3,2.0,0.0,7,3,7,Apartment,Semi-Furnished,Under Construction,Marathahalli,1.2,15.1,2.0,3,8930000
1304,3,3,1.0,2.0,9,8,20,Independent House,Furnished,Ready to Move,Yelahanka,4.3,11.8,2.0,1,8920000
1701,3,4,2.0,1.0,9,17,20,Apartment,Unfurnished,Ready to Move,Whitefield,5.2,20.7,4.0,2,12190000
2241,5,5,0.0,1.0,11,3,5,Independent House,Semi-Furnished,Under Construction,Yelahanka,3.0,11.8,1.0,4,12730000
412,1,2,2.0,0.0,0,10,15,Independent House,Unfurnished,Ready to Move,Sarjapur Road,4.8,13.8,2.0,2,2480000
1939,3,4,0.0,2.0,4,6,15,Apartment,Semi-Furnished,Under Construction,Whitefield,5.3,15.9,3.0,2,12660000
824,2,2,2.0,1.0,2,25,25,Apartment,Furnished,Ready to Move,Electronic City,2.8,18.0,3.0,1,5160000
1032,3,4,1.0,1.0,0,1,10,Apartment,Furnished,Ready to Move,Sarjapur Road,2.5,20.2,3.0,1,7970000
912,3,3,1.0,0.0,4,13,15,Villa,Furnished,Ready to Move,Whitefield,1.8,22.2,4.0,3,9430000
1154,2,2,2.0,1.0,7,4,10,Villa,Semi-Furnished,Under Construction,Marathahalli,3.7,13.5,2.0,2,10360000
885,2,3,0.0,1.0,1,3,3,Independent House,Furnished,Under Construction,Electronic City,1.4,20.1,6.0,1,6020000
1328,3,3,1.0,2.0,2,2,3,Independent House,Semi-Furnished,Under Construction,Marathahalli,4.2,18.1,2.0,3,10110000
919,2,3,2.0,2.0,8,1,5,Villa,Unfurnished,Ready to Move,Whitefield,4.1,22.1,5.0,1,7810000
1142,2,3,2.0,1.0,6,5,7,Apartment,Semi-Furnished,Under Construction,Yelahanka,2.4,12.5,3.0,4,4510000
1928,4,4,1.0,2.0,16,5,7,Apartment,Semi-Furnished,Under Construction,Banashankari,6.2,9.1,2.0,1,14750000
1395,2,3,1.0,0.0,12,5,15,Independent House,Unfurnished,Ready to Move,Banashankari,3.2,8.9,3.0,1,9350000
1437,3,3,1.0,1.0,26,11,15,Apartment,Furnished,Ready to Move,Sarjapur Road,0.9,20.2,3.0,2,9680000
2424,4,4,2.0,1.0,7,18,25,Apartment,Semi-Furnished,Under Construction,Koramangala,7.7,12.2,5.0,3,34440000
1102,2,2,1.0,0.0,9,4,7,Villa,Furnished,Ready to Move,Sarjapur Road,2.6,15.5,2.0,3,9900000
943,2,2,2.0,2.0,15,16,20,Apartment,Semi-Furnished,Ready to Move,Whitefield,4.5,21.7,2.0,4,6940000
1235,3,3,1.0,0.0,14,3,10,Independent House,Unfurnished,Ready to Move,Whitefield,3.0,24.5,3.0,0,8970000
1492,3,4,0.0,2.0,10,10,10,Villa,Unfurnished,Ready to Move,Electronic City,4.0,27.2,4.0,4,10240000
2204,4,4,1.0,2.0,5,3,10,Apartment,Furnished,Ready to Move,Indiranagar,7.2,5.5,3.0,2,41070000
1770,4,5,1.0,1.0,2,4,15,Independent House,Unfurnished,Ready to Move,Sarjapur Road,2.2,14.1,1.0,4,12370000
1446,3,3,2.0,0.0,16,2,5,Apartment,Semi-Furnished,Ready to Move,Sarjapur Road,4.6,12.6,3.0,2,7770000
1184,2,2,1.0,0.0,11,8,15,Apartment,Unfurnished,Under Construction,Indiranagar,8.6,7.5,4.0,3,13140000
777,1,1,3.0,1.0,14,15,15,Apartment,Semi-Furnished,Under Construction,HSR Layout,4.6,11.0,1.0,2,7420000
1112,2,3,1.0,1.0,1,24,25,Apartment,Unfurnished,Under Construction,Banashankari,3.2,8.4,5.0,2,7400000
1303,2,2,1.0,1.0,3,13,20,Apartment,Unfurnished,Ready to Move,Indiranagar,8.1,5.8,3.0,4,16270000
1223,3,3,0.0,1.0,4,8,10,Apartment,Semi-Furnished,Under Construction,Indiranagar,7.0,7.9,2.0,1,18760000
1596,3,3,2.0,2.0,14,10,15,Apartment,Semi-Furnished,Ready to Move,Koramangala,7.6,5.6,1.0,0,20060000
697,1,2,2.0,1.0,17,14,20,Apartment,Semi-Furnished,Ready to Move,Hebbal,4.6,13.2,4.0,2,5520000
1641,4,4,1.0,0.0,2,15,25,Independent House,Furnished,Ready to Move,Sarjapur Road,2.3,16.2,3.0,0,14830000
857,2,3,3.0,2.0,9,5,15,Independent House,Semi-Furnished,Ready to Move,HSR Layout,7.3,13.1,3.0,4,11040000
1280,2,2,1.0,1.0,0,15,15,Apartment,Semi-Furnished,Ready to Move,Whitefield,2.8,18.3,2.0,0,10600000
1126,3,4,2.0,1.0,4,2,5,Apartment,Semi-Furnished,Under Construction,Sarjapur Road,5.5,20.9,4.0,3,7180000
695,2,2,2.0,2.0,5,6,15,Apartment,Furnished,Under Construction,Marathahalli,3.7,12.8,5.0,1,4640000
1240,2,2,2.0,2.0,11,6,7,Apartment,Semi-Furnished,Ready to Move,HSR Layout,5.3,11.8,0.0,3,11230000
681,1,1,3.0,2.0,17,6,10,Independent House,Semi-Furnished,Ready to Move,Banashankari,5.5,13.3,4.0,5,5850000
1032,2,3,2.0,0.0,3,7,7,Villa,Furnished,Ready to Move,Koramangala,8.1,6.0,3.0,3,19600000
1387,3,3,3.0,1.0,6,1,7,Apartment,Furnished,Ready to Move,Indiranagar,9.8,9.2,7.0,3,23230000
1824,4,5,1.0,0.0,8,2,7,Apartment,Semi-Furnished,Under Construction,Yelahanka,0.0,14.9,7.0,1,8080000
1003,2,2,1.0,2.0,3,19,20,Apartment,Furnished,Ready to Move,Electronic City,4.1,22.3,4.0,2,6590000
1250,2,2,2.0,1.0,33,11,15,Villa,Unfurnished,Under Construction,Marathahalli,3.2,12.9,4.0,1,6190000
1466,3,3,2.0,0.0,16,3,10,Apartment,Furnished,Ready to Move,Electronic City,3.4,17.0,1.0,2,8240000
2866,4,4,1.0,2.0,2,7,10,Independent House,Unfurnished,Ready to Move,HSR Layout,6.2,13.2,4.0,1,41200000
779,2,3,0.0,2.0,5,6,25,Independent House,Semi-Furnished,Ready to Move,Banashankari,6.7,9.7,7.0,2,7160000
946,2,3,2.0,1.0,2,1,7,Apartment,Furnished,Ready to Move,Electronic City,0.5,23.5,6.0,2,5870000
1295,3,4,3.0,0.0,5,9,10,Apartment,Unfurnished,Under Construction,Yelahanka,5.4,19.7,5.0,2,5880000
1096,3,4,1.0,1.0,9,9,10,Independent House,Unfurnished,Ready to Move,HSR Layout,7.4,6.6,4.0,1,12490000
920,2,2,1.0,2.0,0,4,20,Apartment,Semi-Furnished,Ready to Move,HSR Layout,6.6,5.9,5.0,3,9650000
1516,3,4,0.0,1.0,16,7,7,Apartment,Semi-Furnished,Under Construction,Whitefield,2.2,23.7,5.0,1,8970000
1049,2,2,1.0,0.0,7,3,25,Apartment,Unfurnished,Ready to Move,Marathahalli,1.5,13.8,2.0,2,4810000
2007,3,4,2.0,0.0,36,7,7,Independent House,Semi-Furnished,Under Construction,Electronic City,2.5,22.6,5.0,1,8570000
1530,3,3,3.0,2.0,0,4,5,Villa,Semi-Furnished,Ready to Move,Hebbal,6.0,7.6,4.0,2,18620000
2460,4,5,0.0,1.0,14,3,5,Villa,Unfurnished,Ready to Move,Indiranagar,8.7,9.4,4.0,1,40640000
1418,3,4,2.0,1.0,12,7,7,Independent House,Semi-Furnished,Ready to Move,Banashankari,5.5,10.0,2.0,1,15270000
1268,2,3,2.0,1.0,1,3,10,Independent House,Unfurnished,Ready to Move,Koramangala,,2.3,7.0,3,17120000
1405,2,2,1.0,1.0,3,1,10,Independent House,Semi-Furnished,Ready to Move,Hebbal,5.1,18.3,3.0,0,15180000
2212,4,4,2.0,2.0,17,6,7,Apartment,Semi-Furnished,Ready to Move,Sarjapur Road,5.3,13.9,3.0,1,14870000
761,2,2,2.0,1.0,5,5,10,Apartment,Furnished,Ready to Move,Sarjapur Road,5.8,17.0,3.0,4,5240000
845,2,3,2.0,1.0,4,8,15,Villa,Semi-Furnished,Ready to Move,Hebbal,3.1,15.0,4.0,2,9610000
1003,2,3,1.0,0.0,18,11,15,Independent House,Unfurnished,Ready to Move,Sarjapur Road,3.1,21.5,3.0,0,5370000
1527,3,3,2.0,0.0,0,8,15,Villa,Semi-Furnished,Under Construction,Marathahalli,3.5,9.5,6.0,3,11950000
1595,3,3,1.0,2.0,5,3,25,Apartment,Furnished,Ready to Move,Koramangala,7.1,3.1,2.0,3,25920000
1037,2,2,1.0,2.0,8,3,10,Independent House,Semi-Furnished,Ready to Move,Whitefield,5.7,22.2,1.0,2,9450000
951,2,3,1.0,1.0,7,2,3,Villa,Semi-Furnished,Under Construction,Yelahanka,7.3,20.4,1.0,1,5670000
1745,4,4,1.0,0.0,2,7,7,Apartment,Furnished,Ready to Move,Marathahalli,2.3,18.2,3.0,2,15030000
1512,3,4,0.0,1.0,6,3,7,Apartment,Semi-Furnished,Under Construction,Hebbal,5.6,14.1,3.0,0,9990000
1919,3,3,1.0,2.0,9,9,10,Apartment,Furnished,Ready to Move,Indiranagar,9.1,5.3,3.0,1,36550000
2407,4,4,2.0,1.0,7,8,20,Apartment,Semi-Furnished,Ready to Move,Whitefield,4.8,19.5,2.0,2,17120000
2213,4,5,2.0,2.0,9,8,15,Apartment,Unfurnished,Ready to Move,Koramangala,10.0,5.5,3.0,1,28010000
1145,2,2,0.0,1.0,2,1,5,Apartment,Unfurnished,Under Construction,Sarjapur Road,4.2,22.3,3.0,1,5540000
2592,5,5,1.0,2.0,14,8,10,Apartment,Semi-Furnished,Ready to Move,Indiranagar,5.5,4.4,2.0,0,47570000
494,1,1,2.0,2.0,4,4,10,Villa,Semi-Furnished,Under Construction,HSR Layout,4.2,9.2,4.0,2,6150000
807,2,2,1.0,0.0,34,7,25,Villa,Semi-Furnished,Ready to Move,Jayanagar,5.1,9.4,4.0,6,7860000
1949,4,5,1.0,2.0,0,2,3,Independent House,Unfurnished,Ready to Move,Whitefield,3.2,23.2,3.0,4,20380000
869,2,2,2.0,0.0,3,6,10,Apartment,Furnished,Under Construction,Marathahalli,3.8,12.5,2.0,0,5290000
1179,2,3,0.0,1.0,1,17,25,Apartment,Furnished,Ready to Move,HSR Layout,6.0,6.0,4.0,2,16460000
859,2,2,1.0,1.0,6,12,25,Independent House,Semi-Furnished,Under Construction,Hebbal,2.3,6.9,4.0,2,7940000
1175,3,4,0.0,1.0,2,5,7,Apartment,Semi-Furnished,Ready to Move,Electronic City,0.9,22.4,3.0,2,6960000
1319,2,3,0.0,1.0,10,2,3,Independent House,Unfurnished,Ready to Move,Indiranagar,5.5,1.7,2.0,0,17460000
1273,3,4,3.0,1.0,17,9,10,Independent House,Semi-Furnished,Ready to Move,Whitefield,2.0,22.7,3.0,1,10050000
2061,4,5,1.0,0.0,1,15,20,Apartment,Semi-Furnished,Under Construction,Whitefield,5.8,14.8,4.0,2,14670000
1526,3,3,1.0,0.0,1,3,7,Independent House,Semi-Furnished,Ready to Move,Electronic City,2.9,26.8,5.0,4,8730000
734,2,2,2.0,1.0,16,15,20,Apartment,Semi-Furnished,Ready to Move,Indiranagar,7.2,4.0,3.0,1,9740000
2494,4,5,0.0,1.0,3,7,7,Apartment,Semi-Furnished,Ready to Move,Marathahalli,1.1,11.6,2.0,3,16540000
1071,2,2,1.0,1.0,4,3,10,Villa,Unfurnished,Ready to Move,HSR Layout,4.8,8.4,4.0,2,13530000
1246,2,2,2.0,1.0,1,12,15,Apartment,Unfurnished,Ready to Move,Sarjapur Road,4.6,15.4,4.0,2,7610000
475,1,1,2.0,2.0,4,7,7,Independent House,Furnished,Ready to Move,Hebbal,5.7,16.5,4.0,2,5240000
1427,3,3,1.0,1.0,2,7,7,Apartment,Unfurnished,Under Construction,Sarjapur Road,3.3,20.0,1.0,2,8210000
957,2,2,1.0,0.0,8,7,10,Apartment,Unfurnished,Under Construction,Whitefield,3.9,20.3,0.0,4,5390000
1000,2,2,2.0,1.0,5,2,15,Apartment,Semi-Furnished,Under Construction,Indiranagar,6.0,1.4,3.0,0,11700000
673,2,2,1.0,1.0,12,5,5,Villa,Semi-Furnished,Ready to Move,Whitefield,3.2,19.8,2.0,2,5630000
971,2,3,0.0,1.0,3,4,10,Apartment,Semi-Furnished,Under Construction,HSR Layout,7.2,7.7,4.0,2,10270000
1000,3,3,1.0,1.0,5,6,10,Apartment,Semi-Furnished,Ready to Move,Banashankari,3.7,1.0,5.0,0,8010000
2143,4,5,1.0,1.0,2,9,10,Independent House,Unfurnished,Ready to Move,Koramangala,10.0,1.9,2.0,3,43640000
803,3,3,0.0,0.0,21,5,20,Apartment,Unfurnished,Ready to Move,Jayanagar,8.5,7.8,3.0,1,6620000
598,2,3,1.0,1.0,5,5,10,Independent House,Unfurnished,Under Construction,Marathahalli,3.3,12.7,2.0,1,3970000
1105,2,2,2.0,1.0,1,4,10,Apartment,Semi-Furnished,Under Construction,Sarjapur Road,3.3,17.6,3.0,1,5180000
2493,5,5,1.0,1.0,2,9,10,Independent House,Furnished,Under Construction,Jayanagar,10.0,9.1,5.0,3,30270000
441,1,1,0.0,1.0,0,14,15,Villa,Unfurnished,Ready to Move,Whitefield,5.6,22.6,4.0,2,3920000
2508,4,4,1.0,1.0,0,2,5,Apartment,Semi-Furnished,Under Construction,Electronic City,3.4,27.9,0.0,1,11350000
1012,2,3,2.0,1.0,5,10,20,Apartment,Furnished,Ready to Move,Jayanagar,6.9,1.0,4.0,0,14650000
2348,4,5,0.0,0.0,3,2,3,Independent House,Unfurnished,Ready to Move,Whitefield,4.6,17.5,6.0,0,21410000
918,2,2,0.0,2.0,26,6,10,Apartment,Semi-Furnished,Ready to Move,Electronic City,3.3,24.7,6.0,4,4050000
1459,2,2,1.0,1.0,1,6,10,Independent House,Semi-Furnished,Ready to Move,Whitefield,2.7,21.3,5.0,2,12040000
1230,3,3,1.0,1.0,12,2,5,Apartment,Semi-Furnished,Under Construction,Whitefield,3.7,20.3,4.0,2,6260000
1888,3,3,3.0,0.0,3,2,3,Apartment,Furnished,Under Construction,Electronic City,1.2,20.2,0.0,3,9320000
938,2,2,2.0,0.0,2,4,5,Apartment,Semi-Furnished,Ready to Move,Koramangala,9.1,4.7,5.0,3,11960000
936,3,4,1.0,1.0,27,6,7,Independent House,Unfurnished,Ready to Move,Jayanagar,6.5,6.5,2.0,2,8640000
1535,3,3,2.0,1.0,12,11,20,Apartment,Semi-Furnished,Ready to Move,Sarjapur Road,4.8,12.4,2.0,3,9470000
584,1,2,1.0,1.0,7,7,20,Independent House,Unfurnished,Under Construction,Hebbal,3.1,12.6,3.0,1,4660000
434,1,2,0.0,1.0,9,2,3,Independent House,Semi-Furnished,Ready to Move,HSR Layout,8.5,8.4,3.0,2,4960000
1141,3,4,1.0,1.0,38,4,7,Apartment,Furnished,Under Construction,Koramangala,9.9,6.5,3.0,3,12280000
945,2,2,2.0,1.0,7,2,20,Apartment,Semi-Furnished,Ready to Move,Whitefield,2.0,21.0,0.0,1,6560000
1497,3,4,0.0,1.0,0,2,5,Villa,Semi-Furnished,Ready to Move,Marathahalli,3.2,19.9,5.0,2,12920000
480,2,3,1.0,2.0,0,7,25,Apartment,Unfurnished,Ready to Move,Sarjapur Road,3.1,18.0,2.0,0,2790000
1150,2,2,1.0,1.0,8,3,7,Independent House,Unfurnished,Ready to Move,Whitefield,2.2,16.7,2.0,2,7910000
856,2,2,1.0,1.0,8,15,15,Apartment,Unfurnished,Ready to Move,Yelahanka,2.6,8.5,4.0,0,4290000
1027,3,4,,0.0,11,2,7,Apartment,Furnished,Under Construction,Whitefield,5.2,17.2,0.0,0,6950000
1128,2,3,2.0,1.0,0,4,5,Independent House,Furnished,Ready to Move,Jayanagar,6.0,7.1,3.0,2,18320000
547,1,1,2.0,1.0,23,7,7,Apartment,Semi-Furnished,Under Construction,Sarjapur Road,1.1,19.9,4.0,5,2310000
683,1,1,2.0,1.0,6,6,10,Apartment,Unfurnished,Ready to Move,Yelahanka,4.2,14.2,3.0,1,2820000
3045,5,5,3.0,1.0,8,4,7,Apartment,Furnished,Ready to Move,Sarjapur Road,2.5,16.7,5.0,2,24450000
949,2,2,0.0,2.0,0,9,10,Apartment,Furnished,Under Construction,Hebbal,4.0,12.2,4.0,3,8370000
1357,3,3,1.0,0.0,25,5,5,Apartment,Furnished,Ready to Move,Electronic City,5.9,23.1,6.0,2,7550000
603,1,1,1.0,1.0,6,2,7,Independent House,Semi-Furnished,Ready to Move,Hebbal,5.6,15.1,2.0,0,5450000
871,2,3,1.0,2.0,6,7,10,Apartment,Semi-Furnished,Ready to Move,Whitefield,3.1,18.2,4.0,6,7500000
1161,3,4,1.0,1.0,22,2,7,Apartment,Semi-Furnished,Ready to Move,Yelahanka,1.2,13.8,3.0,2,4960000
1570,3,4,1.0,1.0,21,4,5,Villa,Unfurnished,Ready to Move,Jayanagar,8.1,12.1,3.0,0,20600000
2719,5,5,0.0,2.0,1,2,10,Apartment,Semi-Furnished,Under Construction,Hebbal,6.3,17.3,3.0,2,22980000
2013,4,5,1.0,1.0,21,8,10,Apartment,Semi-Furnished,Under Construction,Indiranagar,7.9,3.4,5.0,1,24830000
1705,3,3,3.0,1.0,10,23,25,Independent House,Semi-Furnished,Ready to Move,Marathahalli,2.1,17.4,3.0,3,14210000
1368,3,3,1.0,2.0,0,14,15,Villa,Semi-Furnished,Ready to Move,Jayanagar,7.2,12.6,8.0,6,23650000
1404,3,4,0.0,2.0,2,4,5,Apartment,Semi-Furnished,Ready to Move,Sarjapur Road,4.6,22.0,6.0,2,11100000
836,2,2,2.0,0.0,4,1,7,Villa,Semi-Furnished,Ready to Move,Whitefield,3.8,17.7,2.0,4,7410000
2172,4,4,1.0,1.0,6,2,3,Apartment,Unfurnished,Ready to Move,Whitefield,2.7,20.3,2.0,3,17610000
1497,3,3,1.0,1.0,9,2,5,Villa,Furnished,Ready to Move,HSR Layout,6.4,4.7,6.0,2,24670000
1652,3,3,1.0,2.0,1,6,7,Apartment,Semi-Furnished,Ready to Move,Koramangala,8.7,1.1,3.0,1,25810000
839,2,3,2.0,1.0,14,1,5,Apartment,Semi-Furnished,Under Construction,Yelahanka,2.3,16.0,2.0,2,3400000
499,1,2,2.0,2.0,14,1,5,Apartment,Semi-Furnished,Ready to Move,HSR Layout,6.7,10.7,2.0,0,4720000
2316,4,5,2.0,2.0,8,5,5,Apartment,Furnished,Ready to Move,Banashankari,5.2,5.9,3.0,2,25280000
997,2,3,1.0,2.0,20,7,7,Apartment,Semi-Furnished,Under Construction,Electronic City,5.1,13.7,2.0,3,4460000
777,2,3,1.0,1.0,13,4,5,Independent House,Semi-Furnished,Ready to Move,Koramangala,7.4,4.6,3.0,3,11090000
1198,2,3,0.0,1.0,2,7,7,Apartment,Furnished,Under Construction,Hebbal,3.3,14.2,3.0,2,10400000
1320,4,4,3.0,0.0,12,1,10,Apartment,Furnished,Under Construction,Marathahalli,3.9,16.3,2.0,2,7100000
636,1,2,2.0,1.0,24,4,5,Apartment,Semi-Furnished,Under Construction,Jayanagar,9.2,5.4,5.0,2,4990000
1493,4,4,0.0,1.0,1,5,5,Apartment,Unfurnished,Ready to Move,Jayanagar,4.0,5.6,5.0,1,17990000
1308,2,3,2.0,1.0,30,2,3,Villa,Furnished,Ready to Move,Sarjapur Road,0.2,18.7,2.0,1,10150000
1382,4,4,1.0,1.0,0,7,10,Apartment,Furnished,Ready to Move,HSR Layout,6.2,11.2,5.0,3,21070000
1722,3,4,3.0,1.0,5,5,15,Apartment,Unfurnished,Ready to Move,Banashankari,4.1,7.7,3.0,0,12700000
934,2,3,2.0,2.0,11,2,3,Apartment,Semi-Furnished,Under Construction,Banashankari,4.4,1.0,0.0,2,6290000
1297,3,4,1.0,1.0,12,5,10,Villa,Semi-Furnished,Under Construction,Marathahalli,3.6,18.2,4.0,1,9560000
985,2,3,2.0,0.0,10,5,10,Apartment,Unfurnished,Under Construction,Koramangala,9.5,2.6,5.0,4,10050000
1070,2,2,1.0,1.0,6,7,10,Apartment,Unfurnished,Ready to Move,Sarjapur Road,3.6,14.3,1.0,2,6130000
1638,4,4,1.0,2.0,8,3,20,Apartment,Semi-Furnished,Under Construction,Whitefield,5.6,18.8,3.0,3,10680000
795,2,2,2.0,2.0,9,1,20,Apartment,Furnished,Ready to Move,Whitefield,0.6,20.3,2.0,4,6170000
1073,2,2,1.0,1.0,5,2,3,Apartment,Unfurnished,Under Construction,HSR Layout,5.5,8.2,4.0,3,9830000
625,2,2,0.0,1.0,7,4,7,Villa,Furnished,Ready to Move,Indiranagar,7.4,3.4,1.0,2,14700000
838,2,2,2.0,2.0,14,7,10,Villa,Furnished,Under Construction,Hebbal,1.6,11.0,5.0,2,8830000
3216,4,4,2.0,0.0,3,8,25,Independent House,Furnished,Ready to Move,Sarjapur Road,3.8,19.1,1.0,3,26400000
766,2,3,0.0,1.0,5,14,15,Apartment,Semi-Furnished,Ready to Move,Sarjapur Road,3.5,15.6,6.0,0,5130000
3442,5,6,1.0,1.0,0,1,5,Apartment,Semi-Furnished,Under Construction,Indiranagar,8.0,6.0,3.0,3,44690000
1765,4,4,2.0,1.0,9,1,7,Apartment,Semi-Furnished,Under Construction,Electronic City,3.1,17.9,5.0,1,8380000
1046,2,2,0.0,1.0,1,9,15,Independent House,Furnished,Under Construction,Electronic City,3.5,28.0,1.0,4,7190000
1074,2,2,2.0,0.0,5,7,10,Apartment,Semi-Furnished,Ready to Move,Banashankari,6.2,11.2,2.0,2,8890000
2451,4,4,0.0,1.0,1,9,10,Villa,Unfurnished,Ready to Move,Whitefield,5.3,19.2,1.0,6,23120000
911,2,2,0.0,0.0,0,4,10,Apartment,Unfurnished,Ready to Move,Hebbal,5.5,13.0,2.0,1,7210000
768,1,1,0.0,1.0,5,2,5,Apartment,Semi-Furnished,Under Construction,Marathahalli,7.5,10.5,2.0,2,4010000
838,2,2,1.0,1.0,4,14,20,Apartment,Furnished,Ready to Move,Indiranagar,7.6,6.7,2.0,3,15070000
1465,3,3,2.0,1.0,4,15,20,Apartment,Semi-Furnished,Under Construction,Sarjapur Road,1.6,20.5,5.0,1,8890000
1468,3,3,1.0,0.0,1,2,10,Independent House,Semi-Furnished,Ready to Move,Indiranagar,10.0,5.8,1.0,3,27420000
736,2,2,1.0,1.0,23,10,10,Independent House,Unfurnished,Ready to Move,Yelahanka,5.8,18.7,6.0,4,3740000
895,2,3,2.0,1.0,0,3,10,Apartment,Furnished,Under Construction,Yelahanka,2.0,16.0,4.0,3,4670000
2064,4,5,0.0,1.0,17,3,5,Apartment,Semi-Furnished,Ready to Move,Indiranagar,10.0,4.7,2.0,2,33120000
1279,3,3,1.0,1.0,10,5,5,Independent House,Furnished,Ready to Move,HSR Layout,5.5,8.0,3.0,2,18870000
2083,3,3,0.0,1.0,1,3,3,Villa,Semi-Furnished,Ready to Move,Marathahalli,4.9,15.7,2.0,2,16550000
1165,3,3,0.0,0.0,5,1,20,Apartment,Semi-Furnished,Ready to Move,Yelahanka,4.0,13.5,2.0,2,6330000
1174,2,2,1.0,0.0,35,7,7,Apartment,Semi-Furnished,Ready to Move,HSR Layout,5.4,11.2,,3,9780000
1639,3,3,1.0,1.0,8,2,3,Apartment,Unfurnished,Ready to Move,Marathahalli,6.8,14.9,4.0,1,10500000
947,2,2,1.0,1.0,1,3,10,Apartment,Unfurnished,Ready to Move,Marathahalli,6.9,18.0,1.0,2,5390000
785,2,2,2.0,1.0,4,1,3,Apartment,Unfurnished,Ready to Move,Sarjapur Road,2.1,19.8,2.0,3,4210000
1184,3,3,1.0,2.0,5,3,3,Apartment,Semi-Furnished,Under Construction,Koramangala,8.3,1.0,1.0,1,15460000
851,2,3,2.0,1.0,12,4,10,Apartment,Semi-Furnished,Under Construction,Sarjapur Road,5.0,16.0,2.0,2,3630000
1799,5,5,2.0,2.0,19,7,10,Apartment,Unfurnished,Under Construction,Yelahanka,0.2,13.9,1.0,1,8400000
759,2,2,1.0,1.0,0,6,10,Apartment,Semi-Furnished,Ready to Move,Koramangala,8.0,1.8,7.0,2,12080000
1407,4,4,1.0,1.0,3,1,10,Independent House,Semi-Furnished,Under Construction,HSR Layout,3.9,12.9,3.0,2,15890000
2538,4,4,1.0,2.0,2,4,10,Villa,Semi-Furnished,Under Construction,Banashankari,5.7,1.4,4.0,5,25310000
1067,2,3,0.0,1.0,44,1,7,Apartment,Unfurnished,Ready to Move,Koramangala,8.1,8.3,3.0,2,8950000
1620,3,4,3.0,1.0,6,3,10,Independent House,Semi-Furnished,Under Construction,Hebbal,4.4,15.0,2.0,6,15360000
1061,2,2,2.0,0.0,16,6,7,Independent House,Semi-Furnished,Ready to Move,Jayanagar,4.3,6.6,1.0,1,12020000
2066,4,5,2.0,2.0,4,3,7,Apartment,Unfurnished,Ready to Move,HSR Layout,5.4,11.0,5.0,5,23190000
1808,3,4,2.0,1.0,10,2,7,Apartment,Semi-Furnished,Ready to Move,Yelahanka,3.8,16.2,3.0,0,8470000
1228,3,3,0.0,1.0,2,5,7,Villa,Unfurnished,Ready to Move,Indiranagar,8.6,5.5,2.0,1,22050000
1429,3,3,1.0,1.0,19,1,5,Independent House,Furnished,Under Construction,Jayanagar,8.5,9.4,5.0,4,17320000
1091,2,3,0.0,1.0,4,2,3,Independent House,Furnished,Ready to Move,Electronic City,5.0,21.3,4.0,1,7930000
698,2,2,2.0,2.0,13,3,10,Independent House,Semi-Furnished,Ready to Move,Marathahalli,5.6,15.8,3.0,2,4680000
1538,2,2,2.0,1.0,2,2,10,Villa,Semi-Furnished,Ready to Move,Koramangala,7.2,1.4,2.0,6,28580000
1407,3,3,1.0,1.0,9,2,7,Apartment,Semi-Furnished,Under Construction,Electronic City,3.8,23.6,2.0,2,7610000
1439,3,4,0.0,1.0,4,22,25,Apartment,Semi-Furnished,Ready to Move,Banashankari,3.2,7.2,2.0,4,10920000
1751,3,4,0.0,2.0,0,6,10,Apartment,Semi-Furnished,Under Construction,HSR Layout,4.4,11.3,2.0,1,17600000
1123,2,3,2.0,2.0,4,2,20,Apartment,Unfurnished,Ready to Move,Marathahalli,5.8,11.4,5.0,1,6570000
1410,3,4,3.0,2.0,6,1,10,Villa,Unfurnished,Under Construction,Electronic City,1.6,23.3,3.0,3,7740000
564,1,2,1.0,2.0,1,5,5,Apartment,Unfurnished,Under Construction,Sarjapur Road,1.7,17.9,3.0,1,2090000
1398,4,5,0.0,0.0,1,19,25,Villa,Semi-Furnished,Ready to Move,Koramangala,8.2,8.7,2.0,3,26440000
2488,5,6,1.0,2.0,5,19,20,Apartment,Furnished,Ready to Move,Banashankari,4.3,8.8,2.0,5,25450000
1048,2,3,0.0,1.0,3,9,10,Apartment,Semi-Furnished,Ready to Move,Indiranagar,8.4,6.5,3.0,5,17600000
598,1,1,2.0,2.0,4,4,5,Apartment,Unfurnished,Ready to Move,HSR Layout,9.8,8.7,2.0,5,5970000
1182,2,3,1.0,1.0,4,1,5,Apartment,Unfurnished,Ready to Move,Whitefield,2.8,20.9,1.0,3,8050000
1366,3,4,2.0,1.0,1,13,15,Independent House,Semi-Furnished,Ready to Move,Koramangala,8.7,5.4,1.0,0,24110000
1011,3,4,1.0,1.0,1,3,3,Villa,Unfurnished,Ready to Move,Jayanagar,6.8,4.9,5.0,2,14420000
1695,3,4,1.0,0.0,15,1,10,Independent House,Semi-Furnished,Ready to Move,Electronic City,4.8,20.7,6.0,4,11870000
1222,2,3,1.0,1.0,1,3,10,Apartment,Unfurnished,Ready to Move,Hebbal,3.8,9.6,1.0,2,9030000
1651,3,4,2.0,1.0,8,1,5,Apartment,Semi-Furnished,Ready to Move,Indiranagar,8.3,4.8,6.0,3,25080000
1354,3,3,2.0,0.0,4,6,15,Apartment,Semi-Furnished,Under Construction,HSR Layout,6.5,8.0,4.0,1,12540000
1148,2,2,1.0,2.0,27,1,15,Apartment,Furnished,Under Construction,Marathahalli,1.8,14.9,0.0,2,5940000
2360,3,3,1.0,2.0,0,2,7,Independent House,Semi-Furnished,Ready to Move,Sarjapur Road,1.0,15.6,3.0,4,20010000
971,2,2,0.0,2.0,14,9,10,Villa,Unfurnished,Ready to Move,Koramangala,8.0,3.6,5.0,0,15190000
1032,3,3,0.0,2.0,5,11,15,Independent House,Furnished,Ready to Move,Koramangala,10.0,1.2,4.0,1,19410000
1765,4,4,2.0,1.0,0,1,10,Apartment,Unfurnished,Ready to Move,Whitefield,3.8,23.4,2.0,2,13070000
1068,2,2,1.0,1.0,2,4,10,Independent House,Semi-Furnished,Under Construction,Sarjapur Road,3.3,18.1,4.0,2,7350000
1358,4,5,1.0,0.0,4,6,7,Apartment,Unfurnished,Under Construction,Marathahalli,5.7,14.0,4.0,2,7490000
1447,3,3,2.0,2.0,3,2,5,Independent House,Unfurnished,Ready to Move,Indiranagar,8.4,6.8,2.0,1,23770000
1022,2,3,1.0,2.0,3,17,25,Apartment,Semi-Furnished,Under Construction,Hebbal,6.2,17.3,3.0,3,7600000
1829,3,4,1.0,1.0,19,4,10,Apartment,Unfurnished,Under Construction,Hebbal,9.0,12.2,4.0,2,11360000
1766,3,3,1.0,2.0,3,3,7,Apartment,Semi-Furnished,Ready to Move,Marathahalli,3.1,9.5,1.0,1,13200000
1114,2,2,2.0,1.0,4,7,15,Independent House,Semi-Furnished,Under Construction,Hebbal,4.7,15.5,4.0,1,9660000
539,2,3,2.0,1.0,11,7,10,Apartment,Furnished,Ready to Move,HSR Layout,6.9,5.9,4.0,2,6540000
1125,2,3,0.0,2.0,12,4,5,Apartment,Semi-Furnished,Ready to Move,Whitefield,6.6,18.5,2.0,2,9060000
627,1,1,2.0,1.0,0,14,20,Independent House,Semi-Furnished,Ready to Move,HSR Layout,6.2,13.6,5.0,1,7890000
578,1,1,1.0,1.0,9,2,3,Apartment,Furnished,Ready to Move,Whitefield,5.4,19.0,2.0,5,4770000
621,2,2,2.0,1.0,5,7,10,Apartment,Unfurnished,Under Construction,Jayanagar,7.2,4.3,2.0,2,5400000
802,2,2,3.0,1.0,1,9,10,Apartment,Furnished,Under Construction,Yelahanka,2.9,16.8,5.0,4,4370000
1533,4,4,2.0,1.0,2,1,7,Apartment,Furnished,Ready to Move,Whitefield,3.7,20.0,2.0,1,14370000
567,2,2,2.0,1.0,0,4,15,Independent House,Furnished,Ready to Move,Koramangala,7.1,1.9,0.0,1,10640000
1399,3,4,0.0,1.0,3,9,10,Independent House,Semi-Furnished,Ready to Move,Indiranagar,10.0,7.6,2.0,3,27260000
1176,3,4,2.0,1.0,2,15,15,Apartment,Semi-Furnished,Under Construction,Yelahanka,0.7,19.7,2.0,3,4810000
2135,3,4,2.0,1.0,3,3,7,Independent House,Semi-Furnished,Ready to Move,Electronic City,1.2,26.2,6.0,2,14930000
917,2,3,1.0,2.0,6,7,20,Apartment,Unfurnished,Under Construction,Jayanagar,7.0,7.7,2.0,5,7470000
2517,4,5,2.0,0.0,10,6,7,Apartment,Unfurnished,Under Construction,Whitefield,4.6,17.9,3.0,2,16530000
960,3,4,2.0,0.0,7,9,10,Apartment,Semi-Furnished,Ready to Move,Koramangala,8.6,1.0,8.0,2,13410000
1787,4,4,1.0,0.0,9,4,20,Apartment,Semi-Furnished,Ready to Move,Banashankari,3.4,1.0,5.0,2,13170000
968,2,2,0.0,2.0,16,1,3,Apartment,Unfurnished,Ready to Move,Banashankari,3.1,11.1,3.0,2,6580000
777,2,3,2.0,1.0,16,5,5,Independent House,Semi-Furnished,Ready to Move,Whitefield,3.9,20.6,2.0,1,6130000
1281,3,4,2.0,2.0,15,17,25,Independent House,Unfurnished,Ready to Move,Banashankari,6.0,6.7,0.0,1,10570000
526,1,1,2.0,1.0,1,25,25,Apartment,Semi-Furnished,Under Construction,Marathahalli,2.5,8.2,3.0,1,2380000
1334,3,3,2.0,1.0,2,14,15,Apartment,Semi-Furnished,Ready to Move,Hebbal,5.2,8.5,5.0,4,13290000
1302,2,3,2.0,2.0,5,5,10,Villa,Unfurnished,Ready to Move,Indiranagar,7.9,1.0,3.0,3,23890000
1505,3,3,2.0,0.0,3,2,10,Independent House,Unfurnished,Ready to Move,Jayanagar,4.4,10.3,2.0,1,17460000
3068,5,5,0.0,1.0,1,4,7,Independent House,Unfurnished,Under Construction,Indiranagar,6.7,6.9,1.0,2,45840000
1551,3,4,2.0,1.0,2,2,7,Apartment,Unfurnished,Ready to Move,Marathahalli,5.4,10.1,6.0,1,11020000
2245,4,4,1.0,1.0,29,3,7,Independent House,Semi-Furnished,Under Construction,Koramangala,7.1,8.9,6.0,3,28550000
1376,3,4,1.0,1.0,3,2,3,Apartment,Furnished,Ready to Move,Whitefield,6.2,17.8,6.0,1,14160000
1310,3,4,1.0,0.0,4,3,10,Apartment,Semi-Furnished,Ready to Move,Electronic City,3.3,23.0,3.0,3,8090000
2066,4,4,1.0,0.0,0,2,10,Apartment,Furnished,Under Construction,Sarjapur Road,1.6,19.1,2.0,0,13810000
2462,4,4,1.0,1.0,10,10,10,Apartment,Furnished,Ready to Move,HSR Layout,7.0,9.7,1.0,2,34270000
1715,3,3,1.0,2.0,4,4,10,Apartment,Semi-Furnished,Ready to Move,Marathahalli,2.8,13.1,1.0,5,10760000
904,2,2,1.0,0.0,0,17,20,Apartment,Unfurnished,Under Construction,Banashankari,4.1,8.1,3.0,5,6010000
1614,3,4,0.0,1.0,27,1,7,Apartment,Furnished,Under Construction,Whitefield,6.0,19.2,4.0,3,10180000
913,2,2,1.0,0.0,12,5,7,Villa,Semi-Furnished,Ready to Move,Marathahalli,2.1,14.7,2.0,1,7160000
956,2,2,2.0,1.0,10,10,10,Apartment,Furnished,Ready to Move,Indiranagar,8.0,5.9,5.0,3,15560000
1267,3,3,2.0,1.0,25,1,5,Apartment,Semi-Furnished,Ready to Move,Hebbal,3.4,10.4,5.0,3,9540000
1927,4,4,2.0,2.0,4,4,7,Apartment,Furnished,Under Construction,Koramangala,6.2,7.3,3.0,3,28940000
2536,4,4,1.0,2.0,10,5,10,Independent House,Furnished,Under Construction,Sarjapur Road,3.0,15.5,2.0,4,17880000
967,2,3,2.0,1.0,1,6,7,Apartment,Furnished,Ready to Move,Hebbal,3.7,13.2,4.0,2,8930000
564,1,1,1.0,0.0,9,9,20,Apartment,Semi-Furnished,Ready to Move,Yelahanka,2.6,15.0,3.0,2,2230000
1421,4,4,0.0,0.0,0,3,10,Apartment,Semi-Furnished,Ready to Move,Sarjapur Road,4.6,15.4,1.0,5,10320000
891,2,2,2.0,2.0,1,4,5,Independent House,Furnished,Ready to Move,Jayanagar,5.5,5.2,4.0,2,13840000
1332,3,4,2.0,1.0,4,4,10,Independent House,Furnished,Under Construction,Marathahalli,1.8,12.0,1.0,3,10740000
458,1,1,2.0,0.0,0,2,15,Apartment,Semi-Furnished,Under Construction,Hebbal,6.0,14.0,0.0,2,3550000
954,2,3,2.0,0.0,4,4,10,Apartment,Semi-Furnished,Under Construction,Marathahalli,2.9,13.7,1.0,3,4940000
2559,5,5,1.0,1.0,5,8,20,Independent House,Semi-Furnished,Ready to Move,Whitefield,7.1,24.1,2.0,2,23220000
965,2,3,2.0,1.0,7,2,15,Apartment,Unfurnished,Under Construction,Yelahanka,2.4,13.1,4.0,0,3650000
973,2,2,2.0,2.0,0,3,3,Villa,Unfurnished,Under Construction,Sarjapur Road,3.5,11.4,3.0,2,6290000
768,2,3,2.0,1.0,1,1,5,Apartment,Unfurnished,Ready to Move,Marathahalli,0.5,15.2,1.0,1,4880000
1840,4,5,2.0,1.0,7,2,10,Apartment,Furnished,Under Construction,HSR Layout,4.6,15.2,5.0,2,20640000
2030,4,5,1.0,1.0,8,4,5,Apartment,Semi-Furnished,Ready to Move,Marathahalli,0.6,15.5,3.0,1,13340000
1175,2,2,0.0,1.0,0,9,10,Apartment,Semi-Furnished,Ready to Move,Electronic City,3.8,19.2,2.0,5,6520000
578,1,2,1.0,1.0,6,6,15,Villa,Furnished,Under Construction,Marathahalli,3.9,10.9,2.0,2,5110000
1214,3,4,0.0,1.0,12,9,10,Independent House,Unfurnished,Ready to Move,Whitefield,5.3,26.1,4.0,5,8980000
1025,2,2,1.0,1.0,0,1,7,Apartment,Unfurnished,Under Construction,Marathahalli,5.2,12.9,5.0,0,5730000
1878,3,3,1.0,1.0,4,7,10,Independent House,Furnished,Ready to Move,Banashankari,6.1,5.0,7.0,2,19770000
650,1,2,3.0,2.0,3,2,5,Apartment,Semi-Furnished,Under Construction,Whitefield,4.0,23.6,6.0,4,3730000
1054,2,2,2.0,0.0,19,10,15,Apartment,Unfurnished,Ready to Move,Banashankari,4.8,7.6,5.0,1,5950000
1603,3,4,2.0,1.0,1,7,10,Apartment,Furnished,Under Construction,Electronic City,4.2,15.9,0.0,1,9250000
1223,2,2,0.0,1.0,3,6,10,Independent House,Furnished,Ready to Move,Yelahanka,1.8,22.2,3.0,1,8530000
2430,4,4,1.0,1.0,18,7,7,Independent House,Furnished,Ready to Move,Hebbal,3.6,13.8,3.0,3,23470000
612,1,2,2.0,0.0,3,6,15,Villa,Unfurnished,Ready to Move,Jayanagar,9.0,1.5,6.0,3,7170000
1153,2,2,0.0,1.0,6,3,10,Independent House,Semi-Furnished,Ready to Move,Sarjapur Road,1.0,22.2,2.0,0,8300000
2194,5,6,2.0,0.0,0,1,3,Villa,Semi-Furnished,Under Construction,Yelahanka,3.8,12.9,2.0,1,15150000
664,2,3,3.0,0.0,33,19,20,Independent House,Semi-Furnished,Ready to Move,Electronic City,3.8,18.7,2.0,2,3340000
1443,3,4,1.0,1.0,13,6,15,Villa,Unfurnished,Ready to Move,Electronic City,1.6,19.3,5.0,2,8200000
963,2,3,2.0,1.0,8,3,10,Independent House,Unfurnished,Ready to Move,Marathahalli,3.0,19.8,5.0,0,6490000
1247,3,4,0.0,2.0,0,4,7,Apartment,Semi-Furnished,Ready to Move,Hebbal,4.5,18.1,4.0,2,10210000
1631,3,3,2.0,1.0,0,2,25,Apartment,Semi-Furnished,Ready to Move,Sarjapur Road,,16.4,5.0,3,9420000
596,2,3,0.0,1.0,6,11,15,Apartment,Unfurnished,Under Construction,Hebbal,5.5,17.1,6.0,4,3850000
1786,4,4,1.0,1.0,2,4,10,Apartment,Furnished,Ready to Move,Indiranagar,8.6,1.0,4.0,0,35350000
1264,3,3,2.0,1.0,7,9,10,Apartment,Semi-Furnished,Under Construction,Hebbal,5.3,14.7,3.0,0,10610000
639,2,2,2.0,0.0,7,1,7,Apartment,Semi-Furnished,Under Construction,Koramangala,9.0,8.1,0.0,2,7060000
1818,3,4,2.0,1.0,14,5,5,Villa,Semi-Furnished,Ready to Move,Jayanagar,7.6,10.5,4.0,4,27680000
1019,3,3,1.0,1.0,2,2,7,Apartment,Semi-Furnished,Under Construction,Whitefield,6.6,20.2,4.0,1,6500000
838,2,2,2.0,1.0,6,6,7,Apartment,Semi-Furnished,Under Construction,Electronic City,4.9,23.7,1.0,3,4600000
1122,2,3,2.0,2.0,12,9,15,Apartment,Unfurnished,Ready to Move,Electronic City,3.4,19.8,5.0,2,5740000
1072,2,2,3.0,2.0,5,2,5,Independent House,Unfurnished,Under Construction,Electronic City,4.3,22.1,2.0,3,5320000
739,2,3,2.0,2.0,14,11,15,Apartment,Semi-Furnished,Ready to Move,Sarjapur Road,4.3,17.5,2.0,3,4200000
1591,3,4,2.0,2.0,1,3,10,Apartment,Furnished,Ready to Move,Electronic City,3.6,21.3,1.0,1,11350000
1481,3,3,2.0,1.0,10,1,7,Villa,Unfurnished,Ready to Move,Indiranagar,7.4,8.4,4.0,1,25150000
2933,4,4,2.0,1.0,22,1,7,Villa,Semi-Furnished,Ready to Move,HSR Layout,6.6,10.6,0.0,1,35970000
1026,2,3,0.0,1.0,3,2,10,Apartment,Unfurnished,Ready to Move,Electronic City,0.2,27.1,4.0,3,5050000
923,2,2,1.0,2.0,3,2,7,Apartment,Semi-Furnished,Under Construction,HSR Layout,7.9,10.7,3.0,4,9150000
1160,3,3,2.0,1.0,0,6,7,Apartment,Unfurnished,Ready to Move,Whitefield,4.9,26.6,5.0,0,8040000
1191,3,3,2.0,1.0,8,13,15,Independent House,Furnished,Ready to Move,Marathahalli,3.8,17.7,3.0,2,11070000
1168,3,3,2.0,0.0,6,6,10,Apartment,Semi-Furnished,Under Construction,Marathahalli,3.4,13.7,3.0,0,6030000
700,1,1,1.0,1.0,0,15,15,Apartment,Unfurnished,Ready to Move,Marathahalli,5.0,14.5,2.0,2,4410000
953,2,2,0.0,1.0,11,11,15,Apartment,Semi-Furnished,Ready to Move,Indiranagar,10.0,2.5,2.0,1,14150000
1057,2,3,1.0,1.0,14,8,15,Apartment,Unfurnished,Under Construction,Electronic City,3.9,22.5,2.0,1,3960000
3647,5,5,1.0,2.0,19,4,5,Independent House,Unfurnished,Under Construction,Hebbal,7.9,9.1,0.0,3,25860000
501,2,3,1.0,0.0,6,4,25,Apartment,Unfurnished,Ready to Move,Jayanagar,7.8,10.0,3.0,2,5100000
2511,4,4,3.0,2.0,4,3,10,Apartment,Furnished,Ready to Move,Indiranagar,7.5,4.0,3.0,5,45530000
1415,3,3,0.0,0.0,16,13,15,Apartment,Unfurnished,Under Construction,Whitefield,5.1,21.1,3.0,2,7980000
1032,2,3,1.0,2.0,4,2,10,Apartment,Furnished,Ready to Move,Electronic City,3.9,15.2,5.0,0,7180000
1168,3,4,1.0,1.0,8,1,10,Apartment,Unfurnished,Ready to Move,Electronic City,2.1,21.2,2.0,2,6620000
1697,4,5,3.0,1.0,7,8,25,Independent House,Unfurnished,Ready to Move,Electronic City,2.7,20.9,1.0,5,9010000
2195,4,5,2.0,0.0,3,5,5,Independent House,Furnished,Under Construction,Marathahalli,3.4,16.8,1.0,8,19630000
1403,2,3,1.0,1.0,0,7,7,Independent House,Semi-Furnished,Ready to Move,Jayanagar,6.8,7.6,1.0,3,18110000
1140,2,2,3.0,2.0,0,5,5,Independent House,Semi-Furnished,Ready to Move,Marathahalli,3.6,17.1,2.0,3,9900000
1190,2,3,1.0,0.0,4,3,5,Villa,Semi-Furnished,Ready to Move,Sarjapur Road,4.1,19.3,5.0,0,9510000
528,1,2,1.0,0.0,5,2,15,Apartment,Unfurnished,Ready to Move,Hebbal,5.6,15.7,3.0,4,4080000
1231,3,4,2.0,1.0,13,3,3,Independent House,Semi-Furnished,Ready to Move,Sarjapur Road,5.6,19.3,8.0,0,9030000
1687,4,5,1.0,0.0,4,12,20,Independent House,Semi-Furnished,Ready to Move,Banashankari,5.5,3.9,2.0,2,18410000
857,2,3,2.0,0.0,2,6,10,Independent House,Unfurnished,Under Construction,Whitefield,3.3,19.7,5.0,3,5630000
825,3,3,3.0,1.0,4,7,7,Apartment,Furnished,Under Construction,Koramangala,10.0,3.9,5.0,1,11760000
1197,3,4,2.0,1.0,2,6,7,Apartment,Semi-Furnished,Under Construction,Whitefield,3.3,10.2,1.0,0,9770000
843,2,3,1.0,1.0,0,4,5,Independent House,Unfurnished,Ready to Move,Marathahalli,3.4,11.0,0.0,1,6270000
916,2,3,1.0,2.0,0,1,20,Villa,Semi-Furnished,Ready to Move,Yelahanka,3.9,22.1,6.0,1,6230000
1436,3,4,0.0,1.0,3,10,15,Independent House,Furnished,Ready to Move,HSR Layout,10.0,9.2,3.0,1,21870000
2144,4,4,1.0,0.0,0,1,7,Apartment,Semi-Furnished,Ready to Move,Yelahanka,3.6,15.7,1.0,3,12540000
1395,3,4,0.0,1.0,1,1,3,Apartment,Semi-Furnished,Under Construction,Whitefield,3.4,13.5,3.0,4,7830000
486,1,2,1.0,1.0,12,5,7,Apartment,Furnished,Ready to Move,Yelahanka,0.5,12.0,5.0,3,2170000
576,2,3,2.0,1.0,2,3,5,Independent House,Semi-Furnished,Under Construction,Electronic City,0.8,23.5,5.0,2,3230000
486,1,1,2.0,1.0,0,9,15,Apartment,Semi-Furnished,Under Construction,Whitefield,,18.6,3.0,3,2540000
1127,3,4,0.0,2.0,23,14,15,Apartment,Unfurnished,Under Construction,Indiranagar,9.5,1.7,,1,11800000
1530,3,3,1.0,1.0,7,9,10,Independent House,Semi-Furnished,Ready to Move,HSR Layout,4.2,13.9,1.0,4,19500000
1122,2,3,1.0,0.0,0,6,20,Apartment,Semi-Furnished,Ready to Move,HSR Layout,6.7,7.9,2.0,3,13030000
2375,4,4,0.0,1.0,0,4,5,Independent House,Furnished,Ready to Move,Electronic City,1.4,18.1,6.0,5,21320000
1611,3,4,1.0,1.0,7,1,10,Apartment,Unfurnished,Ready to Move,Hebbal,3.6,12.1,4.0,2,12760000
1362,3,3,1.0,2.0,6,10,15,Independent House,Unfurnished,Under Construction,Jayanagar,7.6,3.6,4.0,2,13370000
2507,5,5,2.0,2.0,0,1,3,Apartment,Unfurnished,Ready to Move,Electronic City,2.2,19.6,3.0,3,13620000
467,1,2,2.0,1.0,2,2,7,Independent House,Semi-Furnished,Ready to Move,Marathahalli,6.0,13.8,3.0,2,3540000
1397,4,4,1.0,1.0,21,2,10,Independent House,Unfurnished,Ready to Move,Sarjapur Road,2.8,16.1,3.0,3,9200000
1138,2,3,2.0,1.0,6,4,7,Apartment,Furnished,Under Construction,HSR Layout,8.0,5.0,1.0,4,13160000
916,2,3,0.0,1.0,4,1,10,Apartment,Furnished,Ready to Move,Electronic City,6.7,23.7,3.0,1,5980000
1501,4,5,2.0,1.0,2,5,10,Apartment,Semi-Furnished,Under Construction,Koramangala,6.9,6.6,4.0,2,16850000
1669,4,4,1.0,1.0,1,5,7,Villa,Unfurnished,Ready to Move,Koramangala,10.0,3.2,3.0,0,33530000
1157,3,4,1.0,1.0,4,1,5,Independent House,Semi-Furnished,Under Construction,Sarjapur Road,3.7,19.9,2.0,2,7280000
1412,3,3,0.0,1.0,20,5,5,Apartment,Furnished,Ready to Move,Koramangala,7.1,2.9,1.0,4,19660000
1698,3,4,1.0,1.0,0,7,10,Villa,Unfurnished,Ready to Move,Jayanagar,6.2,1.0,2.0,0,26390000
1860,4,5,2.0,1.0,37,3,5,Apartment,Semi-Furnished,Under Construction,Sarjapur Road,3.1,20.7,4.0,4,7490000
522,2,2,3.0,1.0,1,11,20,Independent House,Semi-Furnished,Under Construction,Whitefield,6.4,19.7,3.0,2,4140000
1924,4,4,2.0,1.0,4,13,15,Independent House,Furnished,Ready to Move,Jayanagar,8.6,6.5,1.0,0,33670000
1356,3,3,1.0,1.0,0,6,7,Apartment,Unfurnished,Under Construction,HSR Layout,8.3,9.7,5.0,0,14950000
1337,3,4,2.0,1.0,7,2,15,Apartment,Unfurnished,Ready to Move,Banashankari,2.7,7.5,3.0,1,8960000
830,2,2,2.0,0.0,5,9,10,Apartment,Semi-Furnished,Under Construction,Indiranagar,9.0,5.4,2.0,0,11540000
1460,3,4,2.0,0.0,8,2,5,Apartment,Semi-Furnished,Ready to Move,Hebbal,2.7,12.5,4.0,0,10730000
2026,4,5,2.0,1.0,6,2,10,Apartment,Semi-Furnished,Ready to Move,Jayanagar,8.2,9.8,5.0,0,25390000
1393,3,4,2.0,0.0,4,1,10,Apartment,Unfurnished,Ready to Move,Whitefield,3.6,21.3,0.0,1,8780000
3031,5,6,2.0,1.0,10,1,3,Apartment,Semi-Furnished,Ready to Move,Marathahalli,4.8,17.5,4.0,4,22440000
868,2,2,2.0,1.0,0,4,7,Apartment,Semi-Furnished,Ready to Move,Banashankari,3.9,12.5,1.0,2,7160000
1263,3,4,0.0,0.0,6,3,3,Apartment,Semi-Furnished,Ready to Move,Marathahalli,1.4,9.2,7.0,1,9280000
2552,4,5,1.0,2.0,0,4,7,Apartment,Furnished,Ready to Move,Hebbal,6.3,15.8,2.0,1,29760000
1556,3,4,2.0,1.0,4,5,7,Apartment,Furnished,Ready to Move,Yelahanka,4.4,18.0,3.0,3,8870000
1631,3,3,2.0,1.0,12,6,10,Independent House,Furnished,Ready to Move,HSR Layout,6.5,11.5,3.0,2,20360000
1743,3,3,1.0,1.0,1,5,5,Villa,Furnished,Under Construction,HSR Layout,3.2,13.0,2.0,2,24980000
2210,4,4,3.0,0.0,21,1,3,Apartment,Semi-Furnished,Under Construction,Marathahalli,5.1,13.2,3.0,6,12900000
2371,4,4,1.0,1.0,17,6,7,Apartment,Unfurnished,Ready to Move,Electronic City,2.2,23.8,5.0,1,12220000
649,2,2,1.0,2.0,4,4,15,Independent House,Semi-Furnished,Ready to Move,Hebbal,5.8,8.8,4.0,0,6470000
2081,4,4,1.0,0.0,0,6,7,Independent House,Unfurnished,Ready to Move,Yelahanka,2.3,11.8,3.0,4,11390000
915,2,3,3.0,1.0,12,1,7,Apartment,Unfurnished,Under Construction,Electronic City,2.8,23.6,2.0,3,3600000
1268,2,2,1.0,2.0,17,5,10,Apartment,Semi-Furnished,Under Construction,HSR Layout,7.1,9.8,4.0,2,10060000
2371,4,5,1.0,1.0,1,9,15,Apartment,Semi-Furnished,Ready to Move,Hebbal,3.8,12.0,6.0,2,23010000
830,2,2,1.0,1.0,19,4,10,Apartment,Semi-Furnished,Under Construction,HSR Layout,6.1,7.6,2.0,1,7050000
2149,4,5,1.0,1.0,19,1,3,Apartment,Furnished,Ready to Move,Hebbal,5.8,13.2,4.0,2,22490000
981,2,3,2.0,2.0,5,5,5,Apartment,Furnished,Ready to Move,Indiranagar,10.0,3.7,6.0,2,19270000
599,1,2,1.0,1.0,12,1,5,Villa,Semi-Furnished,Ready to Move,Marathahalli,3.9,13.9,6.0,3,3890000
1114,3,4,2.0,2.0,4,4,10,Apartment,Semi-Furnished,Ready to Move,Whitefield,5.6,18.5,1.0,3,9600000
1018,2,2,3.0,1.0,6,1,3,Apartment,Unfurnished,Under Construction,Marathahalli,2.2,11.6,4.0,4,5280000
1336,3,4,0.0,2.0,3,7,7,Apartment,Furnished,Under Construction,Indiranagar,10.0,4.4,4.0,3,22700000
1003,2,2,2.0,2.0,1,4,10,Apartment,Unfurnished,Under Construction,Marathahalli,2.8,17.6,2.0,2,5560000
812,2,2,1.0,1.0,10,2,7,Apartment,Furnished,Ready to Move,Koramangala,7.8,2.6,3.0,5,12430000
485,1,1,1.0,1.0,0,3,15,Apartment,Furnished,Ready to Move,Sarjapur Road,4.4,17.6,2.0,1,3510000
1173,2,2,2.0,1.0,6,4,7,Independent House,Semi-Furnished,Ready to Move,Hebbal,3.8,11.2,1.0,0,10850000
1105,3,3,2.0,2.0,16,8,25,Apartment,Furnished,Ready to Move,HSR Layout,8.0,8.1,1.0,7,14450000
764,2,3,1.0,2.0,2,14,25,Villa,Semi-Furnished,Ready to Move,Whitefield,3.3,23.7,2.0,1,9240000
1385,3,3,0.0,0.0,3,1,15,Independent House,Furnished,Under Construction,Whitefield,5.6,15.9,1.0,0,11340000
1691,4,5,3.0,1.0,7,2,25,Apartment,Semi-Furnished,Ready to Move,Marathahalli,5.6,13.7,1.0,2,11450000
1152,3,4,2.0,2.0,2,4,5,Apartment,Semi-Furnished,Under Construction,Marathahalli,4.9,11.5,1.0,2,7570000
2042,4,4,1.0,1.0,15,11,15,Apartment,Unfurnished,Ready to Move,Jayanagar,7.7,7.7,1.0,1,19040000
664,2,2,1.0,1.0,3,5,7,Independent House,Semi-Furnished,Under Construction,HSR Layout,10.0,10.4,3.0,4,7600000
758,2,3,0.0,0.0,6,6,15,Independent House,Furnished,Under Construction,Electronic City,4.0,25.5,0.0,1,5130000
2821,4,4,1.0,1.0,2,3,7,Villa,Furnished,Ready to Move,Marathahalli,4.2,16.2,4.0,2,31950000
1528,3,3,1.0,2.0,0,7,7,Apartment,Furnished,Ready to Move,Jayanagar,7.2,6.2,2.0,2,20710000
1190,3,4,1.0,2.0,1,3,25,Villa,Unfurnished,Under Construction,Banashankari,6.6,10.2,5.0,5,11770000
1517,3,3,1.0,1.0,0,4,5,Apartment,Semi-Furnished,Under Construction,Koramangala,10.0,6.5,2.0,2,21250000
1057,2,2,2.0,1.0,5,5,15,Apartment,Semi-Furnished,Ready to Move,Sarjapur Road,3.4,15.3,4.0,3,6640000
659,1,1,1.0,2.0,7,5,10,Apartment,Semi-Furnished,Ready to Move,Electronic City,2.0,24.3,3.0,1,3620000
1364,3,3,2.0,2.0,0,3,7,Apartment,Semi-Furnished,Ready to Move,Indiranagar,10.0,5.9,3.0,1,24960000
1673,3,3,1.0,,0,4,10,Independent House,Semi-Furnished,Ready to Move,Sarjapur Road,1.6,19.5,4.0,4,12720000
829,3,3,1.0,0.0,5,5,5,Apartment,Semi-Furnished,Under Construction,Sarjapur Road,4.1,16.8,0.0,1,4740000
1577,4,4,1.0,1.0,12,3,20,Apartment,Semi-Furnished,Ready to Move,Banashankari,5.1,5.4,1.0,2,13050000
981,2,2,2.0,2.0,7,10,25,Apartment,Semi-Furnished,Under Construction,Koramangala,7.8,1.0,1.0,0,12270000
1012,2,3,1.0,1.0,0,3,15,Independent House,Semi-Furnished,Under Construction,Whitefield,4.3,9.8,3.0,4,7720000
1635,4,4,0.0,2.0,17,8,15,Villa,Unfurnished,Under Construction,Sarjapur Road,1.2,15.9,4.0,1,10500000
1472,3,4,0.0,1.0,19,3,3,Apartment,Furnished,Ready to Move,Marathahalli,2.7,21.3,3.0,1,9280000
1225,3,3,1.0,2.0,3,6,7,Apartment,Unfurnished,Ready to Move,HSR Layout,7.7,12.5,1.0,1,14160000
897,2,2,1.0,2.0,7,7,7,Apartment,Semi-Furnished,Under Construction,Whitefield,1.3,21.0,1.0,4,5760000
1144,2,3,2.0,1.0,5,7,10,Independent House,Unfurnished,Ready to Move,Whitefield,4.2,22.9,3.0,3,8300000
1654,3,4,1.0,2.0,22,5,5,Apartment,Semi-Furnished,Ready to Move,Yelahanka,2.5,15.2,3.0,4,6720000
760,2,2,2.0,2.0,5,9,10,Apartment,Furnished,Under Construction,Koramangala,5.0,2.8,2.0,2,10900000
1577,4,4,3.0,2.0,25,5,10,Apartment,Unfurnished,Ready to Move,Electronic City,5.9,21.1,4.0,1,6850000
1835,4,4,1.0,1.0,1,5,5,Apartment,Furnished,Ready to Move,HSR Layout,4.8,7.8,1.0,1,23800000
1989,4,5,,1.0,3,2,5,Independent House,Unfurnished,Under Construction,Electronic City,4.2,20.0,1.0,0,9460000
824,2,2,2.0,1.0,12,3,3,Apartment,Unfurnished,Under Construction,Whitefield,3.6,20.0,4.0,3,4960000
1691,3,3,3.0,1.0,12,13,15,Apartment,Furnished,Ready to Move,Jayanagar,5.4,6.2,4.0,3,19490000
1016,2,3,1.0,1.0,10,4,7,Apartment,Semi-Furnished,Ready to Move,Whitefield,4.0,24.0,3.0,0,7820000
1027,2,3,2.0,1.0,15,2,5,Apartment,Unfurnished,Ready to Move,Hebbal,4.5,15.1,3.0,2,7800000
410,1,2,3.0,1.0,9,10,15,Independent House,Furnished,Ready to Move,HSR Layout,6.1,5.5,2.0,0,5280000
1171,2,2,1.0,2.0,8,1,5,Apartment,Semi-Furnished,Ready to Move,Jayanagar,5.5,5.1,3.0,3,12740000
871,4,5,1.0,1.0,4,4,7,Independent House,Unfurnished,Ready to Move,Yelahanka,1.5,12.7,4.0,1,4990000
1108,2,3,3.0,1.0,5,2,15,Independent House,Furnished,Under Construction,Marathahalli,5.5,6.2,6.0,1,8290000
1127,2,3,2.0,1.0,4,3,10,Apartment,Semi-Furnished,Ready to Move,Jayanagar,6.7,6.3,2.0,0,12570000
2557,5,6,1.0,0.0,7,9,10,Apartment,Unfurnished,Ready to Move,Electronic City,3.2,23.7,5.0,0,13220000
690,1,2,2.0,2.0,4,1,5,Apartment,Furnished,Under Construction,Electronic City,2.0,22.2,6.0,2,3400000
1382,3,3,1.0,1.0,1,5,5,Villa,Semi-Furnished,Under Construction,Marathahalli,6.4,15.3,1.0,1,13540000
961,2,2,1.0,1.0,0,3,10,Apartment,Semi-Furnished,Ready to Move,Banashankari,4.5,7.0,1.0,2,7980000
587,1,2,1.0,1.0,20,2,3,Apartment,Furnished,Ready to Move,Marathahalli,1.2,10.9,2.0,1,3840000
3274,4,4,2.0,1.0,0,19,20,Apartment,Furnished,Under Construction,Jayanagar,7.1,4.9,4.0,1,42770000
1205,2,2,2.0,1.0,0,1,7,Villa,Unfurnished,Ready to Move,Sarjapur Road,2.5,22.1,1.0,2,8460000
1596,3,3,1.0,0.0,4,6,7,Apartment,Furnished,Under Construction,Indiranagar,10.0,6.1,7.0,1,23390000
776,2,3,2.0,1.0,2,3,7,Apartment,Semi-Furnished,Under Construction,Whitefield,5.9,15.4,2.0,3,5270000
565,1,1,1.0,1.0,4,4,20,Apartment,Semi-Furnished,Ready to Move,Jayanagar,8.1,6.4,6.0,2,5830000
460,1,2,2.0,2.0,0,5,10,Apartment,Furnished,Under Construction,Banashankari,4.0,11.8,4.0,0,3870000
1106,2,2,1.0,1.0,1,5,7,Independent House,Furnished,Under Construction,Koramangala,7.8,6.3,5.0,2,17770000
565,1,1,1.0,1.0,12,2,10,Apartment,Semi-Furnished,Ready to Move,Sarjapur Road,4.0,21.9,3.0,2,3210000
1085,3,3,2.0,0.0,11,7,7,Independent House,Semi-Furnished,Ready to Move,HSR Layout,7.7,5.5,0.0,2,14070000
1422,3,3,1.0,1.0,0,6,10,Villa,Semi-Furnished,Under Construction,Jayanagar,5.1,6.4,2.0,3,23530000
788,2,3,2.0,1.0,8,6,7,Apartment,Unfurnished,Ready to Move,Whitefield,4.5,19.0,6.0,2,4830000
978,2,3,1.0,0.0,7,3,7,Villa,Furnished,Ready to Move,Indiranagar,10.0,6.8,5.0,2,20820000
1656,4,5,0.0,1.0,9,7,7,Apartment,Furnished,Under Construction,Sarjapur Road,2.9,15.5,3.0,1,10890000
2010,4,4,0.0,1.0,5,3,3,Apartment,Furnished,Under Construction,Electronic City,3.3,19.4,3.0,1,13690000
1610,3,3,2.0,1.0,2,2,3,Villa,Semi-Furnished,Ready to Move,Marathahalli,7.9,14.0,0.0,0,15840000
1978,4,4,1.0,1.0,8,2,5,Apartment,Unfurnished,Ready to Move,Hebbal,4.6,9.2,3.0,1,14320000
875,2,2,2.0,2.0,3,3,7,Villa,Furnished,Under Construction,Yelahanka,0.7,16.8,5.0,3,6500000
988,2,2,2.0,1.0,1,16,20,Apartment,Semi-Furnished,Ready to Move,HSR Layout,6.2,3.9,1.0,1,10090000
1595,3,4,1.0,1.0,4,6,10,Independent House,Unfurnished,Ready to Move,Electronic City,5.8,25.5,3.0,1,10020000
1089,3,3,1.0,2.0,11,23,25,Apartment,Furnished,Ready to Move,Koramangala,9.6,1.0,2.0,1,17260000
1472,3,3,1.0,1.0,5,1,7,Apartment,Furnished,Ready to Move,Banashankari,3.2,10.7,3.0,1,12630000
1200,2,3,3.0,1.0,2,3,7,Apartment,Semi-Furnished,Ready to Move,Yelahanka,3.6,14.3,2.0,0,5590000
3121,5,5,1.0,1.0,14,1,15,Independent House,Unfurnished,Under Construction,Jayanagar,6.4,1.7,4.0,2,37090000
2023,4,5,1.0,0.0,17,1,10,Independent House,Unfurnished,Ready to Move,Hebbal,6.2,12.5,0.0,2,17260000
1071,2,3,1.0,1.0,4,10,10,Apartment,Semi-Furnished,Under Construction,Jayanagar,5.7,8.7,1.0,1,10540000
1526,3,3,2.0,2.0,3,2,10,Independent House,Semi-Furnished,Under Construction,Marathahalli,4.7,17.5,4.0,3,12550000
1093,2,2,2.0,1.0,7,8,10,Apartment,Semi-Furnished,Ready to Move,Whitefield,7.2,23.4,1.0,1,8780000
565,2,3,3.0,1.0,0,10,15,Apartment,Furnished,Ready to Move,Sarjapur Road,0.0,15.4,8.0,3,3970000
654,2,2,2.0,1.0,9,6,10,Independent House,Semi-Furnished,Under Construction,Koramangala,8.9,4.6,0.0,2,8640000
1140,2,2,1.0,1.0,12,22,25,Independent House,Semi-Furnished,Ready to Move,Hebbal,7.0,6.7,3.0,1,10050000
384,1,2,1.0,1.0,4,17,20,Villa,Furnished,Ready to Move,Hebbal,2.7,12.2,2.0,3,4660000
2160,4,4,2.0,1.0,1,2,7,Independent House,Semi-Furnished,Ready to Move,Sarjapur Road,2.6,19.0,4.0,1,15240000
883,2,2,3.0,1.0,0,1,3,Apartment,Furnished,Under Construction,Whitefield,3.7,18.9,5.0,2,6460000
1121,3,4,1.0,1.0,8,3,3,Independent House,Furnished,Ready to Move,Electronic City,2.2,16.5,3.0,2,7370000
588,1,2,1.0,2.0,2,2,5,Apartment,Unfurnished,Ready to Move,HSR Layout,5.1,8.2,6.0,4,5370000
988,2,2,2.0,1.0,4,2,3,Apartment,Furnished,Under Construction,Electronic City,2.8,27.7,2.0,2,6300000
2844,4,4,1.0,1.0,3,1,7,Apartment,Unfurnished,Under Construction,Whitefield,5.6,21.2,2.0,2,17770000
1225,3,3,1.0,1.0,1,2,3,Apartment,Furnished,Ready to Move,Yelahanka,5.2,14.5,5.0,3,8570000
3606,5,5,3.0,1.0,5,7,10,Apartment,Semi-Furnished,Ready to Move,Jayanagar,8.6,5.5,1.0,2,47350000
2997,5,6,2.0,1.0,4,1,5,Apartment,Semi-Furnished,Under Construction,Electronic City,4.8,23.2,2.0,2,18010000
824,2,3,1.0,2.0,7,1,10,Apartment,Semi-Furnished,Under Construction,Electronic City,6.1,17.4,6.0,2,3620000
1101,2,3,1.0,1.0,2,3,5,Apartment,Unfurnished,Ready to Move,Indiranagar,10.0,1.0,1.0,1,14590000
2226,4,4,1.0,1.0,1,10,15,Apartment,Unfurnished,Ready to Move,Marathahalli,4.2,11.8,6.0,0,16820000
2820,5,5,3.0,2.0,13,15,15,Apartment,Furnished,Ready to Move,Jayanagar,8.8,4.5,3.0,1,41990000
1474,3,3,3.0,0.0,9,6,7,Apartment,Semi-Furnished,Ready to Move,Yelahanka,3.6,21.4,3.0,2,6850000
1232,3,3,2.0,1.0,11,2,20,Villa,Semi-Furnished,Under Construction,Jayanagar,6.3,6.2,0.0,1,16740000
1168,3,3,1.0,1.0,1,3,5,Independent House,Furnished,Ready to Move,Banashankari,4.6,6.4,1.0,2,13190000
1094,2,2,0.0,1.0,2,8,15,Independent House,Unfurnished,Ready to Move,Hebbal,6.5,12.2,1.0,1,10670000
1337,3,3,2.0,2.0,6,4,10,Apartment,Furnished,Ready to Move,HSR Layout,8.5,3.9,3.0,2,16170000
1967,4,5,1.0,1.0,15,4,7,Villa,Semi-Furnished,Under Construction,Yelahanka,3.9,13.3,1.0,3,11180000
1478,3,4,2.0,1.0,17,3,3,Apartment,Unfurnished,Under Construction,Whitefield,3.7,17.8,2.0,2,8090000
579,1,1,2.0,1.0,14,2,5,Apartment,Furnished,Ready to Move,Hebbal,4.3,8.9,1.0,3,5360000
678,2,2,1.0,1.0,0,5,20,Apartment,Semi-Furnished,Ready to Move,Electronic City,0.6,25.7,5.0,4,3910000
1194,2,3,3.0,0.0,13,6,10,Independent House,Unfurnished,Ready to Move,Yelahanka,3.5,18.0,5.0,1,5190000
973,2,3,0.0,2.0,18,5,5,Apartment,Semi-Furnished,Ready to Move,Hebbal,5.4,8.4,9.0,2,8040000
1918,4,4,2.0,0.0,0,2,10,Apartment,Furnished,Ready to Move,Hebbal,3.4,8.2,1.0,3,15510000
597,1,2,1.0,1.0,4,3,5,Apartment,Unfurnished,Ready to Move,Hebbal,5.7,8.2,1.0,0,3960000
994,2,3,2.0,1.0,6,2,3,Independent House,Semi-Furnished,Ready to Move,Electronic City,4.0,21.4,1.0,1,6740000
1095,2,2,2.0,2.0,2,8,20,Villa,Furnished,Ready to Move,Whitefield,2.1,20.6,0.0,4,12930000
1550,3,3,0.0,1.0,5,5,10,Apartment,Furnished,Under Construction,Electronic City,2.9,23.2,3.0,0,8430000
1600,3,3,1.0,1.0,17,2,7,Apartment,Furnished,Under Construction,Koramangala,10.0,1.0,1.0,2,19200000
1206,2,2,1.0,1.0,16,1,20,Apartment,Semi-Furnished,Ready to Move,Sarjapur Road,2.7,17.5,0.0,1,6840000
1117,2,2,1.0,1.0,22,1,7,Villa,Semi-Furnished,Ready to Move,Electronic City,3.4,21.8,3.0,0,7360000
919,2,3,2.0,1.0,5,7,7,Apartment,Semi-Furnished,Ready to Move,Banashankari,4.9,11.6,2.0,3,7570000
1085,3,4,1.0,2.0,4,5,7,Independent House,Unfurnished,Ready to Move,Marathahalli,4.0,16.3,3.0,0,8260000
1266,2,2,1.0,0.0,8,1,10,Apartment,Semi-Furnished,Ready to Move,Hebbal,6.0,7.7,3.0,2,9340000
1904,4,4,1.0,1.0,4,9,10,Villa,Semi-Furnished,Ready to Move,Koramangala,9.4,1.0,5.0,5,40330000
1267,3,4,2.0,1.0,0,2,3,Apartment,Furnished,Under Construction,Hebbal,6.9,11.7,3.0,1,11130000
358,1,1,2.0,2.0,10,6,10,Apartment,Unfurnished,Ready to Move,Yelahanka,2.5,14.1,4.0,5,1390000
1494,3,3,1.0,1.0,2,7,15,Apartment,Semi-Furnished,Ready to Move,Indiranagar,9.5,2.1,1.0,1,22600000
978,2,3,2.0,1.0,0,1,10,Apartment,Semi-Furnished,Ready to Move,Marathahalli,5.3,11.7,3.0,3,7160000
975,3,3,2.0,0.0,0,10,20,Apartment,Semi-Furnished,Under Construction,Sarjapur Road,,19.7,4.0,4,5740000
1036,2,2,0.0,1.0,21,3,7,Independent House,Semi-Furnished,Under Construction,Koramangala,6.9,1.0,2.0,2,11460000
1260,3,3,2.0,1.0,2,1,5,Apartment,Unfurnished,Ready to Move,Jayanagar,6.9,11.5,3.0,0,12520000
2153,3,3,1.0,1.0,4,5,10,Villa,Unfurnished,Ready to Move,Electronic City,2.4,19.8,3.0,0,17180000
1772,4,4,0.0,1.0,24,2,5,Independent House,Semi-Furnished,Ready to Move,Koramangala,6.9,5.9,2.0,2,29330000
867,2,2,1.0,1.0,5,3,3,Apartment,Furnished,Ready to Move,Electronic City,3.7,20.0,4.0,4,5100000
783,2,3,1.0,1.0,0,2,3,Villa,Furnished,Ready to Move,Whitefield,4.1,15.4,6.0,2,9360000
1757,3,3,2.0,2.0,6,12,15,Villa,Semi-Furnished,Ready to Move,Whitefield,4.6,19.6,2.0,3,14350000
1850,4,4,0.0,1.0,0,1,3,Apartment,Furnished,Under Construction,Koramangala,5.7,1.0,2.0,3,26900000
1710,4,4,0.0,1.0,0,5,7,Independent House,Semi-Furnished,Ready to Move,Banashankari,4.4,8.4,3.0,1,15380000
627,1,1,1.0,1.0,15,1,5,Apartment,Semi-Furnished,Under Construction,Jayanagar,3.3,5.9,2.0,1,4790000
687,2,3,2.0,1.0,2,6,15,Apartment,Unfurnished,Ready to Move,Banashankari,3.1,5.9,5.0,1,4910000
1575,3,3,2.0,1.0,9,10,10,Villa,Furnished,Under Construction,Indiranagar,8.5,5.5,3.0,2,33080000
1288,2,3,1.0,1.0,5,3,5,Apartment,Semi-Furnished,Ready to Move,Electronic City,5.2,25.1,3.0,5,6800000
1057,2,2,2.0,0.0,2,1,15,Apartment,Semi-Furnished,Ready to Move,Jayanagar,7.5,5.7,4.0,2,12830000
1071,2,2,3.0,1.0,5,5,15,Apartment,Unfurnished,Under Construction,Indiranagar,8.8,2.8,6.0,3,12490000
1643,3,4,1.0,1.0,0,2,10,Independent House,Semi-Furnished,Ready to Move,Whitefield,3.8,21.2,2.0,3,16370000
2683,4,4,2.0,0.0,3,3,7,Independent House,Unfurnished,Ready to Move,Marathahalli,3.6,15.3,4.0,1,18650000
3477,5,6,1.0,1.0,5,8,10,Apartment,Semi-Furnished,Ready to Move,HSR Layout,8.3,9.1,3.0,0,36930000
1033,2,2,0.0,1.0,2,13,20,Villa,Furnished,Ready to Move,Marathahalli,2.3,18.1,5.0,3,11080000
1653,3,3,1.0,0.0,8,3,3,Independent House,Unfurnished,Ready to Move,Marathahalli,2.9,13.1,2.0,4,10050000
1645,4,5,0.0,0.0,0,3,7,Apartment,Semi-Furnished,Under Construction,Koramangala,9.6,8.5,1.0,1,28380000
1097,2,3,3.0,1.0,5,6,7,Apartment,Unfurnished,Ready to Move,Whitefield,3.8,18.0,4.0,0,6020000
1118,3,4,1.0,1.0,10,2,10,Villa,Furnished,Under Construction,Hebbal,7.9,14.6,6.0,0,14210000
880,2,3,2.0,2.0,4,3,10,Independent House,Semi-Furnished,Ready to Move,Indiranagar,9.7,4.3,1.0,4,18340000
364,2,3,1.0,0.0,16,1,5,Independent House,Unfurnished,Ready to Move,Whitefield,6.1,20.8,2.0,4,2640000
1026,2,2,2.0,0.0,8,1,5,Apartment,Furnished,Ready to Move,Banashankari,2.2,1.9,3.0,2,8690000
479,1,1,1.0,0.0,25,18,20,Apartment,Furnished,Under Construction,Whitefield,5.9,26.5,1.0,1,2640000
1711,3,3,2.0,1.0,2,14,15,Apartment,Furnished,Under Construction,Sarjapur Road,2.4,19.0,0.0,4,11860000
1024,2,2,0.0,1.0,22,13,20,Apartment,Unfurnished,Ready to Move,Banashankari,5.7,11.1,1.0,1,6270000
1163,2,2,2.0,1.0,7,12,15,Apartment,Semi-Furnished,Under Construction,HSR Layout,5.8,5.9,3.0,6,9470000
744,2,3,2.0,2.0,10,4,7,Independent House,Furnished,Ready to Move,Koramangala,8.3,4.5,3.0,5,12200000
2415,4,4,2.0,1.0,18,4,5,Apartment,Furnished,Under Construction,Koramangala,6.3,3.5,2.0,1,31460000
1989,3,4,0.0,2.0,6,7,10,Independent House,Furnished,Ready to Move,Electronic City,0.8,18.8,2.0,1,15930000
1613,3,3,1.0,0.0,15,1,7,Apartment,Semi-Furnished,Ready to Move,Whitefield,4.6,23.9,2.0,4,12710000
1621,3,3,2.0,0.0,6,1,7,Apartment,Semi-Furnished,Ready to Move,Sarjapur Road,3.2,18.4,1.0,3,9440000
982,2,3,0.0,1.0,7,6,7,Apartment,Furnished,Under Construction,Whitefield,3.0,19.8,2.0,2,6610000
850,2,2,1.0,0.0,4,9,20,Apartment,Unfurnished,Ready to Move,Jayanagar,4.1,7.9,3.0,3,8390000
1613,3,3,1.0,2.0,1,2,3,Apartment,Semi-Furnished,Ready to Move,Banashankari,0.7,5.4,2.0,0,14090000
663,2,2,1.0,1.0,6,2,5,Independent House,Furnished,Under Construction,Hebbal,5.8,12.5,4.0,2,6520000
870,2,3,1.0,1.0,30,1,10,Independent House,Unfurnished,Ready to Move,Marathahalli,3.6,14.3,2.0,2,5040000
904,3,3,2.0,1.0,12,20,20,Apartment,Unfurnished,Ready to Move,Electronic City,2.4,22.4,1.0,0,4870000
816,2,2,1.0,1.0,11,1,20,Apartment,Semi-Furnished,Under Construction,Marathahalli,4.3,17.1,4.0,4,3970000
1071,2,3,0.0,0.0,8,3,10,Independent House,Furnished,Under Construction,Jayanagar,8.2,4.7,0.0,4,13610000
1541,3,3,1.0,1.0,3,2,3,Apartment,Furnished,Under Construction,Indiranagar,9.1,3.4,3.0,1,27630000
959,2,3,1.0,1.0,1,7,7,Apartment,Semi-Furnished,Ready to Move,Koramangala,7.3,2.2,2.0,2,12470000
1447,3,3,2.0,2.0,2,17,20,Apartment,Furnished,Ready to Move,Yelahanka,6.2,14.0,5.0,2,9310000
871,3,3,0.0,1.0,0,4,10,Independent House,Semi-Furnished,Under Construction,Indiranagar,7.7,8.3,3.0,2,13540000
1295,3,4,2.0,1.0,8,8,15,Apartment,Furnished,Ready to Move,Koramangala,5.9,3.8,6.0,1,22720000
1209,3,4,1.0,0.0,13,4,7,Apartment,Unfurnished,Ready to Move,Electronic City,3.5,25.1,3.0,2,5110000
824,2,3,1.0,2.0,2,2,3,Independent House,Semi-Furnished,Ready to Move,Electronic City,2.9,22.8,4.0,1,5870000
1063,2,3,1.0,0.0,0,6,10,Apartment,Unfurnished,Under Construction,Hebbal,6.4,9.4,5.0,0,7740000
786,2,2,0.0,2.0,3,3,15,Apartment,Unfurnished,Ready to Move,Sarjapur Road,2.9,13.5,4.0,0,4770000
835,2,2,2.0,1.0,2,23,25,Apartment,Unfurnished,Under Construction,Sarjapur Road,3.4,13.6,4.0,3,4110000
1631,5,5,1.0,0.0,4,15,15,Independent House,Semi-Furnished,Ready to Move,Whitefield,3.0,17.3,6.0,1,14790000
1882,4,5,2.0,1.0,2,8,10,Apartment,Furnished,Under Construction,Electronic City,4.5,25.1,4.0,2,12250000
743,2,3,3.0,2.0,3,2,10,Independent House,Semi-Furnished,Ready to Move,Indiranagar,8.9,8.9,2.0,2,15430000
558,1,2,2.0,1.0,19,13,15,Villa,Unfurnished,Ready to Move,Whitefield,3.9,20.3,2.0,3,3910000
445,1,1,1.0,1.0,3,3,3,Apartment,Furnished,Ready to Move,HSR Layout,6.1,12.8,4.0,3,5080000
969,2,2,1.0,0.0,12,5,25,Independent House,Unfurnished,Under Construction,Sarjapur Road,3.6,16.3,4.0,1,5390000
922,2,3,3.0,1.0,7,6,10,Apartment,Furnished,Ready to Move,Koramangala,5.8,2.1,1.0,1,13000000
1868,3,4,2.0,0.0,3,17,25,Apartment,Furnished,Ready to Move,Jayanagar,8.4,8.3,3.0,5,27800000
2198,4,5,2.0,2.0,13,12,15,Apartment,Semi-Furnished,Under Construction,HSR Layout,8.0,10.5,3.0,4,23090000
884,3,4,1.0,2.0,7,5,5,Apartment,Unfurnished,Ready to Move,Whitefield,4.4,22.2,3.0,2,6670000
709,2,2,2.0,2.0,0,3,5,Apartment,Semi-Furnished,Under Construction,HSR Layout,6.2,10.2,2.0,1,6250000
960,2,2,2.0,0.0,0,3,7,Apartment,Furnished,Under Construction,Banashankari,3.2,6.9,3.0,2,7010000
1139,3,3,1.0,1.0,11,6,7,Apartment,Semi-Furnished,Ready to Move,Hebbal,7.6,11.4,2.0,2,9450000
812,4,4,2.0,0.0,4,3,7,Independent House,Unfurnished,Ready to Move,Banashankari,6.9,8.9,5.0,1,7230000
2539,4,4,1.0,1.0,4,1,10,Apartment,Furnished,Ready to Move,Indiranagar,9.3,5.7,3.0,2,47850000
2288,4,4,0.0,2.0,1,5,7,Independent House,Semi-Furnished,Ready to Move,Whitefield,5.6,17.2,4.0,2,22410000
1545,3,3,2.0,1.0,1,1,3,Apartment,Unfurnished,Ready to Move,Jayanagar,8.5,5.6,0.0,3,16850000
1229,3,4,0.0,2.0,12,5,25,Apartment,Furnished,Ready to Move,Indiranagar,10.0,1.0,4.0,4,18460000
1031,2,3,1.0,2.0,14,3,7,Apartment,Furnished,Ready to Move,Hebbal,3.7,11.0,3.0,2,9770000
1202,3,4,1.0,1.0,6,11,20,Apartment,Semi-Furnished,Ready to Move,Whitefield,3.9,17.2,1.0,1,8240000
988,2,2,1.0,1.0,2,1,3,Apartment,Unfurnished,Ready to Move,Indiranagar,9.4,1.0,4.0,4,14390000
775,2,2,1.0,0.0,21,14,15,Independent House,Semi-Furnished,Ready to Move,Koramangala,8.3,10.6,2.0,2,9080000
1824,3,3,3.0,1.0,7,2,5,Independent House,Semi-Furnished,Under Construction,Electronic City,4.5,19.7,5.0,2,11000000
651,2,3,1.0,1.0,12,1,10,Independent House,Unfurnished,Ready to Move,Sarjapur Road,4.6,15.2,4.0,2,3970000
685,1,1,1.0,2.0,0,2,10,Apartment,Furnished,Under Construction,Indiranagar,9.0,9.9,0.0,1,10450000
554,1,1,2.0,1.0,4,4,20,Independent House,Furnished,Ready to Move,Electronic City,0.0,18.5,2.0,0,3480000
496,1,2,1.0,1.0,16,2,7,Apartment,Semi-Furnished,Under Construction,Electronic City,5.1,17.6,3.0,3,2290000
568,1,1,0.0,1.0,3,1,5,Apartment,Semi-Furnished,Ready to Move,Indiranagar,9.9,4.4,2.0,2,8220000
1089,2,3,0.0,2.0,10,10,20,Independent House,Unfurnished,Ready to Move,Hebbal,8.1,10.5,5.0,0,8750000
1209,2,2,0.0,1.0,8,3,7,Villa,Semi-Furnished,Ready to Move,Yelahanka,2.3,14.1,2.0,1,8230000
1009,2,2,1.0,1.0,1,2,5,Apartment,Unfurnished,Under Construction,Banashankari,1.9,5.2,3.0,1,5730000
2301,5,5,1.0,1.0,11,2,10,Apartment,Unfurnished,Ready to Move,Hebbal,4.7,11.4,1.0,1,18190000
960,2,3,1.0,1.0,0,1,5,Apartment,Semi-Furnished,Ready to Move,Electronic City,4.0,26.9,3.0,0,5920000
1295,2,3,2.0,1.0,10,4,7,Villa,Furnished,Ready to Move,Sarjapur Road,3.0,13.2,2.0,1,11410000
1777,3,3,0.0,0.0,37,5,7,Apartment,Semi-Furnished,Ready to Move,Indiranagar,10.0,7.5,4.0,0,18080000
2363,4,4,3.0,1.0,25,2,7,Independent House,Semi-Furnished,Ready to Move,HSR Layout,5.3,14.6,3.0,2,23980000
1622,3,3,2.0,2.0,12,10,10,Apartment,Unfurnished,Ready to Move,Hebbal,4.8,10.1,3.0,1,11850000
1082,2,3,0.0,1.0,6,6,7,Apartment,Semi-Furnished,Under Construction,Whitefield,4.0,21.1,3.0,4,6960000
1724,3,4,3.0,1.0,8,8,15,Apartment,Semi-Furnished,Ready to Move,Yelahanka,7.2,15.6,5.0,0,9180000
1272,3,4,1.0,0.0,10,12,20,Apartment,Unfurnished,Ready to Move,Indiranagar,7.3,1.0,3.0,1,19110000
1020,3,3,1.0,0.0,0,3,5,Apartment,Unfurnished,Ready to Move,Marathahalli,4.9,17.7,0.0,3,5810000
1419,3,3,1.0,1.0,0,12,15,Villa,Unfurnished,Ready to Move,Marathahalli,2.2,14.1,6.0,3,12940000
1672,4,4,2.0,1.0,7,16,20,Independent House,Semi-Furnished,Ready to Move,Yelahanka,3.5,14.4,2.0,1,11370000
1577,4,5,1.0,2.0,0,4,10,Independent House,Unfurnished,Under Construction,Marathahalli,2.6,9.4,1.0,2,12340000
1198,3,4,0.0,1.0,19,7,25,Independent House,Furnished,Ready to Move,Marathahalli,5.6,15.6,3.0,1,9070000
1422,2,2,0.0,1.0,5,5,7,Independent House,Furnished,Ready to Move,Whitefield,5.7,20.5,3.0,1,13600000
1438,3,3,2.0,1.0,2,5,15,Apartment,Unfurnished,Under Construction,Jayanagar,7.1,7.8,4.0,2,13880000
2144,4,4,1.0,1.0,4,8,10,Independent House,Semi-Furnished,Under Construction,Koramangala,5.9,5.7,1.0,3,32000000
415,1,1,0.0,2.0,15,7,7,Apartment,Semi-Furnished,Ready to Move,Sarjapur Road,3.6,15.6,2.0,6,2360000
1767,5,6,1.0,1.0,20,5,15,Apartment,Furnished,Under Construction,Jayanagar,6.2,1.0,0.0,3,19980000
794,2,2,2.0,1.0,0,8,10,Apartment,Unfurnished,Ready to Move,Sarjapur Road,4.9,17.7,1.0,3,5100000
1802,3,4,1.0,1.0,12,1,5,Apartment,Semi-Furnished,Ready to Move,Whitefield,3.0,19.5,1.0,5,13350000
2133,4,5,1.0,2.0,6,3,5,Apartment,Semi-Furnished,Under Construction,Whitefield,6.1,20.5,3.0,3,13620000
1063,2,3,2.0,1.0,7,1,15,Independent House,Semi-Furnished,Ready to Move,Sarjapur Road,5.1,22.6,0.0,3,7620000
1606,3,4,0.0,1.0,12,9,15,Apartment,Unfurnished,Ready to Move,Whitefield,2.3,19.9,1.0,3,9110000
837,2,3,2.0,0.0,2,6,10,Apartment,Unfurnished,Ready to Move,Whitefield,,22.1,1.0,2,4720000
1213,2,3,3.0,2.0,6,8,10,Apartment,Unfurnished,Ready to Move,Whitefield,4.3,21.1,3.0,1,8120000
829,2,2,2.0,2.0,3,3,5,Apartment,Unfurnished,Ready to Move,Banashankari,6.2,3.8,3.0,2,5610000
1217,2,3,0.0,0.0,0,6,7,Apartment,Unfurnished,Ready to Move,Sarjapur Road,2.6,14.1,3.0,4,7490000
1034,2,3,1.0,2.0,0,12,20,Apartment,Semi-Furnished,Ready to Move,Electronic City,3.6,25.5,3.0,2,5970000
1798,5,5,0.0,1.0,1,11,20,Apartment,Semi-Furnished,Ready to Move,HSR Layout,8.0,7.4,3.0,4,26190000
2381,5,6,3.0,1.0,7,4,10,Apartment,Semi-Furnished,Ready to Move,Electronic City,3.7,23.1,2.0,4,15250000
610,2,3,3.0,0.0,0,13,25,Independent House,Unfurnished,Ready to Move,Sarjapur Road,0.9,14.9,5.0,4,3790000
1725,3,4,1.0,2.0,6,16,20,Villa,Unfurnished,Under Construction,Marathahalli,3.3,16.2,3.0,2,12310000
547,1,1,2.0,0.0,7,2,5,Apartment,Furnished,Under Construction,Koramangala,9.4,4.7,3.0,3,6200000
304,1,2,2.0,1.0,18,6,7,Apartment,Unfurnished,Ready to Move,Koramangala,9.2,3.1,1.0,1,2800000
1021,2,2,1.0,0.0,7,2,5,Apartment,Furnished,Ready to Move,Whitefield,1.0,22.0,4.0,1,7590000
2499,5,6,1.0,2.0,33,1,10,Independent House,Furnished,Ready to Move,Marathahalli,4.3,14.8,6.0,4,20770000
1406,4,4,0.0,0.0,0,15,15,Apartment,Unfurnished,Ready to Move,Sarjapur Road,5.1,15.8,2.0,3,9450000
1268,2,2,1.0,1.0,9,4,5,Apartment,Furnished,Ready to Move,HSR Layout,7.1,10.0,7.0,0,16820000
970,2,2,2.0,1.0,0,2,20,Independent House,Semi-Furnished,Ready to Move,Whitefield,5.3,22.0,1.0,1,7600000
894,2,2,3.0,0.0,10,5,10,Apartment,Semi-Furnished,Ready to Move,Whitefield,7.4,23.3,0.0,1,6380000
1288,3,3,0.0,1.0,3,1,15,Apartment,Furnished,Ready to Move,Banashankari,4.6,7.6,2.0,1,11660000
976,3,3,1.0,1.0,7,2,3,Apartment,Semi-Furnished,Ready to Move,HSR Layout,6.8,15.4,2.0,2,12600000
702,2,3,1.0,2.0,2,1,3,Independent House,Semi-Furnished,Ready to Move,Sarjapur Road,2.3,15.8,3.0,0,6120000
1759,3,4,2.0,1.0,1,5,10,Independent House,Semi-Furnished,Ready to Move,Marathahalli,3.0,9.3,4.0,0,16070000
859,2,2,2.0,1.0,10,5,15,Villa,Furnished,Under Construction,Electronic City,2.8,17.8,7.0,3,5680000
2008,4,4,1.0,1.0,18,7,20,Apartment,Semi-Furnished,Under Construction,HSR Layout,7.6,10.0,,1,15840000
827,3,3,2.0,1.0,1,5,10,Apartment,Unfurnished,Ready to Move,Koramangala,6.9,4.0,5.0,2,10140000
699,2,3,0.0,0.0,20,3,5,Independent House,Unfurnished,Under Construction,Marathahalli,5.9,14.4,3.0,0,3690000
1570,3,3,1.0,2.0,1,2,5,Independent House,Furnished,Under Construction,Sarjapur Road,2.0,16.0,3.0,2,12900000
2151,4,4,3.0,1.0,10,17,20,Apartment,Unfurnished,Ready to Move,Marathahalli,5.0,20.7,2.0,0,13450000
1283,2,2,0.0,2.0,25,3,5,Independent House,Semi-Furnished,Ready to Move,Jayanagar,7.5,10.5,2.0,1,15140000
1205,2,2,1.0,1.0,1,10,10,Apartment,Semi-Furnished,Ready to Move,Whitefield,4.7,16.6,4.0,1,9860000
1907,4,4,1.0,2.0,4,7,10,Apartment,Unfurnished,Ready to Move,Banashankari,6.1,7.7,4.0,2,17120000
1039,2,2,1.0,0.0,3,7,7,Villa,Unfurnished,Ready to Move,Hebbal,3.9,12.1,2.0,3,9170000
515,1,2,2.0,0.0,3,3,7,Apartment,Unfurnished,Under Construction,HSR Layout,5.6,12.1,4.0,2,4060000
1975,3,4,2.0,1.0,11,13,20,Independent House,Semi-Furnished,Ready to Move,Banashankari,3.2,3.4,1.0,2,18240000
2459,4,4,2.0,2.0,8,20,20,Apartment,Furnished,Ready to Move,Marathahalli,4.0,8.9,1.0,4,19930000
1447,3,4,1.0,1.0,27,1,20,Apartment,Semi-Furnished,Under Construction,Marathahalli,3.8,10.3,4.0,0,7170000
2080,4,4,1.0,0.0,1,1,7,Independent House,Semi-Furnished,Under Construction,Sarjapur Road,5.0,22.5,2.0,3,15760000
1804,3,4,0.0,1.0,6,2,5,Independent House,Semi-Furnished,Under Construction,Hebbal,5.6,10.0,2.0,2,18090000
1060,2,2,2.0,2.0,4,11,25,Apartment,Furnished,Under Construction,Marathahalli,5.0,16.4,1.0,1,5760000
1836,3,4,1.0,0.0,20,5,5,Apartment,Semi-Furnished,Ready to Move,Koramangala,7.7,5.8,1.0,1,23640000
785,3,4,2.0,0.0,0,7,10,Villa,Unfurnished,Ready to Move,Electronic City,3.9,21.5,3.0,3,5590000
600,1,1,1.0,2.0,36,7,7,Apartment,Semi-Furnished,Ready to Move,Yelahanka,5.7,18.5,1.0,2,2400000
852,2,3,0.0,2.0,5,10,10,Independent House,Furnished,Ready to Move,HSR Layout,4.3,6.3,6.0,1,13190000
743,1,1,1.0,1.0,7,7,7,Independent House,Semi-Furnished,Ready to Move,Electronic City,0.6,20.6,6.0,2,4250000
1832,3,4,3.0,2.0,3,4,20,Apartment,Furnished,Ready to Move,Indiranagar,9.6,1.0,2.0,3,34000000
2013,4,4,1.0,0.0,15,10,25,Apartment,Unfurnished,Ready to Move,Indiranagar,7.4,5.3,1.0,3,27100000
1829,3,3,0.0,1.0,6,1,7,Apartment,Furnished,Ready to Move,Marathahalli,1.9,11.6,3.0,3,12850000
3798,5,5,0.0,1.0,8,3,3,Independent House,Unfurnished,Ready to Move,Yelahanka,3.8,22.6,6.0,2,21950000
558,1,1,1.0,1.0,8,10,10,Apartment,Unfurnished,Under Construction,HSR Layout,4.8,10.2,3.0,2,4410000
2988,4,4,0.0,2.0,3,3,7,Apartment,Semi-Furnished,Ready to Move,Koramangala,10.0,6.5,1.0,3,45970000
1987,4,4,1.0,2.0,0,11,25,Apartment,Unfurnished,Ready to Move,Koramangala,8.2,6.0,3.0,1,26180000
909,2,3,1.0,1.0,13,1,3,Apartment,Semi-Furnished,Ready to Move,Yelahanka,2.7,15.8,2.0,2,4190000
3284,5,5,1.0,0.0,2,1,5,Apartment,Furnished,Ready to Move,Marathahalli,2.8,17.0,3.0,2,29280000
882,2,2,0.0,1.0,15,1,10,Apartment,Furnished,Under Construction,HSR Layout,6.7,10.1,2.0,1,9190000
2034,4,5,1.0,1.0,7,15,15,Independent House,Semi-Furnished,Ready to Move,Hebbal,2.6,13.4,4.0,2,21630000
2563,4,4,2.0,1.0,3,7,10,Independent House,Semi-Furnished,Ready to Move,Hebbal,1.3,19.1,2.0,2,26760000
1405,3,3,0.0,2.0,7,1,7,Independent House,Furnished,Ready to Move,Hebbal,2.7,12.6,3.0,3,16710000
925,3,3,1.0,1.0,8,5,7,Apartment,Semi-Furnished,Ready to Move,Yelahanka,4.7,14.4,1.0,2,4470000
1019,2,2,1.0,0.0,9,4,7,Apartment,Furnished,Ready to Move,HSR Layout,4.9,7.9,3.0,1,12340000
1205,3,3,1.0,1.0,13,1,5,Villa,Furnished,Under Construction,Sarjapur Road,1.5,17.8,5.0,0,7560000
1114,2,3,2.0,1.0,1,18,20,Apartment,Unfurnished,Ready to Move,Indiranagar,8.5,5.4,3.0,1,15200000
1594,3,3,2.0,1.0,23,1,3,Independent House,Unfurnished,Ready to Move,Hebbal,8.3,12.2,3.0,2,13270000
1811,3,3,2.0,1.0,4,4,7,Villa,Semi-Furnished,Ready to Move,Sarjapur Road,5.3,13.3,8.0,1,14690000
2363,4,4,1.0,1.0,15,13,15,Apartment,Furnished,Ready to Move,Sarjapur Road,2.5,11.2,4.0,2,16420000
669,1,1,1.0,0.0,1,3,3,Independent House,Furnished,Ready to Move,Marathahalli,2.8,11.1,4.0,1,5600000
1732,4,4,1.0,0.0,0,5,20,Independent House,Semi-Furnished,Ready to Move,Koramangala,6.8,4.2,3.0,2,28840000
2321,4,4,1.0,1.0,6,14,15,Apartment,Unfurnished,Ready to Move,Jayanagar,5.3,6.2,4.0,3,24280000
1951,3,3,1.0,1.0,3,3,3,Apartment,Unfurnished,Ready to Move,Banashankari,5.5,9.4,5.0,1,15780000
819,2,2,1.0,2.0,33,13,20,Apartment,Furnished,Under Construction,Yelahanka,2.5,17.1,3.0,3,3400000
747,1,2,2.0,1.0,0,3,10,Apartment,Semi-Furnished,Under Construction,Whitefield,2.7,18.5,3.0,3,4410000
489,1,1,0.0,1.0,0,3,10,Apartment,Semi-Furnished,Ready to Move,Koramangala,6.0,1.0,4.0,1,6090000
1161,3,3,3.0,1.0,0,16,20,Apartment,Furnished,Ready to Move,Koramangala,10.0,5.6,2.0,4,20800000
1482,3,4,0.0,0.0,1,19,20,Independent House,Furnished,Ready to Move,Sarjapur Road,4.8,18.7,3.0,2,11670000
3200,5,5,2.0,1.0,6,1,7,Apartment,Semi-Furnished,Ready to Move,Hebbal,3.7,8.7,4.0,4,27050000
1123,2,3,1.0,1.0,5,2,5,Apartment,Semi-Furnished,Ready to Move,HSR Layout,8.2,11.9,2.0,2,11470000
767,2,3,2.0,2.0,3,7,7,Villa,Semi-Furnished,Ready to Move,Jayanagar,4.9,8.9,5.0,2,13020000
1521,3,3,0.0,1.0,0,2,15,Apartment,Semi-Furnished,Ready to Move,Hebbal,4.8,14.4,4.0,4,12900000
1725,4,4,1.0,1.0,2,15,20,Independent House,Semi-Furnished,Ready to Move,Sarjapur Road,3.3,20.9,2.0,2,14390000
1404,4,5,1.0,0.0,1,3,3,Apartment,Unfurnished,Ready to Move,Jayanagar,6.9,3.7,2.0,1,14610000
1628,4,5,3.0,1.0,10,3,3,Apartment,Furnished,Ready to Move,Marathahalli,2.6,16.6,2.0,3,12860000
807,2,3,3.0,1.0,12,5,15,Apartment,Furnished,Under Construction,Jayanagar,6.9,5.5,5.0,5,9120000
1546,3,3,1.0,2.0,12,2,7,Independent House,Furnished,Ready to Move,HSR Layout,3.7,16.1,2.0,1,22450000
2460,4,4,2.0,1.0,27,6,7,Apartment,Semi-Furnished,Ready to Move,Jayanagar,6.1,8.7,2.0,1,24410000
987,3,4,1.0,2.0,17,1,5,Independent House,Semi-Furnished,Ready to Move,Sarjapur Road,5.7,19.3,4.0,1,6840000
1016,2,2,1.0,1.0,5,4,7,Apartment,Unfurnished,Under Construction,Yelahanka,4.5,21.1,4.0,1,4610000
726,2,3,1.0,0.0,4,12,25,Apartment,Semi-Furnished,Ready to Move,Marathahalli,3.0,12.5,3.0,0,5260000
619,1,1,3.0,1.0,19,25,25,Apartment,Semi-Furnished,Under Construction,Sarjapur Road,1.4,19.7,4.0,4,2670000
1225,3,4,1.0,1.0,7,5,7,Independent House,Semi-Furnished,Ready to Move,Koramangala,4.7,10.7,3.0,2,19320000
750,2,2,0.0,1.0,2,19,25,Independent House,Unfurnished,Ready to Move,Indiranagar,9.6,7.4,2.0,5,12750000
1101,2,2,1.0,1.0,6,7,7,Apartment,Semi-Furnished,Under Construction,Whitefield,4.8,20.5,1.0,2,7710000
838,2,3,1.0,2.0,38,9,20,Apartment,Semi-Furnished,Under Construction,HSR Layout,6.9,9.2,3.0,6,6910000
1311,3,3,1.0,2.0,15,1,5,Apartment,Unfurnished,Under Construction,Sarjapur Road,6.2,15.1,2.0,1,5450000
528,2,2,1.0,1.0,2,6,15,Apartment,Unfurnished,Under Construction,Banashankari,4.9,7.1,4.0,0,3340000
1665,3,3,1.0,1.0,24,7,7,Apartment,Semi-Furnished,Ready to Move,Whitefield,4.7,17.5,,3,10160000
640,1,2,1.0,1.0,31,1,5,Independent House,Semi-Furnished,Ready to Move,Electronic City,1.2,21.3,3.0,0,3200000
951,2,3,1.0,0.0,2,19,20,Independent House,Semi-Furnished,Ready to Move,Hebbal,7.4,11.7,5.0,0,9570000
972,3,3,0.0,2.0,18,2,5,Apartment,Semi-Furnished,Ready to Move,HSR Layout,6.1,13.0,4.0,2,10550000
1179,2,2,2.0,0.0,17,21,25,Apartment,Unfurnished,Ready to Move,Jayanagar,5.4,4.8,3.0,2,11210000
823,2,2,1.0,1.0,0,3,5,Independent House,Unfurnished,Ready to Move,Sarjapur Road,4.0,16.2,6.0,0,5870000
500,1,2,2.0,1.0,8,3,3,Independent House,Unfurnished,Ready to Move,Marathahalli,7.0,16.7,1.0,1,3340000
2924,4,4,1.0,1.0,2,11,20,Apartment,Unfurnished,Ready to Move,Koramangala,10.0,6.1,6.0,2,43460000
1202,3,3,1.0,1.0,8,6,10,Apartment,Furnished,Ready to Move,Electronic City,1.9,21.3,2.0,2,6880000
1091,2,2,1.0,2.0,19,3,7,Apartment,Unfurnished,Ready to Move,Hebbal,6.8,13.8,1.0,3,6750000
611,1,1,2.0,0.0,5,2,3,Apartment,Unfurnished,Under Construction,Jayanagar,7.2,5.2,5.0,2,5490000
3018,5,6,2.0,0.0,4,6,10,Apartment,Unfurnished,Under Construction,Whitefield,5.8,19.4,3.0,3,19610000
1478,3,3,1.0,1.0,20,7,7,Apartment,Semi-Furnished,Ready to Move,Sarjapur Road,4.1,22.7,2.0,4,8370000
1021,2,2,1.0,0.0,29,1,10,Villa,Semi-Furnished,Ready to Move,Whitefield,5.3,19.6,1.0,3,7320000
1476,3,3,2.0,1.0,0,3,10,Apartment,Unfurnished,Ready to Move,Sarjapur Road,5.6,16.8,3.0,2,8640000
1385,3,4,1.0,,20,2,10,Apartment,Unfurnished,Ready to Move,HSR Layout,3.7,10.1,3.0,3,12070000
1823,3,3,2.0,2.0,0,20,25,Apartment,Furnished,Ready to Move,Banashankari,5.2,2.1,0.0,2,17360000
1032,3,3,0.0,1.0,3,8,10,Independent House,Furnished,Under Construction,Electronic City,1.6,21.5,4.0,2,7240000
1144,2,2,2.0,2.0,11,3,7,Independent House,Furnished,Ready to Move,Electronic City,2.6,22.8,2.0,1,8140000
640,1,2,1.0,1.0,12,7,7,Apartment,Unfurnished,Ready to Move,Koramangala,8.0,9.9,1.0,0,7410000
2279,4,4,0.0,2.0,10,6,10,Apartment,Semi-Furnished,Ready to Move,Electronic City,1.8,22.3,8.0,1,13910000
1712,3,3,2.0,0.0,0,2,7,Independent House,Semi-Furnished,Under Construction,Yelahanka,2.1,17.3,2.0,2,7710000
932,2,2,1.0,1.0,1,6,7,Apartment,Unfurnished,Ready to Move,Banashankari,2.6,9.0,4.0,2,7280000
1252,4,4,1.0,2.0,22,1,15,Apartment,Semi-Furnished,Ready to Move,Electronic City,2.4,28.8,2.0,0,6000000
1971,4,5,1.0,1.0,0,20,20,Apartment,Semi-Furnished,Under Construction,Indiranagar,9.4,8.0,2.0,2,28100000
2244,5,5,1.0,2.0,0,5,10,Apartment,Semi-Furnished,Ready to Move,Sarjapur Road,5.0,13.6,0.0,0,20500000
1707,4,5,0.0,0.0,14,5,10,Apartment,Semi-Furnished,Ready to Move,Yelahanka,1.8,19.7,2.0,2,8510000
2104,5,5,3.0,2.0,8,1,7,Independent House,Semi-Furnished,Ready to Move,Marathahalli,6.0,11.2,2.0,2,20290000
859,2,2,2.0,1.0,3,9,10,Villa,Furnished,Ready to Move,Electronic City,4.2,20.0,2.0,0,7010000
1761,4,4,0.0,0.0,1,5,15,Apartment,Semi-Furnished,Ready to Move,Electronic City,5.5,18.1,2.0,1,10370000
1048,4,5,2.0,0.0,17,9,15,Independent House,Semi-Furnished,Ready to Move,Sarjapur Road,1.0,23.5,3.0,0,6540000
1083,2,2,1.0,1.0,35,3,3,Apartment,Semi-Furnished,Under Construction,Whitefield,4.8,23.6,1.0,0,5350000
794,1,2,2.0,2.0,0,5,15,Apartment,Furnished,Under Construction,Marathahalli,4.9,17.7,0.0,1,4500000
3139,5,5,1.0,1.0,6,9,15,Apartment,Furnished,Ready to Move,Electronic City,0.8,25.1,5.0,1,21750000
911,2,2,2.0,2.0,2,1,3,Villa,Semi-Furnished,Under Construction,Hebbal,8.6,14.1,1.0,2,9840000
1978,4,5,2.0,1.0,14,2,5,Apartment,Semi-Furnished,Ready to Move,Whitefield,3.4,19.0,0.0,5,15570000
503,1,2,2.0,2.0,3,9,15,Apartment,Furnished,Under Construction,Marathahalli,4.8,14.6,1.0,3,3010000
559,1,1,1.0,,10,5,10,Villa,Semi-Furnished,Under Construction,Indiranagar,10.0,3.5,1.0,1,9750000
1389,3,4,1.0,1.0,6,1,15,Villa,Furnished,Ready to Move,Marathahalli,4.2,11.4,0.0,2,14800000
790,2,2,1.0,0.0,6,5,5,Villa,Semi-Furnished,Ready to Move,Whitefield,6.4,18.1,7.0,4,6500000
1871,3,3,0.0,2.0,15,1,3,Apartment,Furnished,Ready to Move,Marathahalli,7.0,21.1,5.0,4,14590000
983,3,3,1.0,1.0,5,4,5,Apartment,Semi-Furnished,Ready to Move,Jayanagar,5.0,4.9,2.0,3,12270000
629,1,1,2.0,0.0,14,8,10,Apartment,Unfurnished,Under Construction,Jayanagar,6.8,9.0,4.0,1,5250000
930,2,2,2.0,0.0,3,1,10,Apartment,Semi-Furnished,Ready to Move,Marathahalli,5.4,20.2,5.0,4,6000000
1311,2,2,1.0,1.0,1,10,20,Independent House,Unfurnished,Ready to Move,Marathahalli,1.6,16.3,2.0,0,9850000
1014,2,3,1.0,2.0,4,11,15,Apartment,Semi-Furnished,Under Construction,Hebbal,6.6,9.6,2.0,1,7530000
1299,3,4,2.0,1.0,5,3,25,Apartment,Semi-Furnished,Under Construction,HSR Layout,8.9,7.8,4.0,4,13440000
902,2,2,2.0,1.0,5,2,3,Independent House,Semi-Furnished,Under Construction,Hebbal,6.9,12.4,3.0,1,7970000
554,1,2,1.0,2.0,13,1,5,Apartment,Unfurnished,Ready to Move,Jayanagar,7.3,12.8,2.0,0,4840000
1080,3,3,0.0,1.0,6,2,3,Apartment,Semi-Furnished,Ready to Move,Whitefield,6.6,24.3,4.0,3,8110000
465,1,1,2.0,2.0,17,5,10,Independent House,Unfurnished,Ready to Move,Whitefield,4.9,21.6,5.0,2,3550000
610,2,3,2.0,1.0,5,5,7,Independent House,Furnished,Under Construction,Electronic City,1.4,21.4,7.0,2,3720000
774,2,2,0.0,2.0,2,10,10,Villa,Furnished,Ready to Move,Hebbal,4.2,13.1,2.0,1,10800000
2037,4,5,2.0,0.0,1,1,5,Apartment,Furnished,Ready to Move,Sarjapur Road,3.3,18.6,3.0,1,15570000
2120,4,4,2.0,1.0,16,3,5,Apartment,Unfurnished,Under Construction,Hebbal,4.9,12.5,2.0,4,14400000
1208,4,4,1.0,1.0,0,2,10,Independent House,Unfurnished,Ready to Move,Jayanagar,6.5,3.4,4.0,4,18260000
923,2,2,2.0,0.0,1,7,7,Apartment,Furnished,Ready to Move,Indiranagar,8.2,2.3,3.0,3,17700000
1057,2,3,1.0,1.0,0,9,15,Apartment,Unfurnished,Under Construction,Koramangala,8.3,5.0,4.0,2,11650000
1354,3,4,2.0,1.0,4,8,15,Independent House,Semi-Furnished,Ready to Move,Electronic City,5.6,18.5,2.0,5,10240000
1222,3,4,1.0,0.0,6,1,5,Apartment,Furnished,Under Construction,Indiranagar,9.0,3.1,3.0,1,18450000
2569,5,5,1.0,1.0,0,14,15,Independent House,Semi-Furnished,Ready to Move,Whitefield,5.3,20.1,1.0,3,29570000
847,2,2,2.0,2.0,5,1,10,Apartment,Semi-Furnished,Ready to Move,HSR Layout,3.0,11.0,1.0,1,9450000
479,1,2,2.0,1.0,4,2,10,Apartment,Unfurnished,Ready to Move,Marathahalli,4.2,17.3,2.0,2,2810000
1448,3,3,3.0,1.0,11,1,3,Apartment,Furnished,Ready to Move,Sarjapur Road,5.3,14.2,3.0,4,11380000
2923,4,4,1.0,0.0,14,8,15,Independent House,Semi-Furnished,Under Construction,Banashankari,6.5,4.2,3.0,1,27970000
1702,4,5,0.0,0.0,9,3,3,Apartment,Unfurnished,Under Construction,Yelahanka,4.7,19.9,4.0,2,7560000
1310,3,3,3.0,1.0,5,6,7,Apartment,Semi-Furnished,Under Construction,Marathahalli,4.5,19.0,3.0,3,8100000
2771,5,5,2.0,2.0,1,3,3,Villa,Unfurnished,Ready to Move,Indiranagar,9.3,1.9,2.0,4,58580000
1207,3,4,3.0,2.0,15,2,10,Villa,Semi-Furnished,Ready to Move,Marathahalli,3.0,11.5,,0,11380000
2439,4,5,0.0,1.0,3,9,10,Independent House,Semi-Furnished,Ready to Move,Hebbal,6.3,13.6,4.0,3,24510000
1472,5,6,1.0,1.0,3,17,20,Apartment,Unfurnished,Ready to Move,Whitefield,3.3,20.1,4.0,5,10500000
1787,4,4,0.0,1.0,19,1,15,Apartment,Unfurnished,Ready to Move,Electronic City,4.4,22.2,3.0,0,9120000
1105,2,2,2.0,1.0,29,2,25,Independent House,Unfurnished,Ready to Move,Hebbal,5.1,9.7,4.0,3,7070000
894,2,3,2.0,1.0,18,7,15,Villa,Unfurnished,Ready to Move,Electronic City,3.4,24.2,3.0,0,4750000
1170,3,4,1.0,2.0,50,2,7,Apartment,Semi-Furnished,Ready to Move,Marathahalli,5.5,13.3,1.0,2,5460000
1523,3,3,1.0,0.0,16,1,10,Apartment,Furnished,Under Construction,Marathahalli,4.8,13.2,2.0,1,9750000
2362,4,5,0.0,2.0,9,3,10,Independent House,Unfurnished,Under Construction,Koramangala,8.4,1.0,3.0,2,33010000
990,2,3,2.0,0.0,2,10,10,Apartment,Unfurnished,Ready to Move,Electronic City,2.6,24.4,3.0,0,4670000
797,2,2,1.0,1.0,24,8,10,Villa,Semi-Furnished,Ready to Move,Electronic City,5.7,20.9,4.0,0,5220000
1527,3,4,2.0,2.0,16,12,15,Apartment,Semi-Furnished,Ready to Move,Whitefield,4.8,19.9,2.0,1,11140000
505,1,1,1.0,1.0,2,3,3,Apartment,Furnished,Ready to Move,Whitefield,5.5,23.6,4.0,2,4140000
1091,2,2,1.0,0.0,5,8,15,Villa,Furnished,Ready to Move,Hebbal,5.1,8.9,1.0,1,12590000
1231,2,2,0.0,1.0,0,5,5,Apartment,Semi-Furnished,Ready to Move,HSR Layout,5.3,9.7,1.0,0,14480000
670,3,3,2.0,1.0,24,1,3,Apartment,Unfurnished,Under Construction,Jayanagar,7.2,1.3,4.0,2,5230000
971,2,3,1.0,0.0,6,6,10,Apartment,Unfurnished,Under Construction,HSR Layout,5.4,8.4,2.0,3,8230000
1305,4,5,3.0,1.0,2,8,10,Apartment,Unfurnished,Ready to Move,Yelahanka,3.7,19.9,4.0,2,7300000
1413,2,3,2.0,1.0,2,3,3,Villa,Furnished,Ready to Move,HSR Layout,1.4,5.4,1.0,3,24970000
1812,4,4,1.0,2.0,31,5,10,Independent House,Semi-Furnished,Ready to Move,Indiranagar,8.1,5.7,2.0,2,30790000
1608,3,3,1.0,0.0,7,9,10,Independent House,Unfurnished,Under Construction,Yelahanka,3.0,20.8,4.0,1,7070000
943,2,2,3.0,1.0,4,2,3,Apartment,Furnished,Under Construction,Hebbal,3.6,13.6,5.0,1,7320000
797,2,2,0.0,1.0,5,11,15,Apartment,Furnished,Ready to Move,Koramangala,8.5,2.2,2.0,1,12550000
448,1,1,1.0,1.0,0,5,5,Apartment,Furnished,Under Construction,Hebbal,4.4,8.7,1.0,0,3840000
1843,3,3,3.0,1.0,0,1,15,Independent House,Unfurnished,Ready to Move,Indiranagar,8.7,1.0,3.0,1,35150000
1131,2,2,2.0,1.0,7,7,7,Independent House,Unfurnished,Ready to Move,Indiranagar,7.8,9.7,1.0,2,17420000
1319,2,2,1.0,1.0,5,6,10,Independent House,Unfurnished,Under Construction,Koramangala,9.5,2.7,4.0,1,18530000
1415,3,3,1.0,0.0,3,8,20,Apartment,Semi-Furnished,Ready to Move,Whitefield,5.2,14.6,1.0,1,10740000
1004,2,2,2.0,2.0,6,2,15,Apartment,Semi-Furnished,Ready to Move,Sarjapur Road,4.1,14.9,3.0,1,6260000
899,2,3,1.0,2.0,0,1,15,Apartment,Furnished,Ready to Move,Jayanagar,6.8,2.8,3.0,0,13950000
1319,3,3,1.0,0.0,23,1,5,Apartment,Unfurnished,Ready to Move,Indiranagar,10.0,3.5,2.0,2,17280000
1583,4,4,1.0,1.0,2,2,3,Apartment,Semi-Furnished,Under Construction,Sarjapur Road,3.4,25.2,5.0,1,8630000
965,2,3,1.0,1.0,0,2,10,Independent House,Furnished,Under Construction,Sarjapur Road,2.6,20.8,2.0,2,7240000
800,2,3,3.0,0.0,1,5,7,Apartment,Unfurnished,Under Construction,Koramangala,6.2,5.5,6.0,2,8670000
3047,5,6,2.0,1.0,0,7,20,Apartment,Unfurnished,Ready to Move,Marathahalli,5.4,17.6,1.0,2,19440000
568,1,1,2.0,2.0,1,7,7,Apartment,Semi-Furnished,Under Construction,Koramangala,10.0,9.5,3.0,2,7600000
2961,5,5,3.0,1.0,4,5,7,Independent House,Semi-Furnished,Ready to Move,Sarjapur Road,2.4,19.6,6.0,2,24050000
734,1,2,1.0,2.0,10,9,10,Apartment,Furnished,Ready to Move,Marathahalli,3.6,18.3,3.0,1,5760000
1984,4,5,0.0,1.0,2,4,15,Villa,Furnished,Ready to Move,Banashankari,4.1,6.1,4.0,0,24300000
1093,2,2,2.0,0.0,4,5,7,Independent House,Furnished,Ready to Move,Whitefield,4.1,17.4,1.0,2,10910000
2820,4,4,1.0,0.0,21,14,20,Apartment,Semi-Furnished,Ready to Move,Whitefield,1.7,16.9,3.0,2,16490000
1198,2,2,1.0,1.0,2,3,10,Villa,Unfurnished,Ready to Move,HSR Layout,7.5,10.9,4.0,1,16170000
1722,3,3,0.0,1.0,12,12,15,Apartment,Furnished,Ready to Move,HSR Layout,8.1,2.1,2.0,0,20630000
516,1,2,1.0,0.0,1,6,10,Apartment,Furnished,Ready to Move,HSR Layout,3.5,14.0,4.0,2,5720000
993,2,2,1.0,1.0,1,9,15,Independent House,Semi-Furnished,Ready to Move,Yelahanka,5.6,14.5,3.0,2,6480000
1030,3,4,1.0,2.0,4,3,3,Independent House,Semi-Furnished,Ready to Move,HSR Layout,8.8,12.5,4.0,2,11120000
1539,3,3,1.0,2.0,2,15,15,Apartment,Semi-Furnished,Ready to Move,HSR Layout,1.7,5.8,3.0,1,18950000
2109,4,5,1.0,1.0,18,1,10,Apartment,Furnished,Ready to Move,Sarjapur Road,0.4,21.3,2.0,1,12120000
954,2,2,1.0,1.0,0,4,7,Apartment,Unfurnished,Under Construction,Indiranagar,8.5,9.1,6.0,1,11960000
2410,4,4,1.0,2.0,7,4,5,Apartment,Semi-Furnished,Ready to Move,Sarjapur Road,5.6,18.3,2.0,2,14460000
720,2,2,,2.0,7,5,15,Apartment,Furnished,Under Construction,Whitefield,4.8,21.6,4.0,1,5110000
3715,5,6,3.0,1.0,0,3,5,Apartment,Furnished,Ready to Move,Indiranagar,8.7,1.9,3.0,5,78370000
3304,5,5,2.0,2.0,10,3,5,Apartment,Semi-Furnished,Ready to Move,Whitefield,5.2,20.1,3.0,3,26590000
936,2,2,3.0,0.0,5,4,5,Independent House,Furnished,Under Construction,Whitefield,3.1,22.9,2.0,3,8220000
1940,4,5,3.0,0.0,10,2,3,Apartment,Unfurnished,Under Construction,Yelahanka,4.9,15.1,5.0,1,6140000
2192,4,4,1.0,,14,6,10,Apartment,Unfurnished,Ready to Move,Koramangala,7.8,8.6,1.0,5,28850000
1238,2,3,1.0,0.0,3,7,7,Apartment,Semi-Furnished,Ready to Move,Jayanagar,4.2,1.0,5.0,2,15110000
1428,3,4,3.0,,5,4,5,Independent House,Unfurnished,Under Construction,Electronic City,2.1,21.0,2.0,2,8000000
565,1,2,2.0,1.0,2,6,7,Apartment,Semi-Furnished,Under Construction,Electronic City,3.9,16.2,6.0,3,2310000
2007,4,4,1.0,1.0,1,4,10,Apartment,Unfurnished,Under Construction,Yelahanka,2.6,16.9,2.0,1,8230000
1288,2,2,2.0,2.0,0,9,10,Apartment,Semi-Furnished,Ready to Move,Whitefield,3.7,19.4,1.0,0,10370000
509,1,2,1.0,2.0,26,5,7,Villa,Semi-Furnished,Under Construction,Marathahalli,4.3,13.5,6.0,3,3010000
944,2,2,1.0,0.0,4,1,10,Apartment,Semi-Furnished,Under Construction,Banashankari,5.2,10.2,1.0,1,5890000
1809,3,3,1.0,1.0,0,4,7,Independent House,Unfurnished,Under Construction,Jayanagar,4.8,5.1,4.0,1,22060000
2058,4,5,1.0,1.0,0,9,15,Independent House,Unfurnished,Under Construction,Yelahanka,4.8,24.4,4.0,1,10680000
3436,5,5,0.0,1.0,2,3,3,Independent House,Unfurnished,Under Construction,Whitefield,4.1,22.4,2.0,2,27340000
776,2,3,2.0,1.0,0,20,20,Villa,Unfurnished,Ready to Move,Electronic City,4.0,22.1,5.0,2,4600000
527,1,2,1.0,0.0,3,3,5,Apartment,Unfurnished,Ready to Move,HSR Layout,6.5,8.0,5.0,2,4610000
1815,3,4,0.0,1.0,0,11,15,Apartment,Unfurnished,Ready to Move,Sarjapur Road,,15.3,1.0,2,11170000
1210,3,3,0.0,2.0,0,5,7,Independent House,Semi-Furnished,Under Construction,Banashankari,6.0,9.3,4.0,2,10890000
921,2,2,2.0,2.0,8,3,7,Apartment,Unfurnished,Ready to Move,HSR Layout,6.5,8.4,5.0,3,9430000
998,2,2,3.0,1.0,18,1,10,Apartment,Semi-Furnished,Ready to Move,Marathahalli,4.1,17.0,8.0,1,6140000
1123,3,3,0.0,0.0,4,8,15,Villa,Unfurnished,Ready to Move,Koramangala,4.3,3.8,3.0,3,21690000
871,2,2,0.0,2.0,14,1,7,Apartment,Furnished,Under Construction,Jayanagar,7.9,5.8,0.0,1,9330000
1431,3,3,1.0,1.0,0,6,10,Apartment,Unfurnished,Under Construction,Indiranagar,8.4,5.3,1.0,3,17560000
1413,3,3,2.0,1.0,12,2,3,Apartment,Semi-Furnished,Ready to Move,Banashankari,5.8,7.5,4.0,3,11860000
2512,4,4,1.0,1.0,0,6,20,Apartment,Semi-Furnished,Ready to Move,Marathahalli,6.5,14.8,1.0,3,20390000
1831,3,4,1.0,1.0,14,6,15,Independent House,Furnished,Ready to Move,Electronic City,4.6,28.2,3.0,1,12950000
787,2,2,1.0,1.0,17,6,7,Apartment,Semi-Furnished,Ready to Move,Whitefield,4.4,21.6,1.0,3,5510000
2044,4,4,1.0,1.0,12,10,15,Apartment,Semi-Furnished,Ready to Move,Koramangala,7.6,5.3,4.0,4,26770000
1588,3,4,3.0,0.0,13,3,7,Apartment,Semi-Furnished,Under Construction,HSR Layout,10.0,12.4,1.0,2,14960000
1238,2,3,0.0,2.0,6,14,15,Villa,Semi-Furnished,Ready to Move,HSR Layout,7.1,9.7,1.0,2,17860000
1601,3,3,1.0,2.0,2,9,10,Independent House,Unfurnished,Ready to Move,Hebbal,5.3,9.1,3.0,3,15200000
1005,2,3,2.0,2.0,8,4,10,Apartment,Semi-Furnished,Under Construction,Jayanagar,6.4,1.0,2.0,2,9510000
2266,4,4,2.0,2.0,4,2,3,Villa,Furnished,Ready to Move,Jayanagar,5.3,1.0,2.0,2,48940000
1588,3,3,0.0,1.0,0,24,25,Apartment,Semi-Furnished,Ready to Move,Whitefield,1.4,22.2,2.0,2,11910000
1140,3,4,3.0,1.0,5,6,15,Independent House,Semi-Furnished,Ready to Move,Hebbal,7.3,13.1,1.0,1,11900000
571,1,2,2.0,0.0,8,15,15,Apartment,Unfurnished,Under Construction,Sarjapur Road,2.5,17.6,3.0,1,2460000
1227,2,2,1.0,0.0,0,7,7,Villa,Furnished,Ready to Move,Whitefield,4.0,27.1,3.0,0,12660000
2683,5,6,1.0,1.0,7,7,7,Apartment,Unfurnished,Under Construction,Sarjapur Road,3.5,17.9,3.0,0,14800000
2051,4,5,1.0,1.0,8,10,10,Apartment,Unfurnished,Ready to Move,Jayanagar,8.8,1.0,7.0,2,25770000
903,2,3,1.0,2.0,1,1,15,Apartment,Semi-Furnished,Under Construction,Whitefield,3.2,22.3,1.0,4,5140000
510,2,2,1.0,1.0,4,15,20,Independent House,Semi-Furnished,Under Construction,Indiranagar,9.1,8.5,3.0,1,7970000
953,2,2,2.0,1.0,26,6,7,Apartment,Furnished,Ready to Move,Indiranagar,9.4,7.2,1.0,3,15660000
1484,3,3,2.0,1.0,17,2,10,Independent House,Unfurnished,Ready to Move,Koramangala,5.9,7.5,7.0,3,16860000
1256,3,3,1.0,0.0,4,4,15,Apartment,Semi-Furnished,Ready to Move,Yelahanka,0.8,10.7,4.0,2,5870000
1076,3,3,1.0,2.0,3,2,5,Apartment,Unfurnished,Ready to Move,Hebbal,3.9,12.3,3.0,1,9240000
1153,3,4,1.0,1.0,1,4,7,Apartment,Semi-Furnished,Under Construction,Marathahalli,4.4,11.5,4.0,1,6060000
2305,4,5,2.0,1.0,0,3,5,Independent House,Semi-Furnished,Ready to Move,Indiranagar,8.8,6.6,5.0,5,40520000
1324,2,3,2.0,2.0,2,1,10,Apartment,Semi-Furnished,Ready to Move,Electronic City,3.2,26.6,6.0,5,6970000
1212,2,2,1.0,1.0,22,10,20,Independent House,Semi-Furnished,Under Construction,Marathahalli,5.0,12.9,3.0,2,6770000
1023,3,3,2.0,1.0,25,14,20,Independent House,Semi-Furnished,Under Construction,Jayanagar,5.4,8.0,0.0,4,10000000
3278,5,5,1.0,1.0,13,1,10,Independent House,Semi-Furnished,Ready to Move,Whitefield,4.1,17.4,7.0,1,30420000
1214,3,3,2.0,1.0,3,2,7,Apartment,Semi-Furnished,Under Construction,Jayanagar,6.5,5.9,3.0,2,11660000
1236,3,4,1.0,0.0,1,7,10,Villa,Semi-Furnished,Ready to Move,Hebbal,3.8,10.5,4.0,2,13130000
1270,3,3,1.0,2.0,7,12,20,Independent House,Semi-Furnished,Ready to Move,Indiranagar,10.0,10.4,3.0,2,24310000
2282,4,5,1.0,2.0,8,1,10,Apartment,Furnished,Ready to Move,Whitefield,1.1,16.8,1.0,1,21590000
1132,2,2,2.0,1.0,4,3,7,Villa,Semi-Furnished,Ready to Move,Hebbal,6.9,12.3,1.0,1,12540000
931,2,2,2.0,1.0,9,11,20,Apartment,Furnished,Ready to Move,HSR Layout,7.5,14.1,7.0,1,12630000
2754,5,6,3.0,2.0,10,5,15,Apartment,Unfurnished,Ready to Move,HSR Layout,7.5,4.2,3.0,2,30020000
2185,4,4,0.0,1.0,12,11,20,Apartment,Unfurnished,Ready to Move,Koramangala,8.1,5.3,3.0,2,28160000
1057,2,2,1.0,2.0,5,5,20,Apartment,Semi-Furnished,Ready to Move,Electronic City,5.3,22.3,4.0,1,5720000
1729,3,3,1.0,1.0,12,7,7,Apartment,Unfurnished,Ready to Move,Sarjapur Road,3.0,16.0,1.0,3,9790000
705,2,3,2.0,1.0,0,20,20,Apartment,Semi-Furnished,Under Construction,Jayanagar,7.3,9.6,3.0,2,8240000
953,2,3,2.0,1.0,9,8,10,Villa,Unfurnished,Under Construction,HSR Layout,6.4,15.1,1.0,1,10780000
2201,5,6,2.0,1.0,2,3,3,Apartment,Furnished,Ready to Move,Yelahanka,2.7,18.0,4.0,2,13980000
940,2,3,2.0,0.0,2,8,10,Apartment,Semi-Furnished,Ready to Move,Yelahanka,3.2,15.1,4.0,0,4720000
1909,4,5,2.0,2.0,0,6,10,Apartment,Semi-Furnished,Under Construction,Yelahanka,1.6,11.7,3.0,5,9040000
941,2,3,3.0,1.0,1,4,7,Apartment,Furnished,Ready to Move,HSR Layout,5.3,10.5,4.0,2,11820000
1176,3,3,1.0,2.0,38,15,25,Villa,Unfurnished,Under Construction,Indiranagar,10.0,4.5,4.0,1,15630000
386,1,1,2.0,0.0,4,3,3,Apartment,Furnished,Ready to Move,Banashankari,9.0,7.7,3.0,1,3320000
813,3,3,3.0,1.0,21,15,20,Villa,Semi-Furnished,Ready to Move,Sarjapur Road,4.4,16.5,4.0,2,6230000
1363,3,4,1.0,2.0,1,5,5,Apartment,Unfurnished,Under Construction,Whitefield,5.6,18.2,1.0,3,9910000
1279,3,3,2.0,2.0,1,4,7,Independent House,Furnished,Ready to Move,Whitefield,4.7,20.1,1.0,0,14010000
475,1,1,1.0,2.0,6,2,7,Apartment,Semi-Furnished,Ready to Move,Indiranagar,9.3,1.3,0.0,1,6600000
1201,2,3,1.0,2.0,3,2,15,Apartment,Semi-Furnished,Under Construction,Yelahanka,3.8,19.1,2.0,2,6190000
455,1,1,2.0,1.0,8,1,5,Villa,Furnished,Under Construction,Jayanagar,8.2,3.7,6.0,0,5500000
1219,2,3,1.0,2.0,4,8,25,Apartment,Furnished,Ready to Move,Jayanagar,9.0,6.3,4.0,0,17140000
1854,3,4,1.0,0.0,13,13,15,Villa,Furnished,Under Construction,Whitefield,3.0,19.0,3.0,1,15230000
853,3,3,2.0,0.0,4,5,15,Villa,Semi-Furnished,Under Construction,Marathahalli,8.2,16.0,1.0,2,7100000
1425,3,4,0.0,0.0,6,5,5,Apartment,Semi-Furnished,Ready to Move,Hebbal,5.2,13.8,2.0,1,13300000
1288,3,4,0.0,2.0,3,7,10,Apartment,Unfurnished,Ready to Move,Electronic City,3.5,23.5,1.0,1,7190000
396,2,2,2.0,0.0,9,12,20,Apartment,Furnished,Ready to Move,Sarjapur Road,3.0,14.5,4.0,5,2990000
675,2,3,1.0,0.0,8,7,7,Independent House,Semi-Furnished,Ready to Move,Banashankari,4.1,7.4,3.0,6,6490000
1097,2,3,1.0,1.0,4,3,5,Villa,Semi-Furnished,Under Construction,HSR Layout,7.3,14.8,4.0,0,14110000
2807,4,4,1.0,1.0,2,10,10,Apartment,Furnished,Ready to Move,Jayanagar,7.6,5.0,2.0,3,50460000
1652,3,3,0.0,2.0,7,6,20,Apartment,Furnished,Ready to Move,HSR Layout,7.2,13.1,7.0,3,22390000
1011,2,2,0.0,1.0,22,5,10,Apartment,Furnished,Ready to Move,Hebbal,4.3,12.0,4.0,2,8060000
945,2,2,2.0,1.0,1,2,7,Independent House,Semi-Furnished,Ready to Move,Marathahalli,0.0,13.1,1.0,1,6830000
2673,4,4,1.0,0.0,12,3,10,Apartment,Unfurnished,Ready to Move,Marathahalli,1.3,14.6,3.0,1,16140000
2001,3,4,,1.0,6,3,20,Apartment,Furnished,Ready to Move,Hebbal,5.0,9.5,2.0,3,20160000
1235,3,3,3.0,0.0,5,1,3,Independent House,Semi-Furnished,Under Construction,Electronic City,3.8,24.7,3.0,1,7310000
570,2,3,2.0,1.0,26,2,5,Apartment,Furnished,Under Construction,Yelahanka,2.4,13.4,8.0,2,2250000
551,2,2,0.0,1.0,7,3,5,Apartment,Semi-Furnished,Under Construction,Jayanagar,5.6,7.7,2.0,0,5510000
3540,5,5,1.0,1.0,14,1,3,Independent House,Furnished,Under Construction,Koramangala,8.4,7.2,3.0,3,72900000
1386,3,4,2.0,2.0,5,4,7,Villa,Semi-Furnished,Under Construction,Sarjapur Road,3.5,19.3,4.0,0,10720000
984,2,3,2.0,2.0,2,2,5,Apartment,Furnished,Ready to Move,Hebbal,4.3,10.3,2.0,3,10820000
1283,4,4,2.0,0.0,9,3,10,Apartment,Unfurnished,Under Construction,Electronic City,0.9,22.6,7.0,2,6060000
1189,3,3,1.0,0.0,20,3,7,Apartment,Furnished,Ready to Move,Hebbal,3.7,9.8,3.0,1,9000000
893,2,3,1.0,2.0,14,3,7,Apartment,Unfurnished,Ready to Move,Yelahanka,4.4,15.4,2.0,3,3920000
989,2,2,1.0,0.0,1,10,20,Independent House,Unfurnished,Ready to Move,HSR Layout,4.9,8.4,0.0,4,10780000
874,2,2,2.0,1.0,3,3,5,Apartment,Semi-Furnished,Ready to Move,Banashankari,5.7,5.7,4.0,1,6390000
752,2,2,2.0,1.0,5,6,7,Villa,Semi-Furnished,Ready to Move,Koramangala,10.0,5.9,5.0,0,11700000
1180,3,4,0.0,2.0,6,4,7,Independent House,Semi-Furnished,Ready to Move,HSR Layout,5.1,13.0,1.0,1,17650000
1179,2,2,0.0,1.0,1,9,10,Apartment,Semi-Furnished,Ready to Move,Koramangala,7.3,7.2,1.0,2,18480000
2097,4,4,3.0,0.0,2,10,15,Apartment,Furnished,Under Construction,Yelahanka,4.5,16.7,5.0,3,10840000
3142,5,5,1.0,0.0,11,13,15,Apartment,Furnished,Ready to Move,Marathahalli,5.8,18.4,7.0,2,25720000
451,1,2,1.0,0.0,10,10,10,Independent House,Semi-Furnished,Under Construction,Koramangala,7.0,2.0,1.0,2,5740000
572,3,3,2.0,1.0,14,13,20,Independent House,Semi-Furnished,Ready to Move,Indiranagar,6.2,8.9,2.0,2,9850000
1790,4,4,1.0,1.0,21,14,15,Apartment,Semi-Furnished,Ready to Move,Marathahalli,5.9,16.7,2.0,2,11720000
1157,3,3,1.0,2.0,2,2,5,Villa,Furnished,Ready to Move,Whitefield,5.2,20.1,4.0,4,13460000
1497,3,3,1.0,1.0,15,5,5,Apartment,Furnished,Under Construction,Yelahanka,3.6,16.7,3.0,4,8090000
1574,2,3,2.0,1.0,8,2,10,Independent House,Unfurnished,Under Construction,Hebbal,6.4,15.1,2.0,0,10750000
1594,3,4,1.0,1.0,25,22,25,Apartment,Unfurnished,Ready to Move,Jayanagar,4.9,8.0,5.0,2,12980000
2166,3,4,3.0,0.0,2,1,7,Apartment,Unfurnished,Under Construction,Banashankari,5.3,8.8,2.0,2,13960000
3118,5,6,1.0,2.0,2,1,5,Independent House,Semi-Furnished,Under Construction,Electronic City,2.9,20.6,3.0,0,21150000
830,2,3,2.0,0.0,9,5,20,Apartment,Semi-Furnished,Ready to Move,Banashankari,5.6,5.2,0.0,3,5720000
2139,4,4,0.0,1.0,21,1,5,Apartment,Semi-Furnished,Ready to Move,Marathahalli,5.2,14.3,2.0,2,11370000
1288,2,3,1.0,0.0,13,8,10,Apartment,Semi-Furnished,Under Construction,Marathahalli,5.5,10.6,1.0,3,7310000
3824,5,5,2.0,1.0,10,1,3,Apartment,Semi-Furnished,Ready to Move,Koramangala,8.9,6.2,1.0,5,52530000
1238,3,4,1.0,2.0,3,1,3,Apartment,Unfurnished,Ready to Move,Yelahanka,3.4,10.7,6.0,2,5760000
1470,3,3,2.0,0.0,10,8,10,Independent House,Semi-Furnished,Ready to Move,Indiranagar,9.1,5.9,2.0,6,27030000
999,3,4,1.0,1.0,12,3,10,Apartment,Unfurnished,Ready to Move,Koramangala,8.6,3.2,3.0,4,11970000
1106,2,2,0.0,0.0,11,4,5,Apartment,Furnished,Ready to Move,Whitefield,3.4,18.7,2.0,1,7530000
1245,2,3,1.0,2.0,9,8,15,Villa,Semi-Furnished,Ready to Move,Jayanagar,6.1,5.2,6.0,3,17170000
957,2,3,2.0,1.0,0,4,5,Apartment,Semi-Furnished,Under Construction,Jayanagar,7.3,1.0,4.0,3,11480000
823,2,3,0.0,1.0,8,9,10,Apartment,Semi-Furnished,Under Construction,Sarjapur Road,4.6,16.7,3.0,3,4280000
1018,2,3,3.0,1.0,5,6,7,Villa,Semi-Furnished,Ready to Move,Yelahanka,2.0,13.4,3.0,5,6380000
1516,3,3,1.0,2.0,26,3,15,Independent House,Semi-Furnished,Ready to Move,Whitefield,2.7,17.4,3.0,1,11970000
1422,3,3,0.0,1.0,7,5,15,Villa,Unfurnished,Ready to Move,Sarjapur Road,1.2,27.4,1.0,1,9880000
983,2,3,1.0,1.0,7,3,3,Villa,Semi-Furnished,Under Construction,Koramangala,6.1,1.0,5.0,2,18280000
1930,4,5,1.0,1.0,41,3,5,Apartment,Unfurnished,Ready to Move,Hebbal,4.2,13.2,4.0,1,11420000
1678,3,3,0.0,1.0,0,12,20,Independent House,Semi-Furnished,Ready to Move,Hebbal,4.3,9.6,3.0,1,18710000
3212,5,5,2.0,0.0,2,1,7,Apartment,Semi-Furnished,Ready to Move,Jayanagar,6.2,3.3,3.0,0,37170000
1124,3,3,1.0,1.0,8,1,10,Independent House,Semi-Furnished,Ready to Move,Sarjapur Road,1.9,14.0,3.0,1,7770000
757,2,2,1.0,0.0,3,1,5,Apartment,Semi-Furnished,Ready to Move,Electronic City,0.6,25.4,3.0,2,4090000
1328,3,3,3.0,1.0,3,3,25,Independent House,Unfurnished,Under Construction,Indiranagar,8.9,8.6,4.0,5,19990000
1606,3,3,1.0,1.0,17,7,20,Villa,Unfurnished,Ready to Move,Hebbal,5.2,10.1,4.0,3,14550000
566,1,1,1.0,0.0,6,3,3,Independent House,Unfurnished,Ready to Move,Indiranagar,9.6,7.7,4.0,4,8640000
479,1,1,1.0,1.0,0,2,10,Apartment,Unfurnished,Under Construction,Electronic City,4.6,18.9,5.0,1,2210000
999,2,2,1.0,2.0,2,16,20,Apartment,Semi-Furnished,Ready to Move,Jayanagar,7.3,4.8,1.0,1,14050000
887,2,2,1.0,1.0,0,5,7,Villa,Semi-Furnished,Ready to Move,Hebbal,5.2,14.0,7.0,2,9500000
1117,2,2,1.0,1.0,6,2,7,Independent House,Furnished,Ready to Move,Electronic City,4.6,19.0,1.0,4,9950000
1493,3,4,1.0,2.0,1,6,7,Apartment,Furnished,Ready to Move,Koramangala,10.0,1.8,1.0,1,31260000
890,2,2,2.0,1.0,15,1,3,Independent House,Semi-Furnished,Under Construction,Sarjapur Road,2.7,18.1,3.0,5,5810000
1464,3,4,2.0,0.0,6,7,15,Independent House,Semi-Furnished,Under Construction,Hebbal,6.2,12.1,3.0,3,12540000
1768,3,4,2.0,1.0,0,2,10,Apartment,Unfurnished,Ready to Move,Whitefield,3.4,16.8,0.0,2,12740000
841,2,2,1.0,1.0,2,10,10,Independent House,Semi-Furnished,Ready to Move,HSR Layout,6.7,16.7,7.0,1,11540000
594,1,1,0.0,1.0,7,2,7,Apartment,Unfurnished,Under Construction,Koramangala,9.6,1.5,3.0,4,5760000
542,1,1,1.0,1.0,3,2,15,Apartment,Semi-Furnished,Ready to Move,Electronic City,2.9,24.9,3.0,0,2530000
1031,2,2,1.0,1.0,5,11,15,Apartment,Furnished,Ready to Move,Indiranagar,7.2,6.8,2.0,1,16850000
825,2,2,0.0,2.0,19,6,10,Apartment,Semi-Furnished,Under Construction,Sarjapur Road,3.0,15.6,1.0,3,4170000
970,2,2,1.0,1.0,3,2,20,Villa,Unfurnished,Under Construction,Marathahalli,2.6,15.4,5.0,2,6530000
1710,3,4,1.0,1.0,3,2,5,Apartment,Furnished,Ready to Move,Marathahalli,2.4,11.5,2.0,3,16080000
1137,3,3,2.0,2.0,13,14,15,Villa,Unfurnished,Ready to Move,Electronic City,5.1,22.2,1.0,4,7900000
697,2,3,1.0,1.0,3,1,10,Villa,Furnished,Ready to Move,Hebbal,5.8,14.5,2.0,3,9500000
704,2,2,3.0,2.0,0,3,5,Villa,Furnished,Ready to Move,Indiranagar,7.6,3.3,1.0,1,16140000
1072,3,4,2.0,1.0,1,4,5,Apartment,Semi-Furnished,Ready to Move,Banashankari,3.2,9.2,1.0,2,9330000
2238,4,4,0.0,1.0,23,1,7,Independent House,Unfurnished,Ready to Move,Marathahalli,2.6,12.3,5.0,2,14260000
1006,3,3,1.0,2.0,21,6,20,Apartment,Furnished,Ready to Move,Koramangala,6.9,4.5,4.0,4,13540000
1316,3,3,2.0,0.0,2,4,15,Apartment,Semi-Furnished,Ready to Move,Marathahalli,5.7,14.3,2.0,3,9220000
1067,2,3,2.0,1.0,6,2,10,Apartment,Unfurnished,Ready to Move,Electronic City,3.2,20.9,3.0,2,5900000
1029,2,2,1.0,1.0,1,1,3,Apartment,Semi-Furnished,Under Construction,Sarjapur Road,6.9,12.5,3.0,4,5350000
1845,4,5,1.0,1.0,8,15,25,Independent House,Semi-Furnished,Ready to Move,Whitefield,4.3,22.3,5.0,1,15180000
571,1,2,1.0,1.0,1,4,7,Apartment,Unfurnished,Ready to Move,Koramangala,7.1,10.0,1.0,0,5890000
2860,5,6,1.0,0.0,0,7,10,Villa,Unfurnished,Ready to Move,Hebbal,6.4,12.4,6.0,1,26520000
1337,3,3,3.0,0.0,13,7,15,Apartment,Unfurnished,Ready to Move,HSR Layout,3.8,8.2,3.0,2,13240000
1340,3,4,1.0,1.0,3,4,5,Apartment,Unfurnished,Ready to Move,Hebbal,5.3,12.6,4.0,1,11840000
795,1,2,0.0,1.0,0,7,10,Independent House,Unfurnished,Ready to Move,HSR Layout,4.5,13.4,5.0,1,10070000
1626,3,3,1.0,1.0,14,1,3,Independent House,Unfurnished,Ready to Move,Marathahalli,0.7,17.8,3.0,2,10770000
2094,3,3,2.0,1.0,11,1,5,Apartment,Unfurnished,Ready to Move,Sarjapur Road,3.5,20.7,2.0,1,10670000
855,2,3,2.0,1.0,9,3,15,Apartment,Unfurnished,Ready to Move,Jayanagar,7.9,7.3,3.0,0,8130000
933,2,3,2.0,1.0,19,5,5,Apartment,Furnished,Under Construction,Electronic City,3.7,24.0,5.0,2,4630000
1467,4,4,2.0,2.0,5,1,7,Apartment,Semi-Furnished,Under Construction,HSR Layout,,10.4,3.0,2,16160000
1173,3,4,2.0,0.0,1,2,5,Independent House,Semi-Furnished,Ready to Move,Whitefield,0.4,17.1,2.0,2,11170000
1311,2,2,2.0,0.0,0,1,7,Independent House,Semi-Furnished,Under Construction,Electronic City,3.1,20.9,1.0,1,8490000
492,1,1,1.0,1.0,3,1,3,Apartment,Unfurnished,Under Construction,Marathahalli,3.8,13.0,2.0,2,2540000
1937,3,3,0.0,1.0,0,7,15,Independent House,Furnished,Ready to Move,Yelahanka,3.9,16.9,8.0,3,13580000
1051,3,3,2.0,1.0,6,1,3,Apartment,Semi-Furnished,Under Construction,Yelahanka,1.4,10.7,6.0,2,4800000
1105,3,4,1.0,1.0,0,15,15,Apartment,Semi-Furnished,Ready to Move,Sarjapur Road,4.9,19.5,2.0,1,7090000
1304,3,3,2.0,1.0,4,8,10,Apartment,Furnished,Ready to Move,Hebbal,4.2,6.0,5.0,0,12680000
937,2,2,1.0,1.0,1,2,7,Villa,Semi-Furnished,Under Construction,Marathahalli,3.6,15.2,0.0,1,7850000
1658,3,3,2.0,2.0,3,2,20,Apartment,Semi-Furnished,Ready to Move,HSR Layout,7.1,13.5,2.0,2,17950000
1035,2,2,0.0,1.0,8,1,5,Apartment,Furnished,Ready to Move,Yelahanka,1.2,18.7,2.0,0,5320000
1833,4,5,0.0,1.0,3,5,7,Apartment,Furnished,Ready to Move,Marathahalli,5.2,11.3,4.0,1,14100000
1362,3,4,2.0,2.0,3,2,5,Apartment,Furnished,Ready to Move,Jayanagar,4.6,7.9,2.0,2,18680000
889,2,2,1.0,1.0,37,4,7,Independent House,Unfurnished,Ready to Move,Whitefield,5.3,22.1,5.0,3,5630000
776,2,3,2.0,1.0,10,23,25,Apartment,Furnished,Ready to Move,Indiranagar,8.3,10.1,2.0,1,13790000
1644,4,4,1.0,1.0,5,5,5,Apartment,Semi-Furnished,Ready to Move,Indiranagar,8.4,6.1,4.0,3,28930000
1145,2,3,3.0,1.0,6,14,15,Independent House,Semi-Furnished,Ready to Move,Hebbal,0.4,15.1,2.0,1,10050000
602,2,3,2.0,2.0,7,9,10,Independent House,Unfurnished,Ready to Move,Jayanagar,5.8,4.7,2.0,4,6990000
1852,3,3,1.0,0.0,0,2,3,Independent House,Unfurnished,Under Construction,Electronic City,3.0,19.4,1.0,2,8270000
884,2,3,2.0,2.0,0,12,20,Apartment,Unfurnished,Under Construction,Banashankari,7.0,10.6,4.0,4,6340000
1183,3,3,0.0,1.0,8,12,25,Apartment,Semi-Furnished,Ready to Move,Whitefield,4.3,22.6,4.0,3,9250000
1090,2,2,1.0,2.0,3,9,20,Apartment,Unfurnished,Ready to Move,Indiranagar,7.7,3.1,3.0,0,16120000
1815,3,3,2.0,0.0,0,10,10,Apartment,Unfurnished,Ready to Move,Whitefield,5.6,16.4,2.0,0,14400000
672,1,2,2.0,2.0,2,2,5,Independent House,Furnished,Ready to Move,Sarjapur Road,2.9,18.4,2.0,1,5630000
605,1,1,1.0,0.0,1,5,7,Apartment,Semi-Furnished,Under Construction,Yelahanka,4.5,16.1,5.0,3,2290000
2434,4,5,1.0,1.0,19,7,10,Apartment,Semi-Furnished,Ready to Move,HSR Layout,6.7,10.7,1.0,1,26070000
919,3,4,2.0,1.0,1,2,7,Apartment,Semi-Furnished,Ready to Move,Hebbal,3.7,14.7,3.0,1,8970000
850,2,2,1.0,1.0,1,7,15,Apartment,Semi-Furnished,Ready to Move,HSR Layout,7.7,13.1,5.0,2,9860000
776,2,2,2.0,1.0,7,11,15,Independent House,Unfurnished,Under Construction,Yelahanka,3.9,16.0,5.0,3,3550000
1742,3,4,2.0,0.0,5,1,5,Apartment,Semi-Furnished,Ready to Move,Sarjapur Road,5.0,15.0,5.0,2,10590000
1292,3,3,1.0,1.0,6,4,7,Apartment,Semi-Furnished,Ready to Move,Hebbal,4.7,9.8,4.0,1,12350000
3273,5,5,0.0,1.0,4,21,25,Apartment,Unfurnished,Under Construction,Whitefield,5.2,18.2,1.0,4,20390000
3100,5,6,1.0,1.0,5,5,5,Apartment,Semi-Furnished,Ready to Move,Banashankari,7.5,7.6,3.0,1,26630000
1158,3,4,2.0,1.0,12,4,7,Apartment,Semi-Furnished,Under Construction,Sarjapur Road,3.9,16.5,4.0,1,6520000
838,2,2,2.0,0.0,1,2,3,Villa,Semi-Furnished,Under Construction,Electronic City,2.7,21.3,5.0,0,5570000
1762,3,4,2.0,1.0,4,5,7,Apartment,Unfurnished,Ready to Move,Hebbal,7.3,12.2,3.0,1,16100000
1182,3,3,1.0,1.0,25,3,7,Villa,Semi-Furnished,Ready to Move,HSR Layout,7.3,8.1,4.0,2,13020000
973,2,2,2.0,1.0,1,1,3,Independent House,Semi-Furnished,Ready to Move,Yelahanka,2.3,17.0,7.0,1,6070000
801,2,3,1.0,2.0,2,2,3,Independent House,Semi-Furnished,Under Construction,Whitefield,6.9,25.5,4.0,2,6650000
515,1,2,2.0,1.0,1,1,10,Independent House,Furnished,Under Construction,Sarjapur Road,1.9,17.5,5.0,2,3820000
544,1,1,1.0,0.0,0,3,7,Apartment,Furnished,Ready to Move,Jayanagar,7.5,4.0,3.0,2,7050000
801,2,2,2.0,0.0,2,1,3,Apartment,Semi-Furnished,Ready to Move,Whitefield,6.1,20.9,3.0,1,6260000
1131,3,4,2.0,1.0,0,9,20,Apartment,Unfurnished,Ready to Move,HSR Layout,7.9,7.6,2.0,3,11070000
1480,3,3,1.0,1.0,1,1,10,Independent House,Semi-Furnished,Ready to Move,Whitefield,3.0,19.6,3.0,0,14140000
1163,3,3,2.0,0.0,3,4,5,Independent House,Semi-Furnished,Under Construction,Indiranagar,6.8,3.0,1.0,1,18040000
795,2,2,1.0,0.0,0,18,20,Independent House,Furnished,Under Construction,Electronic City,3.7,18.8,4.0,2,5510000
446,1,2,1.0,1.0,11,4,7,Apartment,Furnished,Ready to Move,Marathahalli,5.1,11.4,7.0,1,2950000
1378,3,3,0.0,1.0,12,2,5,Independent House,Semi-Furnished,Ready to Move,HSR Layout,4.7,8.0,0.0,1,17150000
1129,2,2,2.0,0.0,4,6,20,Apartment,Semi-Furnished,Under Construction,HSR Layout,6.8,6.9,3.0,2,10740000
1821,3,3,2.0,1.0,33,1,5,Apartment,Unfurnished,Ready to Move,Sarjapur Road,1.5,21.8,3.0,4,7910000
2393,5,5,2.0,2.0,9,10,20,Apartment,Semi-Furnished,Ready to Move,Whitefield,5.9,21.3,4.0,3,20420000
1358,2,2,2.0,2.0,10,2,15,Apartment,Semi-Furnished,Ready to Move,Yelahanka,2.1,18.8,4.0,4,6050000
759,2,2,0.0,2.0,1,1,7,Apartment,Semi-Furnished,Ready to Move,Hebbal,4.8,7.9,3.0,1,6430000
1703,3,3,0.0,2.0,14,3,3,Apartment,Semi-Furnished,Ready to Move,Marathahalli,5.3,13.1,3.0,2,9830000
2395,5,6,1.0,1.0,23,1,3,Apartment,Furnished,Ready to Move,Marathahalli,5.2,15.3,4.0,1,17690000
1156,3,3,2.0,0.0,2,1,5,Villa,Semi-Furnished,Ready to Move,Yelahanka,3.7,21.0,3.0,3,8060000
1702,4,4,3.0,1.0,9,16,20,Independent House,Furnished,Ready to Move,Koramangala,9.5,1.7,2.0,5,34150000
940,2,3,1.0,1.0,10,2,7,Villa,Semi-Furnished,Ready to Move,Whitefield,4.9,16.1,1.0,4,7890000
3124,5,6,2.0,2.0,2,1,3,Apartment,Furnished,Ready to Move,HSR Layout,8.5,10.6,3.0,5,51010000
1077,2,3,2.0,1.0,5,9,10,Independent House,Semi-Furnished,Ready to Move,Hebbal,2.4,10.0,6.0,1,10630000
446,1,1,0.0,1.0,0,5,5,Independent House,Semi-Furnished,Ready to Move,Whitefield,4.2,25.1,5.0,1,3750000
1604,4,4,1.0,1.0,1,1,5,Apartment,Semi-Furnished,Ready to Move,Marathahalli,3.8,15.6,0.0,1,11320000
1633,4,5,2.0,1.0,0,1,5,Apartment,Semi-Furnished,Under Construction,Banashankari,4.3,7.1,1.0,1,11720000
537,1,2,1.0,1.0,6,15,15,Apartment,Semi-Furnished,Ready to Move,Hebbal,5.7,11.2,4.0,4,4610000
910,2,2,2.0,1.0,7,1,3,Apartment,Semi-Furnished,Ready to Move,Jayanagar,7.0,5.6,6.0,2,10800000
445,1,1,1.0,2.0,19,3,7,Villa,Semi-Furnished,Ready to Move,Whitefield,5.6,14.5,1.0,2,3520000
1001,2,3,0.0,1.0,6,3,3,Independent House,Furnished,Under Construction,Hebbal,3.2,12.1,1.0,2,8320000
1379,2,2,1.0,1.0,2,8,10,Apartment,Unfurnished,Ready to Move,Marathahalli,7.4,12.5,3.0,5,9110000
2517,5,5,2.0,1.0,0,3,7,Independent House,Semi-Furnished,Ready to Move,Whitefield,3.7,21.9,5.0,1,29690000
1278,3,3,1.0,1.0,17,1,3,Independent House,Semi-Furnished,Under Construction,Whitefield,4.8,17.3,3.0,2,8310000
1556,3,4,2.0,1.0,5,4,10,Independent House,Unfurnished,Ready to Move,Yelahanka,2.7,18.0,4.0,0,8400000
1243,3,4,1.0,1.0,10,5,10,Apartment,Furnished,Under Construction,Marathahalli,4.1,15.6,3.0,1,8490000
1587,3,4,1.0,1.0,0,2,5,Independent House,Furnished,Under Construction,Hebbal,4.2,12.5,6.0,1,17000000
1198,3,3,2.0,0.0,5,10,15,Apartment,Semi-Furnished,Ready to Move,Yelahanka,3.3,19.8,1.0,1,6720000
1912,3,3,1.0,1.0,3,3,7,Apartment,Semi-Furnished,Ready to Move,Marathahalli,4.9,8.3,1.0,1,12480000
1015,2,2,2.0,1.0,0,4,15,Apartment,Semi-Furnished,Ready to Move,Jayanagar,3.1,7.3,2.0,1,12800000
1226,3,4,0.0,2.0,11,7,10,Apartment,Unfurnished,Under Construction,Indiranagar,8.2,4.9,2.0,2,15040000
1235,3,4,2.0,0.0,5,11,20,Villa,Semi-Furnished,Ready to Move,Electronic City,2.8,21.8,2.0,1,9400000
1794,4,5,2.0,0.0,3,4,10,Apartment,Semi-Furnished,Ready to Move,Indiranagar,10.0,2.1,2.0,2,29860000
3568,5,5,2.0,2.0,13,3,5,Apartment,Furnished,Ready to Move,Sarjapur Road,5.0,13.7,1.0,1,27760000
708,2,3,1.0,0.0,4,1,15,Apartment,Furnished,Ready to Move,Marathahalli,6.3,16.7,4.0,3,5080000
1212,3,3,2.0,0.0,0,5,15,Villa,Semi-Furnished,Ready to Move,Yelahanka,3.8,18.4,5.0,4,8270000
488,1,1,1.0,0.0,23,24,25,Apartment,Furnished,Ready to Move,Indiranagar,8.8,10.4,3.0,2,7870000
1395,3,3,1.0,2.0,2,2,3,Independent House,Furnished,Ready to Move,Marathahalli,4.5,19.9,1.0,3,15170000
898,2,2,0.0,2.0,14,4,10,Apartment,Semi-Furnished,Ready to Move,Marathahalli,5.7,9.4,4.0,4,5710000
385,1,2,0.0,1.0,13,4,10,Apartment,Unfurnished,Under Construction,Marathahalli,6.6,13.5,1.0,1,1930000
874,2,2,2.0,1.0,1,1,10,Apartment,Furnished,Ready to Move,Sarjapur Road,4.1,18.8,0.0,4,6530000
1372,3,4,2.0,1.0,5,13,25,Apartment,Semi-Furnished,Ready to Move,HSR Layout,5.4,12.9,2.0,1,12850000
830,2,2,1.0,,0,1,10,Apartment,Semi-Furnished,Under Construction,Jayanagar,8.1,10.3,2.0,0,8460000
2274,4,4,2.0,0.0,3,3,10,Apartment,Unfurnished,Under Construction,Whitefield,3.1,16.9,0.0,4,12170000
651,1,1,0.0,2.0,10,4,7,Independent House,Semi-Furnished,Ready to Move,Electronic City,3.9,20.4,4.0,2,3960000
1968,4,4,2.0,0.0,2,7,7,Villa,Semi-Furnished,Under Construction,Indiranagar,9.7,9.1,4.0,2,41350000
1464,3,3,2.0,1.0,0,4,7,Apartment,Semi-Furnished,Ready to Move,Marathahalli,3.8,9.0,3.0,1,11150000
539,2,2,2.0,0.0,5,2,3,Apartment,Unfurnished,Ready to Move,Banashankari,3.3,4.8,6.0,5,3700000
869,2,2,1.0,1.0,6,3,7,Independent House,Semi-Furnished,Ready to Move,Marathahalli,3.3,15.3,3.0,4,6280000
1681,3,4,2.0,1.0,9,1,5,Apartment,Furnished,Ready to Move,Sarjapur Road,3.2,24.2,1.0,1,10190000
1281,3,4,1.0,1.0,11,8,10,Apartment,Unfurnished,Under Construction,Jayanagar,5.1,1.0,3.0,2,11900000
1193,3,4,2.0,1.0,9,3,10,Independent House,Semi-Furnished,Ready to Move,Marathahalli,3.4,14.2,3.0,3,9360000
1382,2,2,1.0,1.0,14,11,15,Villa,Unfurnished,Ready to Move,Whitefield,2.2,21.7,0.0,4,10880000
1909,3,3,2.0,2.0,2,2,10,Apartment,Semi-Furnished,Ready to Move,HSR Layout,7.2,14.4,5.0,4,22390000
3061,5,5,0.0,1.0,6,1,10,Apartment,Semi-Furnished,Ready to Move,Electronic City,3.8,23.3,4.0,4,19110000
1166,2,3,2.0,1.0,3,2,5,Apartment,Semi-Furnished,Under Construction,Indiranagar,9.1,1.0,6.0,3,15280000
527,2,2,2.0,0.0,26,5,20,Villa,Semi-Furnished,Under Construction,Whitefield,3.8,16.1,2.0,2,3540000
800,2,2,2.0,1.0,4,1,3,Apartment,Unfurnished,Under Construction,Koramangala,7.6,8.1,7.0,0,8450000
1268,3,3,2.0,1.0,25,15,25,Apartment,Unfurnished,Ready to Move,HSR Layout,5.1,11.3,2.0,0,11770000
1333,3,3,3.0,1.0,11,4,10,Apartment,Furnished,Ready to Move,Banashankari,5.4,4.6,1.0,2,11580000
856,2,3,2.0,1.0,10,2,5,Apartment,Semi-Furnished,Under Construction,Electronic City,1.3,23.5,1.0,3,4530000
300,1,1,1.0,,5,5,7,Independent House,Furnished,Ready to Move,Indiranagar,8.8,5.9,6.0,3,6070000
592,1,1,2.0,1.0,4,3,3,Independent House,Furnished,Ready to Move,Koramangala,7.0,1.0,5.0,3,9270000
1053,2,3,0.0,1.0,5,3,5,Villa,Furnished,Ready to Move,Marathahalli,6.6,7.7,3.0,1,12950000
1254,2,2,2.0,2.0,2,3,7,Apartment,Semi-Furnished,Under Construction,HSR Layout,7.1,10.9,5.0,0,14400000
2358,5,5,2.0,1.0,18,5,10,Apartment,Unfurnished,Ready to Move,HSR Layout,6.3,16.1,8.0,2,19180000
1156,3,3,0.0,1.0,12,2,5,Apartment,Furnished,Under Construction,Jayanagar,5.0,6.8,4.0,2,12800000
440,2,3,2.0,2.0,12,3,10,Apartment,Unfurnished,Ready to Move,Whitefield,2.3,12.7,6.0,2,2280000
1882,4,5,2.0,2.0,4,7,15,Independent House,Semi-Furnished,Ready to Move,Whitefield,5.1,15.2,2.0,1,16390000
1652,3,4,1.0,1.0,0,1,10,Apartment,Furnished,Under Construction,HSR Layout,9.0,11.9,2.0,1,18330000
1228,3,4,1.0,1.0,9,5,7,Apartment,Semi-Furnished,Ready to Move,Whitefield,4.9,22.2,3.0,2,9550000
785,1,1,1.0,1.0,3,2,5,Apartment,Unfurnished,Ready to Move,Whitefield,4.6,19.4,4.0,5,4890000
901,2,2,3.0,1.0,16,3,3,Villa,Semi-Furnished,Ready to Move,Electronic City,3.6,20.5,4.0,2,6270000
2058,4,4,1.0,1.0,12,13,15,Apartment,Furnished,Ready to Move,Hebbal,5.2,14.4,5.0,3,23100000
1018,3,4,2.0,2.0,1,4,10,Apartment,Furnished,Under Construction,Marathahalli,4.3,17.3,4.0,2,6690000
1004,2,2,0.0,0.0,7,2,10,Apartment,Semi-Furnished,Ready to Move,Jayanagar,5.6,8.1,5.0,1,11170000
845,3,4,1.0,1.0,9,2,5,Independent House,Furnished,Ready to Move,HSR Layout,4.9,7.1,1.0,1,13070000
2277,4,5,2.0,2.0,6,5,5,Apartment,Unfurnished,Ready to Move,Yelahanka,3.2,18.7,2.0,2,10080000
1087,2,3,1.0,0.0,5,5,15,Independent House,Unfurnished,Under Construction,Electronic City,5.6,20.9,3.0,2,6320000
1780,3,3,3.0,1.0,2,7,10,Independent House,Semi-Furnished,Under Construction,Whitefield,5.5,18.2,4.0,2,14980000
2228,5,5,1.0,2.0,2,13,25,Apartment,Unfurnished,Under Construction,Marathahalli,2.1,12.1,2.0,2,13940000
980,2,2,1.0,2.0,11,9,25,Independent House,Semi-Furnished,Ready to Move,Whitefield,4.0,20.1,2.0,1,7860000
1557,3,3,0.0,1.0,0,1,15,Apartment,Unfurnished,Ready to Move,Electronic City,4.4,23.7,0.0,1,9780000
1523,3,4,3.0,0.0,12,2,7,Independent House,Semi-Furnished,Ready to Move,Jayanagar,8.9,1.0,8.0,3,18220000
1157,3,3,1.0,0.0,5,5,5,Apartment,Unfurnished,Ready to Move,Yelahanka,5.7,13.8,3.0,1,6680000
495,2,3,1.0,1.0,22,6,7,Apartment,Unfurnished,Ready to Move,Jayanagar,6.4,4.6,5.0,1,3470000
1015,2,3,1.0,0.0,47,6,25,Apartment,Furnished,Under Construction,Sarjapur Road,4.9,21.1,1.0,6,3650000
1357,3,3,1.0,0.0,8,1,7,Apartment,Unfurnished,Under Construction,Banashankari,5.0,5.4,4.0,3,8110000
842,2,2,2.0,2.0,4,2,15,Independent House,Unfurnished,Ready to Move,Koramangala,7.8,3.0,7.0,4,13630000
1095,2,2,2.0,2.0,5,16,25,Apartment,Unfurnished,Ready to Move,HSR Layout,6.4,12.4,4.0,1,10370000
941,2,2,1.0,2.0,1,15,15,Villa,Furnished,Ready to Move,Electronic City,3.4,22.1,6.0,2,7860000
404,1,1,1.0,0.0,0,8,10,Apartment,Semi-Furnished,Ready to Move,Indiranagar,10.0,9.6,3.0,3,6070000
1718,5,5,2.0,0.0,6,5,5,Independent House,Semi-Furnished,Under Construction,Electronic City,1.2,21.5,5.0,1,9600000
735,2,2,1.0,2.0,13,1,5,Apartment,Unfurnished,Ready to Move,Yelahanka,3.7,21.6,4.0,3,3310000
4140,5,6,1.0,1.0,2,10,10,Apartment,Semi-Furnished,Ready to Move,Sarjapur Road,6.0,24.2,4.0,0,26570000
1087,2,2,1.0,2.0,4,13,25,Apartment,Unfurnished,Under Construction,Marathahalli,6.1,15.4,1.0,2,5540000
1452,3,3,1.0,2.0,6,10,20,Villa,Semi-Furnished,Under Construction,Electronic City,4.2,23.3,4.0,2,9390000
915,2,2,0.0,2.0,19,3,5,Apartment,Semi-Furnished,Ready to Move,Hebbal,3.9,13.7,0.0,2,6910000
1330,3,4,1.0,1.0,1,6,7,Apartment,Furnished,Ready to Move,Banashankari,5.8,10.4,5.0,2,13240000
1726,3,4,1.0,1.0,2,10,10,Apartment,Unfurnished,Under Construction,Hebbal,7.0,12.4,2.0,3,15390000
856,2,2,0.0,1.0,20,7,10,Villa,Furnished,Ready to Move,Whitefield,3.6,23.5,3.0,3,8230000
2230,4,5,2.0,1.0,0,2,5,Apartment,Unfurnished,Under Construction,Marathahalli,4.5,15.5,4.0,4,13120000
883,2,3,3.0,1.0,8,3,7,Apartment,Semi-Furnished,Ready to Move,Whitefield,4.0,24.2,0.0,2,5990000
1943,3,4,3.0,2.0,8,20,25,Apartment,Unfurnished,Ready to Move,HSR Layout,5.4,5.6,3.0,0,20710000
3215,5,5,2.0,0.0,3,23,25,Independent House,Furnished,Ready to Move,Whitefield,3.9,20.6,3.0,4,30680000
2498,4,5,1.0,2.0,5,6,10,Independent House,Unfurnished,Ready to Move,Marathahalli,4.2,17.0,3.0,2,17400000
2472,5,5,0.0,0.0,15,8,10,Apartment,Semi-Furnished,Under Construction,Sarjapur Road,2.3,14.6,1.0,3,10570000
1151,2,3,2.0,1.0,1,5,5,Apartment,Unfurnished,Ready to Move,Whitefield,2.7,21.3,5.0,1,7200000
890,2,2,0.0,2.0,2,6,15,Apartment,Semi-Furnished,Under Construction,Electronic City,2.0,23.8,9.0,1,5060000
970,2,3,1.0,0.0,5,2,3,Apartment,Semi-Furnished,Ready to Move,Indiranagar,9.2,10.2,2.0,3,13720000
1857,3,4,1.0,1.0,4,1,5,Apartment,Unfurnished,Ready to Move,Electronic City,1.1,21.0,0.0,2,8260000
1108,3,3,1.0,0.0,6,1,3,Villa,Furnished,Ready to Move,Koramangala,4.7,4.6,2.0,3,23120000
988,2,3,2.0,2.0,20,3,7,Apartment,Furnished,Ready to Move,Electronic City,5.4,20.3,6.0,3,6300000
1522,3,3,2.0,2.0,19,10,20,Independent House,Unfurnished,Ready to Move,Sarjapur Road,2.1,17.6,1.0,5,9520000
1048,2,2,2.0,2.0,2,12,25,Apartment,Semi-Furnished,Ready to Move,Whitefield,4.0,24.9,3.0,3,8310000
864,2,2,2.0,2.0,2,10,10,Villa,Semi-Furnished,Ready to Move,Whitefield,,19.9,1.0,6,9730000
1984,3,4,1.0,1.0,1,9,15,Apartment,Furnished,Under Construction,Electronic City,1.2,19.9,3.0,1,11490000
1037,3,3,2.0,0.0,21,2,7,Apartment,Semi-Furnished,Ready to Move,Yelahanka,0.8,15.5,1.0,1,3930000
2583,4,4,,1.0,4,7,10,Apartment,Unfurnished,Ready to Move,Marathahalli,3.1,12.4,3.0,2,17970000
1180,2,3,2.0,1.0,4,9,15,Apartment,Furnished,Ready to Move,Marathahalli,5.4,12.7,3.0,2,9250000
1932,3,4,0.0,1.0,12,4,10,Apartment,Unfurnished,Ready to Move,Electronic City,3.3,20.4,3.0,1,8710000
375,1,2,2.0,2.0,5,2,3,Villa,Unfurnished,Under Construction,Marathahalli,4.0,12.5,4.0,4,2160000
784,2,2,3.0,1.0,1,5,15,Independent House,Semi-Furnished,Ready to Move,Whitefield,3.9,16.4,4.0,1,7360000
1817,3,3,0.0,0.0,4,5,5,Apartment,Unfurnished,Under Construction,Marathahalli,4.8,14.2,3.0,2,9270000
1249,4,4,0.0,1.0,7,1,3,Apartment,Unfurnished,Ready to Move,Yelahanka,5.1,13.1,3.0,1,6250000
644,2,3,0.0,0.0,10,6,10,Apartment,Semi-Furnished,Ready to Move,Marathahalli,8.5,17.4,1.0,2,4030000
857,2,2,1.0,1.0,8,3,3,Apartment,Furnished,Under Construction,Yelahanka,2.8,15.1,3.0,4,4670000
1453,3,3,1.0,1.0,1,9,10,Apartment,Unfurnished,Under Construction,Sarjapur Road,6.0,19.2,2.0,1,8310000
1252,2,3,2.0,1.0,2,6,10,Independent House,Semi-Furnished,Ready to Move,Koramangala,9.5,5.2,5.0,2,21770000
1925,4,4,1.0,0.0,10,6,7,Independent House,Unfurnished,Ready to Move,Yelahanka,3.4,10.5,3.0,3,10500000
1229,3,3,1.0,2.0,16,19,25,Independent House,Semi-Furnished,Ready to Move,Whitefield,1.0,19.2,8.0,3,8630000
1009,2,2,2.0,0.0,0,2,15,Apartment,Semi-Furnished,Ready to Move,Jayanagar,6.1,11.2,3.0,3,11420000
1531,3,3,1.0,1.0,0,1,5,Independent House,Semi-Furnished,Ready to Move,Koramangala,7.5,1.7,5.0,4,25810000
1523,3,3,1.0,1.0,8,3,15,Villa,Furnished,Ready to Move,Whitefield,4.9,26.8,3.0,2,17290000
916,2,2,2.0,0.0,6,4,7,Apartment,Semi-Furnished,Under Construction,Indiranagar,8.4,6.6,5.0,4,11410000
852,3,4,2.0,0.0,1,3,15,Apartment,Semi-Furnished,Ready to Move,HSR Layout,5.5,11.6,3.0,2,8330000
449,1,1,0.0,0.0,6,7,15,Independent House,Semi-Furnished,Ready to Move,Indiranagar,10.0,5.7,3.0,3,7290000
1797,3,3,0.0,1.0,29,4,5,Apartment,Semi-Furnished,Under Construction,Marathahalli,6.0,17.1,2.0,0,7890000
985,2,3,1.0,2.0,7,6,10,Apartment,Semi-Furnished,Ready to Move,Whitefield,1.3,23.3,4.0,2,7590000
1870,4,5,1.0,1.0,4,6,20,Apartment,Furnished,Ready to Move,Koramangala,7.6,3.9,2.0,1,33660000
1162,2,3,1.0,1.0,14,1,7,Apartment,Furnished,Ready to Move,Jayanagar,7.6,4.7,2.0,0,13160000
735,2,3,2.0,1.0,1,1,3,Apartment,Semi-Furnished,Under Construction,Electronic City,5.3,17.7,1.0,3,3520000
1909,4,5,2.0,0.0,4,3,3,Independent House,Furnished,Ready to Move,Sarjapur Road,3.0,20.4,4.0,1,13620000
565,1,1,1.0,0.0,6,5,5,Villa,Semi-Furnished,Under Construction,Marathahalli,3.7,14.2,8.0,1,3970000
866,2,3,2.0,2.0,5,1,3,Villa,Unfurnished,Ready to Move,Hebbal,5.1,9.5,2.0,0,8490000
969,2,2,1.0,0.0,20,2,7,Apartment,Semi-Furnished,Ready to Move,Sarjapur Road,4.7,16.3,3.0,2,5660000
914,2,2,1.0,2.0,2,4,7,Villa,Unfurnished,Ready to Move,Indiranagar,6.4,4.8,2.0,3,16950000
1440,4,4,2.0,0.0,0,2,5,Apartment,Semi-Furnished,Ready to Move,Marathahalli,1.0,11.1,3.0,2,11280000
1450,3,3,2.0,1.0,19,7,10,Apartment,Semi-Furnished,Ready to Move,HSR Layout,8.2,10.1,1.0,1,14760000
403,1,1,,2.0,1,6,25,Apartment,Unfurnished,Under Construction,Electronic City,1.8,17.1,4.0,2,1890000
1446,3,3,0.0,1.0,3,4,20,Apartment,Semi-Furnished,Ready to Move,Hebbal,8.2,10.4,6.0,1,12320000
1784,3,3,2.0,1.0,6,6,7,Apartment,Semi-Furnished,Under Construction,Indiranagar,7.4,1.5,2.0,5,25690000
1887,4,5,1.0,1.0,29,13,15,Apartment,Unfurnished,Ready to Move,Hebbal,4.7,12.6,2.0,5,12310000
727,2,3,1.0,1.0,6,16,20,Apartment,Unfurnished,Ready to Move,Hebbal,5.6,9.1,3.0,1,6120000
1364,3,3,0.0,1.0,4,15,20,Apartment,Furnished,Ready to Move,Hebbal,1.8,10.3,3.0,2,12770000
1167,3,4,2.0,2.0,7,13,20,Independent House,Semi-Furnished,Ready to Move,Yelahanka,7.3,22.8,4.0,3,7180000
1566,3,3,1.0,1.0,28,12,15,Apartment,Furnished,Ready to Move,Indiranagar,8.1,7.6,9.0,2,23970000
1358,3,4,3.0,1.0,13,7,7,Villa,Furnished,Ready to Move,Electronic City,2.1,23.8,3.0,1,10390000
1274,2,2,1.0,2.0,1,3,3,Apartment,Furnished,Ready to Move,Marathahalli,2.3,17.9,1.0,3,11180000
1725,3,3,1.0,1.0,13,6,10,Apartment,Semi-Furnished,Under Construction,Electronic City,3.9,23.5,4.0,2,8600000
1357,3,3,2.0,1.0,14,1,3,Independent House,Semi-Furnished,Ready to Move,Marathahalli,4.4,9.8,2.0,5,12340000
3200,5,5,1.0,2.0,9,21,25,Apartment,Unfurnished,Ready to Move,Sarjapur Road,2.0,14.1,3.0,5,22180000
875,2,2,1.0,1.0,8,6,7,Apartment,Semi-Furnished,Ready to Move,Sarjapur Road,1.6,9.9,5.0,0,5330000
1409,3,3,1.0,1.0,4,15,25,Villa,Semi-Furnished,Ready to Move,Electronic City,4.9,22.6,1.0,4,10510000
1855,4,4,1.0,2.0,8,7,15,Apartment,Semi-Furnished,Ready to Move,Koramangala,7.0,1.0,2.0,5,29480000
1614,3,3,2.0,1.0,10,3,7,Independent House,Furnished,Ready to Move,Indiranagar,6.1,3.3,5.0,2,31540000
2573,4,4,1.0,1.0,1,4,5,Apartment,Semi-Furnished,Ready to Move,Koramangala,7.8,3.0,3.0,1,46940000
2319,4,5,3.0,1.0,2,5,5,Apartment,Semi-Furnished,Under Construction,Yelahanka,2.4,14.2,2.0,3,11460000
1125,2,2,2.0,1.0,1,7,10,Apartment,Unfurnished,Under Construction,Electronic City,6.3,21.9,4.0,1,4740000
1658,3,3,1.0,0.0,14,7,15,Apartment,Semi-Furnished,Ready to Move,Koramangala,7.2,3.2,1.0,4,21430000
1054,2,3,1.0,1.0,9,2,25,Independent House,Semi-Furnished,Ready to Move,Whitefield,3.9,18.9,3.0,3,8790000
1080,3,4,1.0,1.0,4,4,5,Villa,Semi-Furnished,Ready to Move,Marathahalli,4.3,9.4,4.0,0,10130000
1273,2,2,1.0,1.0,13,4,5,Apartment,Semi-Furnished,Ready to Move,Marathahalli,3.1,14.7,2.0,1,8510000
1905,3,4,2.0,1.0,10,3,3,Apartment,Semi-Furnished,Ready to Move,Electronic City,4.0,28.5,4.0,1,9890000
1334,3,3,0.0,1.0,19,2,7,Villa,Semi-Furnished,Ready to Move,Whitefield,2.8,20.8,2.0,2,11700000
879,2,2,3.0,1.0,0,4,15,Apartment,Semi-Furnished,Under Construction,Electronic City,3.0,28.8,1.0,0,3980000
1066,2,2,0.0,1.0,5,5,5,Apartment,Semi-Furnished,Ready to Move,Electronic City,3.9,20.3,1.0,1,4630000
3108,5,6,1.0,1.0,9,7,10,Apartment,Unfurnished,Ready to Move,Marathahalli,5.7,13.2,3.0,1,20510000
527,1,1,0.0,1.0,1,3,7,Apartment,Unfurnished,Ready to Move,Marathahalli,3.1,13.9,1.0,1,2840000
412,1,2,1.0,0.0,3,1,7,Villa,Semi-Furnished,Ready to Move,Electronic City,2.4,21.5,1.0,1,3110000
1008,2,2,2.0,0.0,4,7,10,Independent House,Furnished,Ready to Move,HSR Layout,8.6,13.5,9.0,3,14730000
3108,5,6,2.0,1.0,12,6,10,Apartment,Unfurnished,Under Construction,Banashankari,3.8,1.4,0.0,0,20740000
3206,5,5,1.0,1.0,5,2,7,Apartment,Semi-Furnished,Ready to Move,Indiranagar,8.6,3.6,6.0,2,55750000
1497,3,3,2.0,0.0,5,1,10,Apartment,Furnished,Ready to Move,Sarjapur Road,6.2,23.0,3.0,1,10940000
1891,4,4,2.0,1.0,4,6,7,Apartment,Unfurnished,Ready to Move,Koramangala,8.1,2.5,3.0,1,30180000
1138,2,3,2.0,2.0,2,8,10,Apartment,Unfurnished,Ready to Move,Indiranagar,8.3,7.8,4.0,2,15100000
2836,5,5,2.0,0.0,20,5,25,Independent House,Furnished,Ready to Move,Whitefield,4.1,21.8,4.0,2,22470000
861,2,3,2.0,1.0,3,13,15,Apartment,Unfurnished,Ready to Move,Jayanagar,5.6,5.8,3.0,1,8740000
915,2,3,1.0,1.0,6,7,7,Apartment,Semi-Furnished,Ready to Move,Banashankari,5.3,8.9,4.0,4,7180000
618,2,2,1.0,0.0,1,8,15,Apartment,Semi-Furnished,Ready to Move,Electronic City,1.9,21.7,3.0,2,3430000
1348,3,4,1.0,2.0,4,7,15,Apartment,Unfurnished,Under Construction,Whitefield,5.5,13.6,7.0,1,9560000
1592,3,4,2.0,2.0,18,3,7,Apartment,Unfurnished,Ready to Move,Whitefield,4.4,21.4,3.0,3,10340000
1014,2,2,2.0,0.0,43,15,15,Villa,Semi-Furnished,Under Construction,Electronic City,3.7,20.2,2.0,4,4340000
3651,5,5,2.0,2.0,3,4,7,Apartment,Semi-Furnished,Under Construction,Koramangala,10.0,1.0,1.0,0,57810000
900,2,2,3.0,1.0,1,14,15,Villa,Unfurnished,Under Construction,Whitefield,2.2,21.2,1.0,4,6480000
1042,2,2,1.0,0.0,3,4,7,Apartment,Semi-Furnished,Ready to Move,Sarjapur Road,3.7,19.0,3.0,5,5420000
1621,3,3,2.0,1.0,3,1,20,Apartment,Semi-Furnished,Under Construction,Indiranagar,9.6,7.9,3.0,3,21010000
2055,3,3,2.0,0.0,8,6,10,Apartment,Semi-Furnished,Ready to Move,HSR Layout,5.4,9.2,5.0,2,22180000
2057,4,5,2.0,1.0,5,3,7,Apartment,Semi-Furnished,Ready to Move,Yelahanka,4.4,18.6,5.0,0,13410000
1107,3,3,2.0,0.0,11,7,7,Apartment,Unfurnished,Under Construction,Whitefield,3.5,20.1,1.0,2,6180000
1637,3,4,1.0,1.0,9,3,7,Apartment,Semi-Furnished,Ready to Move,Banashankari,5.1,9.0,6.0,3,13790000
1304,2,2,0.0,1.0,2,3,5,Villa,Semi-Furnished,Ready to Move,Electronic City,3.1,23.3,2.0,3,10940000
1309,3,3,3.0,1.0,12,1,3,Villa,Semi-Furnished,Ready to Move,Yelahanka,3.2,12.0,4.0,1,9100000
3271,5,6,0.0,0.0,15,4,7,Apartment,Semi-Furnished,Ready to Move,Marathahalli,4.1,15.1,7.0,0,23770000
685,1,2,1.0,1.0,7,4,10,Apartment,Semi-Furnished,Under Construction,Hebbal,5.0,12.3,2.0,2,4880000
2406,4,4,1.0,0.0,21,6,7,Apartment,Semi-Furnished,Ready to Move,Banashankari,4.0,7.2,2.0,2,16310000
1435,3,3,1.0,1.0,12,1,3,Apartment,Semi-Furnished,Ready to Move,HSR Layout,5.3,10.3,3.0,3,16020000
817,2,2,2.0,0.0,7,7,10,Apartment,Furnished,Under Construction,Banashankari,5.1,15.6,3.0,3,6670000
2754,5,5,2.0,1.0,18,5,5,Independent House,Furnished,Under Construction,Electronic City,3.4,16.2,3.0,0,14760000
1528,3,3,3.0,1.0,7,4,5,Apartment,Semi-Furnished,Under Construction,Electronic City,2.3,21.6,5.0,3,7810000
1122,2,3,1.0,1.0,5,2,5,Apartment,Semi-Furnished,Ready to Move,Electronic City,3.8,24.4,3.0,1,6050000
1013,2,2,2.0,1.0,3,7,10,Apartment,Furnished,Ready to Move,Jayanagar,6.0,2.3,3.0,0,12570000
877,2,2,2.0,1.0,17,3,3,Apartment,Unfurnished,Ready to Move,Koramangala,10.0,5.1,1.0,3,10400000
2222,4,4,3.0,1.0,1,2,7,Villa,Semi-Furnished,Ready to Move,Jayanagar,10.0,6.9,2.0,0,37950000
1640,3,3,3.0,1.0,5,2,10,Apartment,Semi-Furnished,Ready to Move,Jayanagar,8.8,1.2,4.0,1,22320000
2151,4,4,2.0,2.0,6,4,5,Apartment,Furnished,Ready to Move,Sarjapur Road,5.7,16.2,6.0,1,17730000
791,2,2,0.0,1.0,6,7,7,Villa,Furnished,Ready to Move,Hebbal,6.2,17.4,4.0,3,9110000
915,2,2,0.0,1.0,8,1,7,Apartment,Furnished,Ready to Move,Indiranagar,8.4,1.0,1.0,0,17010000
654,1,2,2.0,2.0,5,16,20,Villa,Semi-Furnished,Ready to Move,Electronic City,0.5,20.7,4.0,3,4070000
1012,3,3,2.0,2.0,2,8,15,Apartment,Semi-Furnished,Ready to Move,HSR Layout,4.8,9.5,1.0,2,14200000
1627,5,6,2.0,1.0,15,2,25,Apartment,Semi-Furnished,Under Construction,Koramangala,7.0,4.0,5.0,1,20550000
1822,3,3,1.0,0.0,8,8,10,Villa,Furnished,Ready to Move,Whitefield,6.1,18.8,0.0,1,18970000
1047,2,2,2.0,1.0,15,3,10,Apartment,Semi-Furnished,Ready to Move,Electronic City,3.7,22.2,3.0,3,5550000
2242,4,5,1.0,1.0,2,4,20,Apartment,Furnished,Ready to Move,HSR Layout,5.3,9.9,1.0,0,31030000
1098,3,4,1.0,1.0,8,3,7,Apartment,Unfurnished,Ready to Move,Banashankari,1.9,10.1,4.0,3,7000000
631,1,1,1.0,1.0,10,8,10,Apartment,Semi-Furnished,Ready to Move,Jayanagar,10.0,8.5,4.0,1,6560000
2110,4,5,3.0,1.0,3,4,7,Villa,Semi-Furnished,Ready to Move,Electronic City,4.1,23.3,4.0,2,19350000
648,2,3,1.0,1.0,13,1,10,Independent House,Unfurnished,Under Construction,Marathahalli,5.4,14.7,2.0,5,3910000
1220,2,3,2.0,1.0,0,1,3,Independent House,Semi-Furnished,Ready to Move,Koramangala,7.2,1.0,4.0,1,18490000
980,2,2,1.0,0.0,7,9,15,Villa,Unfurnished,Ready to Move,Indiranagar,8.5,5.3,3.0,2,18070000
1289,3,4,2.0,0.0,7,1,25,Apartment,Furnished,Under Construction,Marathahalli,3.5,17.3,1.0,2,8850000
878,2,3,2.0,1.0,6,2,3,Apartment,Furnished,Under Construction,Indiranagar,8.8,1.0,4.0,3,11400000
567,2,3,3.0,,7,7,15,Apartment,Semi-Furnished,Ready to Move,Electronic City,6.1,18.0,4.0,1,3430000
1062,2,3,0.0,2.0,1,5,5,Apartment,Unfurnished,Ready to Move,Banashankari,2.9,12.5,0.0,2,8870000
1473,3,4,1.0,0.0,9,1,5,Apartment,Semi-Furnished,Under Construction,Yelahanka,2.9,11.5,2.0,5,5920000
2691,5,5,2.0,0.0,3,6,10,Independent House,Unfurnished,Under Construction,Marathahalli,4.5,13.7,2.0,0,19610000
1757,3,3,1.0,1.0,4,2,3,Apartment,Semi-Furnished,Under Construction,Jayanagar,6.5,4.3,4.0,1,21650000
687,2,2,1.0,1.0,3,10,10,Apartment,Furnished,Ready to Move,Marathahalli,5.5,18.3,3.0,1,5200000
836,2,2,1.0,1.0,5,2,3,Apartment,Unfurnished,Ready to Move,HSR Layout,3.7,10.9,5.0,1,8910000
788,2,2,2.0,1.0,7,8,10,Independent House,Unfurnished,Ready to Move,Electronic City,6.2,24.4,7.0,1,5110000
897,2,2,0.0,0.0,14,6,10,Villa,Unfurnished,Ready to Move,Whitefield,2.3,20.2,2.0,2,6220000
1418,3,3,1.0,0.0,5,9,20,Villa,Semi-Furnished,Ready to Move,Indiranagar,7.0,11.0,4.0,1,24750000
1520,3,4,2.0,0.0,3,15,15,Apartment,Furnished,Ready to Move,Jayanagar,6.0,3.8,4.0,0,19970000
1302,3,4,1.0,1.0,5,3,5,Independent House,Furnished,Under Construction,HSR Layout,5.4,11.0,3.0,2,15810000
1154,3,3,0.0,2.0,9,1,7,Apartment,Semi-Furnished,Ready to Move,Banashankari,5.3,11.8,1.0,1,8760000
1270,2,3,1.0,1.0,3,19,20,Independent House,Unfurnished,Ready to Move,Yelahanka,3.5,20.5,1.0,1,7190000
1408,2,2,2.0,0.0,4,15,15,Apartment,Furnished,Under Construction,Sarjapur Road,3.8,17.2,3.0,3,9110000
1440,3,4,1.0,1.0,6,2,10,Apartment,Unfurnished,Ready to Move,Jayanagar,4.5,1.0,1.0,3,15640000
806,2,3,2.0,2.0,2,8,10,Apartment,Semi-Furnished,Ready to Move,Hebbal,4.8,10.8,2.0,2,7040000
1230,2,2,2.0,0.0,1,2,7,Villa,Semi-Furnished,Ready to Move,Koramangala,8.0,9.2,5.0,0,27420000
675,2,2,1.0,1.0,1,5,10,Apartment,Semi-Furnished,Under Construction,Hebbal,6.8,9.7,5.0,3,5910000
886,2,2,3.0,0.0,3,13,15,Independent House,Semi-Furnished,Ready to Move,Koramangala,8.3,4.9,1.0,0,14490000
473,1,2,1.0,0.0,0,1,5,Apartment,Furnished,Ready to Move,Hebbal,5.6,11.1,4.0,2,4580000
1536,4,5,1.0,1.0,7,1,25,Apartment,Unfurnished,Under Construction,HSR Layout,9.3,9.8,1.0,2,14480000
1887,4,4,2.0,2.0,1,2,5,Apartment,Furnished,Ready to Move,Yelahanka,1.3,19.9,1.0,2,12520000
785,2,2,2.0,1.0,3,7,7,Apartment,Furnished,Ready to Move,Yelahanka,2.4,16.8,5.0,2,4940000
551,1,1,1.0,2.0,2,2,3,Apartment,Semi-Furnished,Ready to Move,Koramangala,6.3,10.1,0.0,0,7540000
1407,3,3,1.0,1.0,7,9,10,Apartment,Unfurnished,Under Construction,Indiranagar,10.0,7.9,2.0,3,16970000
831,2,3,1.0,2.0,15,6,7,Villa,Semi-Furnished,Ready to Move,Banashankari,7.2,8.4,2.0,2,8460000
879,2,2,1.0,1.0,8,4,5,Apartment,Furnished,Ready to Move,Indiranagar,10.0,4.7,4.0,2,14700000
524,1,2,2.0,0.0,6,13,25,Independent House,Unfurnished,Ready to Move,Hebbal,5.8,13.0,5.0,1,4170000
1103,2,3,2.0,1.0,8,6,7,Apartment,Furnished,Ready to Move,Marathahalli,4.6,10.3,3.0,1,7450000
1358,3,4,1.0,1.0,0,4,7,Independent House,Semi-Furnished,Under Construction,Electronic City,2.6,18.8,3.0,0,8600000
2329,4,4,1.0,1.0,1,3,10,Apartment,Furnished,Ready to Move,HSR Layout,7.5,12.3,1.0,3,33620000
1061,2,2,1.0,1.0,0,1,5,Apartment,Furnished,Ready to Move,HSR Layout,4.4,12.8,2.0,5,13490000
1058,2,2,1.0,1.0,0,2,7,Apartment,Unfurnished,Under Construction,Sarjapur Road,1.7,14.0,4.0,3,4980000
1213,2,3,0.0,1.0,2,1,7,Apartment,Semi-Furnished,Under Construction,Electronic City,2.7,24.6,4.0,4,6010000
426,1,2,1.0,1.0,6,3,10,Independent House,Unfurnished,Ready to Move,Jayanagar,9.5,5.5,4.0,0,5030000
2535,5,5,1.0,2.0,0,20,20,Apartment,Unfurnished,Ready to Move,Jayanagar,5.9,3.5,1.0,1,31020000
1893,3,4,1.0,1.0,21,1,5,Apartment,Semi-Furnished,Ready to Move,Marathahalli,3.4,13.1,5.0,0,12270000
1327,3,3,2.0,1.0,15,3,10,Independent House,Furnished,Under Construction,Hebbal,5.4,14.7,1.0,1,11170000
611,3,3,1.0,0.0,28,2,3,Apartment,Furnished,Under Construction,Banashankari,6.0,9.8,2.0,1,4350000
1918,4,4,3.0,2.0,0,4,7,Villa,Unfurnished,Ready to Move,Electronic City,5.2,22.9,4.0,1,15440000
2053,4,4,2.0,1.0,15,5,10,Apartment,Unfurnished,Under Construction,Hebbal,3.3,13.1,4.0,2,14230000
300,1,1,3.0,0.0,13,2,3,Independent House,Semi-Furnished,Ready to Move,Sarjapur Road,3.5,14.6,4.0,2,1780000
1203,2,2,2.0,1.0,18,5,10,Apartment,Unfurnished,Under Construction,Marathahalli,4.3,15.6,3.0,0,5420000
1200,3,4,2.0,1.0,6,5,7,Apartment,Unfurnished,Ready to Move,Banashankari,5.2,6.6,2.0,0,8600000
1012,2,3,2.0,1.0,12,14,25,Apartment,Furnished,Ready to Move,HSR Layout,7.6,16.1,4.0,3,12720000
2673,5,5,0.0,1.0,0,3,10,Independent House,Furnished,Under Construction,Whitefield,,18.9,4.0,4,28100000
1039,3,4,2.0,1.0,0,2,5,Apartment,Furnished,Ready to Move,Hebbal,5.0,18.7,5.0,0,10160000
2200,5,5,2.0,1.0,1,2,5,Apartment,Semi-Furnished,Ready to Move,Indiranagar,10.0,4.5,2.0,1,39510000
772,2,2,1.0,2.0,19,1,3,Villa,Semi-Furnished,Under Construction,Hebbal,6.5,11.7,3.0,0,6880000
2434,4,5,2.0,0.0,0,1,3,Independent House,Furnished,Ready to Move,Yelahanka,4.3,15.1,2.0,3,19810000
921,2,3,1.0,1.0,0,4,10,Independent House,Unfurnished,Under Construction,Whitefield,3.5,16.2,0.0,2,5580000
2507,5,6,1.0,1.0,21,7,20,Independent House,Furnished,Ready to Move,Yelahanka,4.1,20.0,2.0,2,16810000
772,2,3,1.0,1.0,0,4,5,Apartment,Unfurnished,Under Construction,Indiranagar,10.0,5.3,3.0,1,10150000
1734,3,4,2.0,0.0,16,6,7,Apartment,Furnished,Ready to Move,Jayanagar,5.9,7.9,2.0,2,19050000
1809,3,3,2.0,1.0,12,5,7,Villa,Furnished,Ready to Move,Marathahalli,4.2,18.8,5.0,1,16400000
1175,2,3,2.0,0.0,0,9,10,Independent House,Semi-Furnished,Ready to Move,Yelahanka,5.3,15.6,5.0,1,6890000
1537,3,3,2.0,1.0,0,2,5,Apartment,Semi-Furnished,Under Construction,Whitefield,4.9,19.7,3.0,3,9490000
2962,5,6,0.0,1.0,6,3,25,Apartment,Unfurnished,Ready to Move,Indiranagar,8.5,5.4,1.0,2,43030000
718,2,2,3.0,0.0,46,5,15,Independent House,Semi-Furnished,Ready to Move,Sarjapur Road,5.9,14.2,1.0,0,3170000
1331,3,3,1.0,1.0,16,18,25,Apartment,Semi-Furnished,Ready to Move,Sarjapur Road,3.0,12.5,4.0,3,8210000
474,1,2,2.0,1.0,2,4,7,Apartment,Semi-Furnished,Ready to Move,Sarjapur Road,1.1,13.5,4.0,4,2770000
1269,4,4,1.0,2.0,3,6,10,Apartment,Furnished,Under Construction,Koramangala,6.8,7.7,2.0,2,22320000
1695,3,4,1.0,0.0,3,10,15,Apartment,Unfurnished,Ready to Move,HSR Layout,8.0,9.0,6.0,4,18040000
817,2,2,2.0,1.0,10,3,15,Villa,Semi-Furnished,Ready to Move,Electronic City,4.1,24.4,3.0,2,6270000
681,1,2,2.0,2.0,3,1,3,Apartment,Furnished,Ready to Move,Hebbal,5.1,11.2,2.0,1,6340000
1646,3,3,1.0,2.0,1,5,25,Villa,Semi-Furnished,Under Construction,HSR Layout,7.9,5.3,2.0,2,26100000
611,1,1,2.0,1.0,10,10,20,Apartment,Furnished,Under Construction,HSR Layout,6.6,12.6,3.0,0,5410000
617,1,1,1.0,1.0,4,1,5,Apartment,Semi-Furnished,Ready to Move,Banashankari,4.3,5.3,1.0,4,3710000
1227,3,4,1.0,2.0,0,4,10,Villa,Furnished,Ready to Move,Whitefield,5.6,21.7,6.0,1,14810000
1302,2,3,2.0,1.0,12,2,7,Apartment,Furnished,Ready to Move,Banashankari,4.1,10.8,4.0,0,12220000
958,2,2,1.0,1.0,7,1,20,Apartment,Furnished,Ready to Move,Marathahalli,4.7,13.9,2.0,1,7590000
1484,3,4,2.0,0.0,5,5,10,Apartment,Furnished,Under Construction,Hebbal,3.8,13.4,7.0,2,12020000
478,1,2,0.0,0.0,8,4,5,Apartment,Unfurnished,Ready to Move,HSR Layout,4.8,5.7,4.0,2,3710000
773,2,3,1.0,1.0,5,1,3,Apartment,Semi-Furnished,Under Construction,Whitefield,3.0,28.8,3.0,4,3960000
1040,2,2,1.0,2.0,8,3,7,Independent House,Unfurnished,Ready to Move,Sarjapur Road,3.6,19.3,2.0,0,6550000
1460,3,3,1.0,2.0,16,2,3,Villa,Unfurnished,Ready to Move,Hebbal,4.0,14.3,2.0,2,13320000
1178,3,3,1.0,2.0,7,1,5,Independent House,Semi-Furnished,Ready to Move,Sarjapur Road,2.7,20.8,4.0,4,9180000
997,3,3,2.0,1.0,8,8,10,Apartment,Furnished,Ready to Move,Koramangala,7.8,3.6,4.0,2,17710000
708,2,2,3.0,1.0,7,11,15,Apartment,Semi-Furnished,Ready to Move,Sarjapur Road,3.6,18.2,5.0,3,4240000
681,1,1,2.0,1.0,6,8,10,Apartment,Furnished,Ready to Move,Sarjapur Road,1.3,21.3,0.0,0,4050000
482,1,1,2.0,1.0,1,8,10,Apartment,Furnished,Under Construction,Marathahalli,0.2,12.9,3.0,1,3160000
885,2,3,1.0,1.0,3,1,5,Apartment,Unfurnished,Under Construction,Sarjapur Road,4.3,19.2,3.0,1,4700000
2580,4,5,1.0,2.0,9,4,7,Apartment,Unfurnished,Ready to Move,Hebbal,5.2,13.4,3.0,3,21810000
736,2,3,0.0,1.0,4,7,15,Independent House,Unfurnished,Ready to Move,Marathahalli,1.9,11.8,2.0,1,5060000
811,2,2,1.0,0.0,4,5,7,Apartment,Semi-Furnished,Under Construction,Whitefield,5.0,21.3,0.0,2,4720000
803,2,2,2.0,2.0,11,4,7,Apartment,Unfurnished,Under Construction,Indiranagar,9.3,1.0,1.0,1,10260000
1853,3,3,1.0,0.0,0,4,5,Independent House,Furnished,Ready to Move,Whitefield,3.9,22.8,1.0,1,19440000
1958,3,3,1.0,1.0,9,5,10,Apartment,Unfurnished,Under Construction,Electronic City,6.3,26.7,,0,8710000
1610,3,3,1.0,2.0,5,5,15,Independent House,Unfurnished,Ready to Move,Electronic City,5.2,24.7,3.0,3,9880000
2313,4,4,1.0,1.0,3,1,10,Villa,Semi-Furnished,Ready to Move,Whitefield,3.7,24.5,2.0,2,24620000
1237,3,3,0.0,2.0,3,2,5,Independent House,Semi-Furnished,Ready to Move,Electronic City,2.8,19.7,3.0,2,7590000
1319,2,3,2.0,1.0,1,8,15,Apartment,Furnished,Under Construction,Whitefield,2.1,19.3,2.0,2,8120000
1000,2,3,1.0,2.0,3,1,3,Villa,Furnished,Ready to Move,Hebbal,6.8,12.4,2.0,2,12730000
1638,3,3,2.0,0.0,3,5,10,Apartment,Furnished,Ready to Move,Yelahanka,3.4,16.4,2.0,1,10250000
1370,3,3,1.0,1.0,4,6,7,Villa,Unfurnished,Under Construction,Whitefield,5.6,18.7,6.0,1,10290000
1324,3,4,2.0,1.0,8,10,20,Apartment,Semi-Furnished,Under Construction,Banashankari,1.5,5.3,1.0,2,8920000
1865,3,3,2.0,1.0,4,13,15,Apartment,Semi-Furnished,Ready to Move,Jayanagar,7.8,11.2,1.0,2,23540000
1551,3,3,2.0,1.0,12,6,10,Apartment,Unfurnished,Ready to Move,HSR Layout,5.6,7.5,0.0,1,14410000
2580,4,4,1.0,2.0,8,5,10,Apartment,Semi-Furnished,Under Construction,Whitefield,5.2,25.0,3.0,1,14720000
1471,3,3,1.0,1.0,1,1,10,Independent House,Semi-Furnished,Ready to Move,Jayanagar,7.4,7.5,3.0,2,22200000
1162,3,3,3.0,2.0,2,5,5,Villa,Semi-Furnished,Ready to Move,Hebbal,5.0,12.6,1.0,0,17040000
839,2,3,0.0,1.0,0,2,15,Villa,Unfurnished,Ready to Move,Sarjapur Road,2.6,19.6,6.0,2,5600000
1428,3,3,1.0,1.0,23,4,10,Apartment,Furnished,Under Construction,Whitefield,4.9,24.6,4.0,1,9990000
1749,4,4,1.0,1.0,17,2,10,Villa,Semi-Furnished,Under Construction,Whitefield,3.1,12.1,3.0,1,11880000
739,2,2,2.0,2.0,0,2,3,Apartment,Unfurnished,Ready to Move,Electronic City,4.9,23.1,3.0,2,4360000
1736,3,4,0.0,0.0,6,5,5,Independent House,Furnished,Ready to Move,HSR Layout,5.3,10.4,4.0,3,20850000
1247,3,3,2.0,1.0,25,7,10,Independent House,Furnished,Under Construction,HSR Layout,6.4,10.6,4.0,3,14000000
565,1,1,2.0,1.0,10,9,10,Apartment,Furnished,Ready to Move,HSR Layout,5.2,12.8,5.0,4,6440000
1482,3,3,1.0,,5,4,5,Independent House,Semi-Furnished,Ready to Move,Hebbal,5.2,10.2,1.0,2,16410000
838,2,2,1.0,2.0,2,5,5,Apartment,Semi-Furnished,Ready to Move,Yelahanka,1.5,12.5,2.0,2,4780000
3612,5,5,1.0,1.0,2,9,10,Apartment,Semi-Furnished,Under Construction,Electronic City,2.1,17.8,6.0,0,20190000
1553,4,4,1.0,2.0,10,1,3,Apartment,Semi-Furnished,Ready to Move,Yelahanka,6.4,13.3,6.0,3,8080000
999,2,3,0.0,1.0,12,2,7,Apartment,Furnished,Ready to Move,Electronic City,4.6,24.1,0.0,0,5700000
996,2,3,1.0,2.0,6,1,10,Villa,Furnished,Ready to Move,Indiranagar,9.2,6.5,1.0,3,22710000
1384,3,3,2.0,1.0,1,3,7,Apartment,Unfurnished,Ready to Move,HSR Layout,7.1,12.6,4.0,1,14830000
703,2,2,2.0,1.0,21,10,15,Apartment,Semi-Furnished,Ready to Move,Marathahalli,4.5,12.6,4.0,3,4180000
645,1,1,1.0,1.0,14,1,3,Apartment,Semi-Furnished,Ready to Move,Banashankari,4.5,6.8,4.0,0,4180000
1608,3,4,2.0,1.0,1,6,20,Villa,Furnished,Ready to Move,Marathahalli,5.1,19.0,3.0,1,18440000
821,2,2,2.0,1.0,0,8,15,Independent House,Unfurnished,Ready to Move,Electronic City,2.1,25.1,3.0,2,5160000
1084,2,3,1.0,1.0,6,4,7,Villa,Semi-Furnished,Ready to Move,Marathahalli,6.4,16.3,0.0,3,11480000
2149,4,5,0.0,0.0,2,16,20,Villa,Semi-Furnished,Ready to Move,Koramangala,8.2,1.0,5.0,2,47240000
1487,4,5,2.0,1.0,2,11,15,Apartment,Unfurnished,Ready to Move,Yelahanka,4.2,21.9,2.0,0,7920000
1160,3,4,2.0,1.0,0,4,20,Apartment,Semi-Furnished,Ready to Move,Jayanagar,9.0,5.7,3.0,0,14220000
2455,4,5,2.0,1.0,24,10,10,Apartment,Semi-Furnished,Under Construction,Indiranagar,9.4,5.5,3.0,5,26450000
1008,2,2,1.0,1.0,14,1,10,Apartment,Semi-Furnished,Under Construction,Marathahalli,2.8,15.3,3.0,4,4550000
842,2,2,2.0,2.0,0,9,10,Villa,Unfurnished,Ready to Move,Marathahalli,5.8,14.5,1.0,2,7660000
786,2,2,2.0,1.0,16,2,3,Apartment,Furnished,Ready to Move,Whitefield,6.9,19.5,4.0,2,6130000
1255,3,3,0.0,1.0,9,8,20,Villa,Furnished,Ready to Move,Sarjapur Road,0.7,18.4,0.0,2,10470000
1822,4,5,2.0,0.0,3,3,10,Apartment,Unfurnished,Ready to Move,HSR Layout,6.2,11.9,3.0,6,18670000
1163,3,3,1.0,1.0,16,3,10,Apartment,Semi-Furnished,Ready to Move,Sarjapur Road,4.1,20.5,1.0,2,6400000
1303,4,5,0.0,1.0,7,16,20,Apartment,Unfurnished,Ready to Move,Hebbal,4.6,15.7,3.0,2,10630000
1719,3,3,0.0,1.0,15,10,25,Independent House,Semi-Furnished,Ready to Move,Hebbal,3.1,8.7,1.0,4,14700000
1134,2,3,2.0,0.0,5,4,5,Villa,Unfurnished,Under Construction,Jayanagar,5.3,4.4,4.0,0,13460000
708,2,2,2.0,1.0,5,4,15,Independent House,Semi-Furnished,Under Construction,Jayanagar,3.9,8.6,4.0,2,7820000
564,1,1,2.0,2.0,2,2,10,Apartment,Furnished,Under Construction,Koramangala,9.4,1.0,3.0,1,8430000
450,1,1,3.0,1.0,3,4,10,Independent House,Unfurnished,Under Construction,Sarjapur Road,,18.5,5.0,2,2430000
1326,3,4,1.0,2.0,6,2,25,Apartment,Semi-Furnished,Ready to Move,HSR Layout,8.4,7.6,0.0,1,15400000
884,2,2,2.0,2.0,23,11,20,Apartment,Unfurnished,Under Construction,Jayanagar,6.6,7.7,2.0,3,6860000
1280,3,3,2.0,0.0,7,7,10,Independent House,Semi-Furnished,Ready to Move,HSR Layout,6.7,7.5,3.0,1,15420000
1960,3,3,3.0,0.0,1,5,7,Apartment,Unfurnished,Ready to Move,Koramangala,9.6,2.9,7.0,2,22120000
866,2,3,1.0,1.0,0,7,10,Villa,Semi-Furnished,Ready to Move,Marathahalli,3.7,13.1,4.0,5,8630000
1173,3,3,3.0,1.0,15,6,10,Apartment,Semi-Furnished,Ready to Move,Whitefield,2.9,20.7,2.0,0,8550000
1186,3,4,0.0,1.0,3,2,5,Apartment,Unfurnished,Ready to Move,Sarjapur Road,2.8,20.9,2.0,4,6420000
1148,2,2,2.0,0.0,3,2,10,Independent House,Furnished,Ready to Move,Electronic City,3.6,25.1,5.0,2,8930000
1339,4,4,2.0,0.0,12,1,5,Apartment,Furnished,Under Construction,Whitefield,3.3,20.6,2.0,1,7900000
1186,3,4,2.0,0.0,23,1,10,Villa,Furnished,Under Construction,Jayanagar,7.4,2.7,3.0,0,15730000
1805,3,3,0.0,2.0,11,13,15,Apartment,Unfurnished,Under Construction,Whitefield,2.3,27.7,3.0,0,10510000
2097,4,5,0.0,2.0,1,1,3,Villa,Unfurnished,Under Construction,HSR Layout,6.0,9.7,3.0,1,29750000
2076,4,4,0.0,0.0,3,5,15,Apartment,Semi-Furnished,Under Construction,Sarjapur Road,4.3,18.8,9.0,1,12520000
2852,4,5,2.0,1.0,11,3,3,Apartment,Furnished,Ready to Move,Whitefield,4.5,20.7,5.0,5,22930000
996,2,3,2.0,0.0,18,1,10,Apartment,Semi-Furnished,Ready to Move,Hebbal,3.9,13.1,4.0,0,7350000
472,1,2,3.0,2.0,50,5,10,Apartment,Semi-Furnished,Ready to Move,Whitefield,5.4,17.5,2.0,2,2230000
896,2,2,1.0,2.0,5,2,15,Independent House,Furnished,Ready to Move,HSR Layout,6.7,11.3,1.0,2,14340000
734,2,2,0.0,1.0,13,10,15,Apartment,Unfurnished,Under Construction,Sarjapur Road,0.5,23.5,3.0,3,3090000
2502,4,5,1.0,1.0,0,1,7,Apartment,Furnished,Ready to Move,Electronic City,4.0,16.0,5.0,2,21160000
1560,3,4,0.0,1.0,2,3,3,Apartment,Furnished,Ready to Move,Whitefield,3.7,20.1,0.0,0,14120000
673,1,1,2.0,1.0,3,3,10,Apartment,Furnished,Ready to Move,Electronic City,2.5,18.6,3.0,0,4090000
1180,2,2,2.0,1.0,29,9,10,Villa,Unfurnished,Ready to Move,HSR Layout,5.1,13.0,4.0,2,11070000
871,2,2,3.0,1.0,0,7,7,Independent House,Semi-Furnished,Under Construction,Hebbal,3.5,15.4,5.0,4,9040000
1135,3,4,1.0,2.0,2,5,5,Apartment,Semi-Furnished,Ready to Move,Electronic City,3.6,21.6,3.0,0,6390000
1385,3,3,0.0,0.0,21,5,5,Independent House,Unfurnished,Under Construction,Hebbal,5.8,12.2,2.0,3,9030000
1650,4,4,1.0,2.0,2,5,7,Apartment,Semi-Furnished,Under Construction,Yelahanka,3.2,13.4,3.0,2,9400000
2065,4,4,2.0,1.0,2,9,10,Apartment,Semi-Furnished,Ready to Move,Indiranagar,10.0,1.0,3.0,2,34640000
1165,2,2,3.0,1.0,10,10,10,Villa,Semi-Furnished,Under Construction,Yelahanka,3.9,15.2,1.0,4,6280000
918,2,2,0.0,1.0,10,1,10,Apartment,Semi-Furnished,Under Construction,Electronic City,0.3,21.4,2.0,0,3920000
978,2,3,0.0,2.0,5,5,7,Villa,Unfurnished,Ready to Move,Banashankari,3.3,8.1,2.0,2,9820000
932,2,2,2.0,1.0,23,6,20,Independent House,Furnished,Under Construction,Whitefield,6.1,10.2,4.0,3,7140000
2321,4,5,2.0,2.0,1,9,10,Apartment,Furnished,Ready to Move,Sarjapur Road,1.8,12.8,2.0,2,19930000
1213,3,3,1.0,2.0,19,3,7,Independent House,Furnished,Under Construction,Jayanagar,2.6,1.6,3.0,0,16950000
784,3,3,2.0,1.0,11,1,3,Independent House,Unfurnished,Ready to Move,Electronic City,6.1,22.2,3.0,1,4900000
1531,3,3,0.0,2.0,3,8,10,Apartment,Semi-Furnished,Under Construction,Marathahalli,4.4,15.8,1.0,1,10330000
658,1,2,3.0,2.0,13,9,10,Villa,Unfurnished,Ready to Move,Sarjapur Road,2.6,14.5,4.0,1,4440000
599,1,2,1.0,1.0,1,6,10,Apartment,Semi-Furnished,Under Construction,Whitefield,3.1,19.2,4.0,2,3970000
1220,3,3,0.0,1.0,1,5,20,Independent House,Semi-Furnished,Ready to Move,Koramangala,8.9,2.3,2.0,2,19740000
1082,3,3,1.0,2.0,21,12,15,Villa,Furnished,Ready to Move,Sarjapur Road,4.4,24.1,2.0,3,9430000
1043,2,3,1.0,2.0,0,8,20,Apartment,Unfurnished,Under Construction,Marathahalli,4.5,12.8,5.0,4,6500000
1439,3,4,1.0,1.0,0,2,3,Apartment,Unfurnished,Ready to Move,Banashankari,4.4,6.7,1.0,1,8510000
1949,4,4,2.0,2.0,3,6,7,Villa,Furnished,Under Construction,Sarjapur Road,1.7,15.6,1.0,5,17790000
1296,2,3,1.0,2.0,0,1,7,Apartment,Furnished,Ready to Move,Banashankari,4.6,2.3,4.0,1,12740000
1134,3,3,2.0,1.0,15,9,10,Apartment,Semi-Furnished,Under Construction,Sarjapur Road,5.3,19.9,2.0,5,5790000
1287,2,2,1.0,1.0,20,1,7,Apartment,Unfurnished,Under Construction,HSR Layout,5.5,9.2,2.0,0,8470000
1408,3,3,0.0,0.0,5,12,15,Apartment,Semi-Furnished,Ready to Move,Whitefield,5.2,18.8,2.0,2,10600000
886,3,3,3.0,0.0,4,2,7,Apartment,Semi-Furnished,Under Construction,Hebbal,4.4,12.5,2.0,0,7320000
2699,5,6,2.0,1.0,6,1,5,Apartment,Furnished,Ready to Move,Marathahalli,5.2,9.3,0.0,2,22700000
1132,2,2,0.0,2.0,2,2,7,Apartment,Semi-Furnished,Under Construction,Whitefield,2.9,25.3,3.0,5,6880000
880,2,2,1.0,0.0,2,3,5,Villa,Unfurnished,Ready to Move,Electronic City,3.4,16.5,8.0,1,5830000
669,2,3,2.0,2.0,0,5,5,Apartment,Semi-Furnished,Ready to Move,Banashankari,5.4,13.3,3.0,1,4680000
918,2,2,1.0,1.0,4,5,5,Apartment,Unfurnished,Under Construction,Jayanagar,5.7,6.0,1.0,1,7950000
1159,3,3,2.0,2.0,7,2,3,Apartment,Unfurnished,Ready to Move,Indiranagar,9.2,3.8,3.0,4,15720000
2196,4,5,1.0,2.0,21,6,15,Apartment,Semi-Furnished,Ready to Move,Indiranagar,8.6,7.0,4.0,1,34970000
1096,2,2,1.0,2.0,10,4,7,Apartment,Unfurnished,Under Construction,HSR Layout,6.3,9.0,2.0,1,9510000
749,2,2,0.0,2.0,10,3,3,Apartment,Furnished,Ready to Move,Electronic City,2.3,24.8,3.0,1,4920000
815,2,2,2.0,2.0,2,5,7,Apartment,Semi-Furnished,Ready to Move,Electronic City,4.8,22.9,3.0,1,4660000
1611,3,3,1.0,0.0,17,10,20,Independent House,Semi-Furnished,Ready to Move,Whitefield,2.9,22.1,4.0,4,12440000
786,2,3,1.0,1.0,23,9,10,Independent House,Semi-Furnished,Ready to Move,Sarjapur Road,4.1,21.1,6.0,7,5130000
744,2,3,2.0,1.0,21,18,25,Independent House,Furnished,Ready to Move,Electronic City,2.1,21.5,5.0,3,5010000
1069,3,3,2.0,1.0,0,3,10,Villa,Furnished,Ready to Move,Hebbal,4.9,14.9,6.0,2,13720000
588,1,1,1.0,0.0,7,14,25,Villa,Furnished,Ready to Move,Hebbal,6.0,13.6,3.0,3,6410000
1486,3,4,2.0,0.0,8,2,5,Apartment,Semi-Furnished,Under Construction,HSR Layout,5.9,14.0,1.0,2,14530000
1208,3,3,2.0,2.0,2,1,7,Villa,Unfurnished,Ready to Move,Marathahalli,0.0,12.9,2.0,1,10020000
950,2,2,1.0,1.0,39,2,10,Apartment,Semi-Furnished,Ready to Move,Indiranagar,6.6,9.1,4.0,2,10250000
1827,3,4,1.0,2.0,2,17,25,Villa,Semi-Furnished,Ready to Move,Yelahanka,0.0,13.7,2.0,1,13010000
1127,3,4,2.0,0.0,1,14,15,Independent House,Unfurnished,Ready to Move,HSR Layout,6.4,4.0,2.0,3,13270000
853,3,3,1.0,1.0,5,9,10,Apartment,Unfurnished,Ready to Move,Marathahalli,4.0,9.9,0.0,1,5800000
1036,2,2,1.0,1.0,3,3,3,Apartment,Semi-Furnished,Under Construction,Marathahalli,3.5,13.0,2.0,1,5560000
929,2,2,2.0,0.0,20,3,7,Apartment,Semi-Furnished,Ready to Move,HSR Layout,5.4,10.8,3.0,3,8280000
1715,4,4,1.0,1.0,4,1,3,Villa,Semi-Furnished,Ready to Move,Koramangala,8.3,4.0,3.0,1,31370000
1582,3,4,2.0,1.0,4,7,7,Villa,Furnished,Ready to Move,Marathahalli,1.8,16.4,3.0,2,16220000
1109,2,2,1.0,0.0,7,1,7,Independent House,Semi-Furnished,Ready to Move,Sarjapur Road,5.1,14.4,1.0,1,7550000
530,2,2,1.0,1.0,0,1,7,Apartment,Semi-Furnished,Under Construction,Electronic City,3.4,27.2,0.0,1,2620000
478,1,1,1.0,1.0,11,7,15,Independent House,Semi-Furnished,Ready to Move,Marathahalli,2.6,18.0,3.0,7,3380000
804,1,2,1.0,0.0,11,1,5,Apartment,Furnished,Ready to Move,Electronic City,2.7,24.8,3.0,1,4350000
1563,3,3,2.0,1.0,5,5,7,Independent House,Unfurnished,Ready to Move,Sarjapur Road,3.5,21.8,2.0,2,9680000
624,1,1,2.0,1.0,24,4,7,Apartment,Semi-Furnished,Under Construction,Koramangala,5.9,1.0,1.0,3,5630000
1172,2,3,1.0,2.0,6,3,7,Apartment,Semi-Furnished,Ready to Move,Yelahanka,4.0,18.1,1.0,0,5900000
1404,3,3,3.0,1.0,9,3,7,Apartment,Unfurnished,Ready to Move,HSR Layout,7.8,12.2,5.0,2,13390000
1101,2,2,0.0,2.0,20,1,5,Villa,Semi-Furnished,Ready to Move,Electronic City,3.5,24.9,4.0,6,6720000
1601,3,3,1.0,2.0,8,16,20,Independent House,Semi-Furnished,Under Construction,Whitefield,5.7,22.5,3.0,1,12570000
1550,3,3,1.0,1.0,4,5,7,Apartment,Semi-Furnished,Ready to Move,Whitefield,8.3,21.3,3.0,1,12780000
888,2,2,1.0,1.0,0,1,5,Apartment,Unfurnished,Ready to Move,Jayanagar,3.8,7.2,6.0,3,9700000
1448,3,3,2.0,0.0,10,3,10,Independent House,Semi-Furnished,Under Construction,HSR Layout,6.4,13.6,6.0,1,16880000
1235,3,3,0.0,1.0,26,5,5,Apartment,Unfurnished,Ready to Move,Hebbal,3.0,10.1,4.0,2,7890000
952,2,2,1.0,1.0,5,2,5,Villa,Semi-Furnished,Under Construction,Whitefield,6.7,21.1,2.0,2,8830000
727,2,2,1.0,2.0,3,3,7,Apartment,Semi-Furnished,Ready to Move,Electronic City,3.7,20.3,0.0,2,4090000
1178,3,3,2.0,1.0,5,2,5,Apartment,Furnished,Ready to Move,Electronic City,2.3,21.5,4.0,2,9110000
1887,4,4,2.0,2.0,10,12,15,Independent House,Unfurnished,Under Construction,Whitefield,3.9,12.0,8.0,1,13500000
1135,3,3,2.0,2.0,0,2,15,Villa,Semi-Furnished,Ready to Move,Koramangala,10.0,1.4,1.0,4,23060000
854,2,3,1.0,2.0,17,5,7,Apartment,Semi-Furnished,Under Construction,Electronic City,4.0,20.7,2.0,1,3720000
1354,3,3,2.0,1.0,17,10,10,Apartment,Semi-Furnished,Under Construction,Jayanagar,7.5,4.7,1.0,2,12050000
1026,2,2,0.0,0.0,6,4,7,Independent House,Furnished,Ready to Move,Electronic City,5.6,21.0,0.0,2,8530000
1665,3,4,1.0,2.0,1,3,5,Apartment,Semi-Furnished,Ready to Move,Jayanagar,8.1,2.4,7.0,4,23240000
1270,3,3,2.0,2.0,8,4,7,Independent House,Furnished,Ready to Move,Marathahalli,5.7,13.0,1.0,4,13270000
1773,3,4,1.0,1.0,1,8,10,Apartment,Unfurnished,Ready to Move,Whitefield,4.1,23.3,3.0,5,13630000
2375,4,5,0.0,2.0,5,2,3,Apartment,Furnished,Ready to Move,Indiranagar,5.3,4.1,2.0,4,48920000
1541,3,4,1.0,1.0,0,6,10,Independent House,Semi-Furnished,Under Construction,Banashankari,4.8,11.9,4.0,0,15070000
1443,3,4,1.0,0.0,7,10,15,Villa,Unfurnished,Ready to Move,Jayanagar,5.7,9.7,5.0,3,18750000
1010,2,2,1.0,1.0,3,2,20,Apartment,Semi-Furnished,Ready to Move,Marathahalli,5.2,12.2,2.0,2,6360000
2474,4,5,1.0,2.0,14,5,5,Villa,Semi-Furnished,Ready to Move,Electronic City,0.7,23.7,2.0,0,19080000
2489,4,4,1.0,1.0,12,1,3,Apartment,Unfurnished,Ready to Move,Sarjapur Road,4.9,14.1,4.0,2,14730000
1203,2,2,3.0,2.0,50,1,3,Apartment,Furnished,Under Construction,Sarjapur Road,3.9,14.8,2.0,2,4870000
1411,3,4,2.0,0.0,2,12,20,Independent House,Semi-Furnished,Ready to Move,Jayanagar,7.2,6.3,1.0,1,19740000
1055,2,2,2.0,1.0,0,4,15,Independent House,Semi-Furnished,Ready to Move,Banashankari,5.6,9.5,1.0,5,9670000
1776,3,4,2.0,2.0,4,5,15,Villa,Semi-Furnished,Under Construction,Koramangala,8.0,8.8,2.0,1,31400000
1225,3,3,2.0,1.0,0,10,10,Apartment,Unfurnished,Ready to Move,Whitefield,3.8,19.5,4.0,4,8420000
889,2,2,1.0,1.0,1,8,10,Apartment,Furnished,Ready to Move,Sarjapur Road,5.4,18.5,4.0,4,6170000
2006,4,4,0.0,1.0,7,5,7,Apartment,Semi-Furnished,Ready to Move,Hebbal,5.9,12.3,1.0,3,19020000
1120,2,3,2.0,2.0,7,9,15,Apartment,Semi-Furnished,Ready to Move,Koramangala,9.0,9.4,2.0,1,14870000
1656,3,3,1.0,0.0,0,10,15,Independent House,Semi-Furnished,Ready to Move,HSR Layout,6.2,14.0,1.0,0,23700000
1335,3,3,0.0,1.0,4,7,7,Apartment,Furnished,Ready to Move,Whitefield,4.5,21.2,6.0,2,11000000
663,2,2,1.0,0.0,6,3,7,Independent House,Semi-Furnished,Under Construction,HSR Layout,6.3,12.4,3.0,1,7500000
996,2,3,2.0,1.0,2,13,15,Apartment,Unfurnished,Ready to Move,Sarjapur Road,1.1,19.0,1.0,4,4820000
775,2,2,3.0,1.0,16,2,3,Apartment,Semi-Furnished,Ready to Move,Jayanagar,4.6,9.2,,3,7260000
982,3,4,1.0,2.0,1,11,20,Apartment,Semi-Furnished,Ready to Move,Electronic City,3.1,24.6,0.0,1,6810000
1046,3,3,1.0,1.0,2,6,7,Apartment,Furnished,Ready to Move,Electronic City,0.5,21.1,3.0,0,7820000
1012,2,2,2.0,1.0,1,2,7,Apartment,Semi-Furnished,Ready to Move,Whitefield,4.2,20.3,3.0,1,6750000
1208,2,2,1.0,2.0,0,9,10,Independent House,Semi-Furnished,Ready to Move,HSR Layout,5.0,10.5,1.0,1,16190000
554,1,2,0.0,1.0,16,2,10,Apartment,Unfurnished,Ready to Move,Marathahalli,3.9,14.5,2.0,1,2530000
1459,3,3,1.0,1.0,2,6,7,Independent House,Semi-Furnished,Ready to Move,Banashankari,4.9,6.5,0.0,2,15170000
1731,3,3,2.0,2.0,10,8,20,Apartment,Semi-Furnished,Under Construction,Hebbal,2.2,13.0,1.0,1,13030000
380,1,2,1.0,1.0,4,2,25,Independent House,Unfurnished,Ready to Move,Whitefield,4.8,18.5,5.0,2,2770000
1545,3,3,1.0,0.0,8,6,10,Apartment,Semi-Furnished,Ready to Move,Yelahanka,2.3,14.2,2.0,1,7270000
548,1,2,1.0,1.0,21,5,10,Independent House,Furnished,Ready to Move,Hebbal,1.5,11.6,3.0,2,5210000
2226,4,4,2.0,1.0,14,7,10,Apartment,Unfurnished,Under Construction,Hebbal,4.3,12.8,1.0,1,15430000
1806,4,4,3.0,1.0,0,10,10,Villa,Semi-Furnished,Under Construction,Indiranagar,9.2,8.7,6.0,3,31930000
1170,3,3,1.0,2.0,14,5,20,Independent House,Unfurnished,Ready to Move,Electronic City,2.7,24.1,3.0,3,6710000
2056,4,4,3.0,1.0,4,3,5,Apartment,Unfurnished,Ready to Move,Electronic City,2.6,25.3,3.0,1,10470000
2659,4,5,1.0,2.0,3,1,5,Apartment,Unfurnished,Under Construction,Whitefield,4.6,25.3,4.0,4,17450000
2344,4,5,1.0,0.0,8,8,20,Apartment,Semi-Furnished,Under Construction,HSR Layout,5.6,8.2,,1,22690000
1257,3,3,3.0,2.0,23,5,5,Independent House,Furnished,Ready to Move,HSR Layout,5.9,12.1,6.0,1,16890000
695,2,3,1.0,2.0,0,4,15,Apartment,Furnished,Under Construction,Indiranagar,6.7,7.3,3.0,1,11440000
630,2,2,1.0,2.0,11,3,5,Apartment,Unfurnished,Under Construction,Sarjapur Road,2.9,18.8,1.0,1,2670000
1200,2,2,1.0,1.0,1,15,25,Apartment,Unfurnished,Ready to Move,Indiranagar,10.0,7.7,3.0,3,17240000
1132,3,4,2.0,1.0,3,5,15,Apartment,Semi-Furnished,Ready to Move,Whitefield,4.6,20.3,3.0,2,9450000
888,2,3,2.0,1.0,16,19,20,Independent House,Unfurnished,Ready to Move,Banashankari,5.1,10.0,2.0,4,7100000
1201,2,2,2.0,2.0,6,2,25,Apartment,Furnished,Ready to Move,Yelahanka,2.0,11.8,2.0,2,6460000
948,3,4,2.0,2.0,0,1,3,Villa,Unfurnished,Ready to Move,Hebbal,4.4,12.0,3.0,2,10740000
1233,2,2,2.0,0.0,5,1,7,Independent House,Unfurnished,Under Construction,Banashankari,4.3,10.1,1.0,2,8130000
1328,3,4,1.0,2.0,12,5,10,Apartment,Semi-Furnished,Ready to Move,Jayanagar,8.0,9.1,2.0,1,16410000
1540,4,5,2.0,2.0,6,3,15,Villa,Furnished,Ready to Move,Banashankari,6.5,5.4,2.0,4,19660000
1330,3,3,2.0,1.0,1,4,5,Apartment,Unfurnished,Ready to Move,Whitefield,3.7,19.8,1.0,2,8340000
1197,3,3,1.0,0.0,4,3,20,Villa,Unfurnished,Ready to Move,Electronic City,3.3,18.8,3.0,0,8510000
1523,3,4,0.0,2.0,20,3,5,Apartment,Semi-Furnished,Under Construction,HSR Layout,6.0,8.8,0.0,2,15650000
1218,3,4,1.0,1.0,8,16,20,Villa,Semi-Furnished,Ready to Move,Koramangala,9.1,4.9,1.0,2,24710000
586,2,2,2.0,2.0,10,9,10,Apartment,Furnished,Ready to Move,Koramangala,8.7,7.1,2.0,2,10370000
1911,4,4,1.0,2.0,12,10,10,Apartment,Unfurnished,Ready to Move,Marathahalli,3.9,16.7,1.0,2,11400000
692,2,3,0.0,0.0,0,7,7,Apartment,Unfurnished,Ready to Move,Hebbal,6.5,12.7,7.0,1,5950000
572,1,1,1.0,1.0,6,1,5,Apartment,Semi-Furnished,Under Construction,Marathahalli,4.8,12.0,5.0,2,3370000
1067,3,3,0.0,1.0,3,7,7,Villa,Unfurnished,Ready to Move,Koramangala,6.8,3.6,1.0,2,19350000
857,2,2,2.0,2.0,1,1,7,Apartment,Semi-Furnished,Ready to Move,Hebbal,5.0,19.6,2.0,0,6680000
984,2,2,1.0,1.0,1,5,10,Villa,Unfurnished,Ready to Move,Marathahalli,3.7,9.8,3.0,3,8680000
526,1,2,0.0,1.0,12,4,15,Apartment,Furnished,Ready to Move,Electronic City,1.9,18.4,5.0,7,3100000
997,2,3,2.0,2.0,1,3,7,Villa,Semi-Furnished,Ready to Move,Marathahalli,3.7,14.5,4.0,1,9210000
1079,2,2,2.0,0.0,2,1,7,Apartment,Furnished,Ready to Move,HSR Layout,8.0,12.1,6.0,3,12850000
422,1,2,0.0,1.0,2,17,20,Apartment,Furnished,Ready to Move,Electronic City,5.0,24.6,3.0,1,2900000
1381,3,4,1.0,1.0,0,6,15,Apartment,Furnished,Ready to Move,Yelahanka,4.4,16.9,0.0,4,7740000
668,4,4,3.0,1.0,4,2,3,Villa,Semi-Furnished,Ready to Move,HSR Layout,7.5,5.4,2.0,1,10170000
996,2,2,1.0,1.0,11,2,15,Apartment,Furnished,Ready to Move,Indiranagar,9.0,4.3,4.0,0,18480000
1879,4,5,3.0,1.0,0,14,25,Independent House,Semi-Furnished,Ready to Move,Yelahanka,2.1,10.7,4.0,2,11410000
763,2,2,1.0,2.0,0,20,20,Independent House,Unfurnished,Ready to Move,Sarjapur Road,4.5,19.2,0.0,2,6000000
1009,2,2,1.0,0.0,10,8,15,Apartment,Furnished,Ready to Move,Whitefield,1.9,21.4,6.0,1,7400000
1172,2,2,1.0,1.0,7,3,10,Villa,Semi-Furnished,Ready to Move,Koramangala,7.0,3.6,3.0,5,19760000
1266,3,4,0.0,1.0,10,1,7,Apartment,Unfurnished,Ready to Move,Whitefield,6.0,16.5,7.0,4,8930000
770,2,2,2.0,1.0,2,5,10,Apartment,Furnished,Ready to Move,Marathahalli,3.3,11.5,2.0,1,6250000
1446,3,4,3.0,1.0,13,6,10,Villa,Semi-Furnished,Ready to Move,Indiranagar,9.6,1.0,4.0,1,32900000
1026,3,3,3.0,0.0,5,2,7,Villa,Furnished,Ready to Move,Koramangala,7.5,3.8,5.0,4,21210000
1215,3,4,2.0,2.0,7,1,7,Villa,Furnished,Under Construction,Banashankari,5.5,17.5,7.0,2,12840000
1742,3,3,2.0,1.0,0,5,7,Apartment,Semi-Furnished,Ready to Move,Jayanagar,4.4,5.7,2.0,0,21770000
2024,4,4,2.0,1.0,1,1,10,Apartment,Unfurnished,Ready to Move,HSR Layout,8.2,8.7,4.0,3,21720000
592,2,2,2.0,1.0,11,4,7,Apartment,Semi-Furnished,Ready to Move,Jayanagar,5.0,6.7,2.0,3,6780000
608,2,2,1.0,1.0,2,8,10,Villa,Semi-Furnished,Under Construction,Marathahalli,2.0,10.5,4.0,4,4920000
1445,3,4,1.0,0.0,0,12,20,Apartment,Unfurnished,Under Construction,Whitefield,6.2,16.7,2.0,1,9140000
1641,3,4,2.0,0.0,7,5,7,Villa,Unfurnished,Ready to Move,HSR Layout,6.3,8.1,2.0,3,24680000
642,2,2,2.0,0.0,6,2,25,Apartment,Unfurnished,Ready to Move,Hebbal,4.5,14.7,4.0,4,3790000
1035,2,3,2.0,0.0,7,6,10,Apartment,Semi-Furnished,Ready to Move,Indiranagar,10.0,6.0,2.0,1,14730000
1772,3,3,2.0,1.0,7,4,5,Apartment,Unfurnished,Ready to Move,Jayanagar,7.8,5.5,4.0,1,19020000
1308,2,2,1.0,1.0,5,2,3,Apartment,Unfurnished,Ready to Move,Indiranagar,8.0,7.2,3.0,4,19230000
1012,2,2,2.0,1.0,5,5,7,Apartment,Semi-Furnished,Under Construction,Whitefield,4.1,25.1,3.0,0,6810000
2202,4,4,3.0,0.0,20,6,7,Independent House,Unfurnished,Under Construction,Koramangala,9.6,6.2,2.0,2,24880000
802,3,4,1.0,2.0,6,15,15,Independent House,Unfurnished,Ready to Move,Indiranagar,7.2,1.9,3.0,1,12200000
1987,3,3,3.0,2.0,7,5,15,Apartment,Furnished,Under Construction,HSR Layout,8.5,4.3,6.0,2,21900000
1238,3,3,1.0,2.0,2,1,20,Apartment,Semi-Furnished,Ready to Move,Whitefield,3.7,14.8,1.0,1,9420000
1626,4,4,2.0,1.0,16,8,10,Apartment,Semi-Furnished,Ready to Move,Hebbal,3.7,14.6,3.0,1,15200000
901,2,2,2.0,1.0,0,5,7,Independent House,Furnished,Ready to Move,Banashankari,6.3,5.7,2.0,3,10500000
1237,2,2,1.0,0.0,6,1,7,Apartment,Unfurnished,Ready to Move,Hebbal,6.1,14.5,2.0,2,8160000
2018,3,3,1.0,2.0,3,2,10,Independent House,Semi-Furnished,Under Construction,Hebbal,2.3,10.6,1.0,0,18000000
1435,3,3,1.0,0.0,7,6,10,Apartment,Semi-Furnished,Under Construction,HSR Layout,6.2,11.2,3.0,4,14920000
659,1,2,0.0,1.0,3,7,7,Apartment,Furnished,Ready to Move,Banashankari,3.0,10.1,4.0,2,5680000
2824,5,5,1.0,1.0,10,1,20,Independent House,Semi-Furnished,Under Construction,Koramangala,9.2,1.7,3.0,1,48360000
1109,3,3,1.0,1.0,0,10,10,Apartment,Unfurnished,Under Construction,Banashankari,7.2,10.5,6.0,4,8040000
1230,2,2,3.0,1.0,4,4,15,Apartment,Semi-Furnished,Ready to Move,Banashankari,5.5,6.0,2.0,0,10130000
831,2,3,0.0,0.0,14,2,10,Apartment,Semi-Furnished,Ready to Move,Sarjapur Road,2.5,15.9,2.0,2,5090000
1241,2,2,1.0,1.0,2,7,7,Apartment,Semi-Furnished,Under Construction,Banashankari,6.0,10.5,1.0,1,8980000
1763,3,4,3.0,2.0,0,3,15,Apartment,Semi-Furnished,Under Construction,Jayanagar,6.6,7.9,2.0,1,17900000
3143,5,6,3.0,2.0,5,1,5,Villa,Semi-Furnished,Under Construction,HSR Layout,6.2,11.4,4.0,1,43820000
1297,2,3,2.0,1.0,30,8,10,Villa,Furnished,Ready to Move,Indiranagar,7.9,1.7,1.0,1,23270000
4050,5,5,2.0,1.0,0,4,7,Apartment,Semi-Furnished,Ready to Move,Marathahalli,4.2,12.8,1.0,2,32430000
1929,4,4,1.0,0.0,0,2,5,Independent House,Unfurnished,Under Construction,Whitefield,4.2,22.1,2.0,0,13610000
1173,3,3,1.0,1.0,7,5,7,Apartment,Furnished,Ready to Move,Marathahalli,0.4,20.9,2.0,2,10010000
878,3,4,0.0,1.0,2,7,7,Apartment,Furnished,Under Construction,Banashankari,4.7,13.4,5.0,2,7690000
1376,2,3,2.0,1.0,4,1,5,Apartment,Furnished,Ready to Move,Koramangala,7.8,2.6,0.0,4,22780000
1276,3,4,1.0,1.0,14,10,15,Apartment,Semi-Furnished,Ready to Move,Hebbal,5.5,10.0,4.0,3,9320000
674,1,2,2.0,1.0,1,6,10,Apartment,Semi-Furnished,Ready to Move,Yelahanka,0.0,21.2,4.0,2,2810000
1192,3,3,1.0,0.0,10,7,7,Independent House,Furnished,Ready to Move,Yelahanka,3.8,17.8,7.0,5,7390000
719,1,1,1.0,1.0,5,7,10,Apartment,Unfurnished,Ready to Move,Banashankari,4.7,6.6,5.0,2,5150000
1719,4,4,2.0,0.0,18,13,15,Apartment,Furnished,Under Construction,Jayanagar,7.4,6.4,2.0,2,16790000
1523,4,4,2.0,2.0,28,2,3,Apartment,Unfurnished,Ready to Move,Banashankari,2.2,4.3,0.0,2,8810000
910,2,3,1.0,0.0,5,9,10,Villa,Unfurnished,Ready to Move,Sarjapur Road,1.8,21.0,1.0,3,5310000
848,2,3,1.0,1.0,7,7,10,Independent House,Unfurnished,Under Construction,Koramangala,5.2,8.2,4.0,2,8570000
1566,3,3,0.0,1.0,10,13,20,Apartment,Semi-Furnished,Ready to Move,Indiranagar,8.9,9.6,1.0,0,24750000
1385,3,4,0.0,1.0,3,6,10,Apartment,Unfurnished,Ready to Move,Sarjapur Road,3.1,21.4,4.0,1,9050000
1069,2,3,2.0,0.0,2,3,5,Apartment,Unfurnished,Ready to Move,HSR Layout,6.1,9.0,1.0,0,10870000
1318,3,3,1.0,1.0,26,5,7,Apartment,Semi-Furnished,Ready to Move,Marathahalli,1.9,16.7,1.0,3,7700000
823,2,2,0.0,0.0,4,6,10,Apartment,Semi-Furnished,Ready to Move,Marathahalli,2.2,18.4,4.0,2,5160000
485,1,2,2.0,1.0,0,1,3,Apartment,Furnished,Under Construction,Koramangala,4.3,6.8,0.0,3,6560000
774,1,1,1.0,2.0,14,11,20,Apartment,Unfurnished,Ready to Move,Jayanagar,4.6,8.6,6.0,3,6950000
992,2,2,0.0,1.0,7,2,3,Apartment,Unfurnished,Under Construction,Sarjapur Road,2.7,18.6,1.0,0,4890000
844,3,3,0.0,1.0,1,3,3,Apartment,Unfurnished,Ready to Move,Jayanagar,5.8,3.3,1.0,2,9190000
2508,5,6,0.0,2.0,0,3,3,Independent House,Semi-Furnished,Under Construction,Whitefield,4.2,25.6,3.0,0,23750000
968,2,2,1.0,1.0,2,7,10,Independent House,Semi-Furnished,Ready to Move,Whitefield,5.5,19.9,0.0,2,7220000
1916,3,4,2.0,2.0,21,7,10,Apartment,Semi-Furnished,Ready to Move,Electronic City,2.3,25.6,3.0,1,8210000
1145,2,3,2.0,0.0,21,5,5,Apartment,Semi-Furnished,Under Construction,Yelahanka,3.7,23.4,4.0,2,4720000
1141,3,4,0.0,1.0,2,15,20,Apartment,Furnished,Under Construction,HSR Layout,7.5,12.7,1.0,1,12730000
1409,2,2,2.0,1.0,14,2,5,Apartment,Unfurnished,Ready to Move,Marathahalli,5.7,17.5,4.0,2,8700000
1391,3,4,1.0,2.0,4,3,7,Villa,Semi-Furnished,Ready to Move,HSR Layout,7.1,7.2,5.0,1,22560000
2498,4,4,1.0,0.0,8,5,5,Apartment,Unfurnished,Ready to Move,Electronic City,3.4,19.8,6.0,2,12510000
730,2,2,2.0,1.0,3,20,20,Independent House,Unfurnished,Ready to Move,Hebbal,3.4,15.8,3.0,1,6480000
728,3,4,1.0,0.0,5,7,15,Independent House,Unfurnished,Under Construction,Sarjapur Road,4.1,16.4,2.0,4,4130000
395,1,1,0.0,2.0,2,4,15,Apartment,Semi-Furnished,Ready to Move,Whitefield,3.8,16.0,6.0,0,3040000
332,2,3,2.0,1.0,0,1,3,Apartment,Semi-Furnished,Ready to Move,Indiranagar,10.0,1.0,5.0,1,4830000
1351,2,2,1.0,2.0,1,8,10,Apartment,Furnished,Ready to Move,Whitefield,4.5,19.4,3.0,2,12940000
990,2,2,1.0,1.0,2,5,10,Apartment,Furnished,Under Construction,Indiranagar,8.4,4.3,8.0,3,14420000
774,2,3,2.0,0.0,29,3,7,Apartment,Semi-Furnished,Under Construction,Marathahalli,6.1,17.0,5.0,2,3170000
1035,2,3,2.0,1.0,26,5,7,Apartment,Unfurnished,Ready to Move,Whitefield,3.6,17.0,6.0,2,4990000
985,2,2,2.0,1.0,14,10,20,Independent House,Furnished,Under Construction,HSR Layout,6.3,14.1,3.0,2,10710000
1067,2,3,1.0,2.0,2,2,3,Apartment,Furnished,Under Construction,Electronic City,6.3,18.4,3.0,1,6040000
1738,3,4,1.0,1.0,4,2,10,Apartment,Furnished,Ready to Move,Yelahanka,3.4,12.4,5.0,1,9980000
1884,4,4,0.0,2.0,4,7,7,Villa,Unfurnished,Ready to Move,Banashankari,6.4,8.4,5.0,1,19860000
782,2,3,1.0,1.0,3,9,10,Villa,Furnished,Under Construction,Whitefield,6.6,20.2,0.0,3,7400000
1107,2,2,1.0,1.0,0,2,5,Apartment,Furnished,Ready to Move,Sarjapur Road,2.8,19.7,3.0,2,7680000
1102,2,2,2.0,1.0,6,3,5,Independent House,Semi-Furnished,Under Construction,Electronic City,4.7,18.5,2.0,0,6950000
2040,4,4,0.0,1.0,0,6,10,Apartment,Furnished,Ready to Move,Electronic City,2.8,23.1,2.0,1,14190000
2009,3,3,0.0,0.0,12,20,25,Apartment,Furnished,Under Construction,Sarjapur Road,6.7,13.0,2.0,3,11920000
1277,3,3,1.0,1.0,9,24,25,Apartment,Semi-Furnished,Ready to Move,Yelahanka,5.2,9.4,3.0,3,6400000
779,2,3,3.0,0.0,3,2,5,Apartment,Furnished,Ready to Move,Banashankari,5.8,13.5,4.0,2,7390000
1029,2,3,2.0,2.0,8,2,5,Independent House,Furnished,Under Construction,Marathahalli,5.6,17.1,3.0,2,6770000
821,2,2,3.0,2.0,2,3,10,Villa,Furnished,Ready to Move,Electronic City,2.3,22.0,5.0,2,6920000
2198,4,5,1.0,1.0,2,6,7,Independent House,Furnished,Ready to Move,Hebbal,7.6,5.9,4.0,3,28370000
1666,4,4,0.0,1.0,3,11,15,Apartment,Semi-Furnished,Ready to Move,HSR Layout,5.0,8.6,5.0,1,17740000
505,1,2,1.0,1.0,12,2,10,Apartment,Unfurnished,Ready to Move,Jayanagar,7.3,7.3,4.0,0,4380000
1929,3,3,2.0,0.0,1,5,10,Apartment,Unfurnished,Ready to Move,Electronic City,2.3,20.6,3.0,3,9400000
872,2,3,0.0,2.0,6,1,10,Apartment,Furnished,Ready to Move,Marathahalli,5.3,18.7,3.0,2,6730000
798,2,3,1.0,1.0,1,4,5,Villa,Semi-Furnished,Under Construction,HSR Layout,9.0,11.9,3.0,0,9970000
2468,4,5,0.0,1.0,2,4,10,Independent House,Semi-Furnished,Ready to Move,Koramangala,8.7,1.2,7.0,2,38780000
1105,3,4,1.0,2.0,2,7,10,Apartment,Semi-Furnished,Ready to Move,Yelahanka,3.5,11.2,4.0,1,6540000
818,2,2,1.0,1.0,8,9,15,Apartment,Unfurnished,Ready to Move,Whitefield,4.2,22.6,4.0,3,5240000
1059,2,3,0.0,0.0,5,2,5,Apartment,Semi-Furnished,Under Construction,Jayanagar,6.8,8.5,2.0,3,10300000
2375,4,4,1.0,2.0,10,2,7,Apartment,Furnished,Under Construction,HSR Layout,5.8,12.3,4.0,0,30670000
1741,3,3,1.0,1.0,1,10,25,Apartment,Unfurnished,Ready to Move,Whitefield,6.8,25.1,2.0,2,11960000
1190,3,4,1.0,2.0,0,10,10,Apartment,Semi-Furnished,Ready to Move,Whitefield,5.5,21.4,3.0,2,11100000
1063,2,3,2.0,1.0,9,6,20,Apartment,Semi-Furnished,Ready to Move,Koramangala,7.5,4.3,2.0,1,14110000
861,2,2,0.0,1.0,0,8,10,Apartment,Semi-Furnished,Ready to Move,Hebbal,5.1,14.3,4.0,2,7020000
2460,5,5,2.0,0.0,2,12,20,Apartment,Semi-Furnished,Ready to Move,HSR Layout,10.0,13.7,1.0,4,31380000
1736,3,3,0.0,1.0,2,2,7,Apartment,Furnished,Ready to Move,Banashankari,5.1,10.1,4.0,1,17940000
845,2,2,1.0,1.0,10,3,3,Villa,Semi-Furnished,Ready to Move,Marathahalli,6.2,14.1,6.0,2,6370000
1477,3,3,2.0,1.0,7,13,15,Apartment,Semi-Furnished,Ready to Move,Indiranagar,7.8,7.9,6.0,1,23460000
1443,3,3,3.0,1.0,1,10,15,Independent House,Semi-Furnished,Ready to Move,Marathahalli,4.7,14.3,6.0,1,13450000
746,2,2,2.0,1.0,7,3,10,Apartment,Furnished,Ready to Move,Jayanagar,5.7,4.5,3.0,4,10320000
1133,2,3,1.0,1.0,9,1,10,Apartment,Semi-Furnished,Ready to Move,Sarjapur Road,2.9,18.4,3.0,4,6120000
1556,3,4,1.0,1.0,3,1,20,Apartment,Semi-Furnished,Under Construction,HSR Layout,7.5,9.0,4.0,4,14430000
843,3,3,1.0,1.0,2,3,5,Apartment,Semi-Furnished,Ready to Move,Electronic City,2.0,21.7,2.0,1,4550000
1477,3,4,1.0,1.0,9,2,10,Independent House,Unfurnished,Ready to Move,Yelahanka,1.2,13.5,3.0,2,7880000
1690,4,5,,1.0,7,2,3,Apartment,Unfurnished,Ready to Move,Yelahanka,4.0,19.0,1.0,0,7820000
1158,2,2,1.0,0.0,0,2,5,Independent House,Unfurnished,Ready to Move,Yelahanka,2.3,16.6,3.0,1,6460000
391,1,1,1.0,1.0,8,6,7,Independent House,Unfurnished,Ready to Move,Electronic City,2.9,24.1,3.0,5,1850000
2600,5,5,2.0,1.0,5,11,15,Apartment,Semi-Furnished,Under Construction,Hebbal,2.3,13.4,1.0,3,22040000
1018,2,2,2.0,1.0,11,1,15,Apartment,Unfurnished,Ready to Move,Indiranagar,6.8,2.3,3.0,1,12600000
1415,3,3,0.0,2.0,1,9,25,Villa,Furnished,Ready to Move,Jayanagar,7.0,10.0,1.0,6,26950000
1613,3,3,2.0,0.0,2,3,3,Apartment,Furnished,Ready to Move,HSR Layout,6.0,9.3,4.0,2,22250000
974,3,3,2.0,1.0,6,6,7,Villa,Semi-Furnished,Ready to Move,Marathahalli,5.4,12.9,4.0,1,8700000
1263,2,3,1.0,0.0,5,1,5,Apartment,Semi-Furnished,Under Construction,Koramangala,6.7,4.6,2.0,1,15920000
1547,3,3,0.0,2.0,3,1,3,Apartment,Semi-Furnished,Ready to Move,Electronic City,3.1,22.7,5.0,2,8520000
2543,4,5,2.0,2.0,10,5,7,Apartment,Semi-Furnished,Ready to Move,Hebbal,5.1,19.8,2.0,0,25210000
1644,3,3,1.0,1.0,6,1,5,Apartment,Semi-Furnished,Ready to Move,HSR Layout,6.0,11.8,4.0,1,16250000
1396,3,4,3.0,2.0,9,3,7,Independent House,Semi-Furnished,Ready to Move,Whitefield,5.2,18.5,4.0,2,12350000
706,2,2,0.0,1.0,1,2,5,Apartment,Semi-Furnished,Under Construction,Whitefield,2.7,25.7,4.0,2,4150000
488,1,2,0.0,0.0,10,6,10,Independent House,Semi-Furnished,Under Construction,Yelahanka,3.8,11.1,3.0,3,2050000
1252,2,3,3.0,1.0,4,2,20,Apartment,Semi-Furnished,Ready to Move,Jayanagar,8.4,4.6,3.0,2,13740000
1213,2,3,3.0,1.0,0,2,15,Apartment,Semi-Furnished,Under Construction,Electronic City,2.1,20.3,0.0,1,5770000
2453,5,6,0.0,1.0,2,12,15,Apartment,Furnished,Ready to Move,Hebbal,5.6,12.0,3.0,3,31620000
610,3,3,2.0,1.0,0,14,15,Apartment,Furnished,Ready to Move,Hebbal,5.5,13.0,3.0,3,6630000
1340,3,4,1.0,1.0,4,1,7,Apartment,Semi-Furnished,Ready to Move,Electronic City,4.2,23.3,3.0,3,8250000
1319,3,3,2.0,1.0,3,4,15,Apartment,Furnished,Under Construction,Sarjapur Road,3.7,19.3,2.0,2,7750000
902,2,2,2.0,1.0,35,2,15,Independent House,Semi-Furnished,Ready to Move,Sarjapur Road,5.8,19.9,1.0,0,5010000
3095,5,5,0.0,0.0,16,5,5,Apartment,Furnished,Ready to Move,Marathahalli,7.2,13.8,1.0,4,27060000
1116,2,2,1.0,1.0,13,13,20,Apartment,Furnished,Ready to Move,Koramangala,8.9,7.9,2.0,4,15980000
1138,2,3,0.0,1.0,5,7,10,Independent House,Unfurnished,Under Construction,Yelahanka,3.5,11.2,3.0,0,5330000
1524,3,4,0.0,0.0,13,2,3,Villa,Unfurnished,Ready to Move,Jayanagar,6.7,1.0,0.0,1,19100000
1279,4,4,0.0,0.0,2,4,10,Apartment,Semi-Furnished,Ready to Move,HSR Layout,4.4,12.2,3.0,1,14610000
1863,4,5,2.0,1.0,6,9,10,Apartment,Unfurnished,Ready to Move,Indiranagar,6.5,4.0,5.0,4,26340000
803,1,1,1.0,1.0,3,4,10,Independent House,Semi-Furnished,Ready to Move,Whitefield,2.6,25.2,1.0,1,6010000
2149,4,4,1.0,2.0,1,3,5,Apartment,Semi-Furnished,Ready to Move,Koramangala,8.4,7.1,5.0,4,39220000
1019,2,2,2.0,0.0,0,6,10,Apartment,Semi-Furnished,Ready to Move,Sarjapur Road,3.4,19.8,2.0,0,6130000
589,1,2,1.0,0.0,6,7,7,Apartment,Semi-Furnished,Ready to Move,Whitefield,6.6,18.5,1.0,2,4930000
2166,4,4,1.0,1.0,0,6,25,Independent House,Semi-Furnished,Ready to Move,Electronic City,0.0,24.0,6.0,2,15730000
1046,4,4,0.0,2.0,10,3,15,Apartment,Unfurnished,Under Construction,Jayanagar,6.7,4.8,2.0,3,10170000
1332,3,3,2.0,1.0,20,2,15,Independent House,Semi-Furnished,Under Construction,Whitefield,5.0,20.2,,0,9520000
1389,3,3,0.0,1.0,1,2,5,Apartment,Semi-Furnished,Ready to Move,Banashankari,6.0,7.0,1.0,4,11500000
2512,4,5,2.0,0.0,5,3,7,Independent House,Semi-Furnished,Ready to Move,HSR Layout,6.5,10.8,5.0,3,37490000
1413,3,3,1.0,1.0,10,1,7,Apartment,Semi-Furnished,Ready to Move,Electronic City,3.9,21.2,3.0,1,7790000
1341,4,4,2.0,1.0,2,6,10,Apartment,Semi-Furnished,Ready to Move,Electronic City,3.6,25.0,3.0,2,8710000
1520,3,3,2.0,1.0,20,1,3,Independent House,Unfurnished,Ready to Move,HSR Layout,7.0,11.4,5.0,0,15750000
2349,5,5,2.0,1.0,17,9,10,Apartment,Furnished,Under Construction,Whitefield,4.3,18.5,1.0,3,18260000
2118,5,5,1.0,1.0,0,7,7,Apartment,Semi-Furnished,Ready to Move,Sarjapur Road,6.8,16.7,1.0,1,14870000
791,2,2,1.0,0.0,0,2,10,Apartment,Semi-Furnished,Under Construction,Banashankari,5.5,4.2,3.0,1,6370000
2217,4,5,2.0,,29,2,3,Apartment,Unfurnished,Ready to Move,HSR Layout,6.6,4.1,5.0,4,19800000
1752,3,3,0.0,1.0,25,4,7,Apartment,Unfurnished,Ready to Move,Marathahalli,2.9,16.8,4.0,1,8820000
1041,2,2,1.0,2.0,4,12,15,Villa,Furnished,Under Construction,Sarjapur Road,3.2,16.9,0.0,0,8270000
1576,3,3,2.0,1.0,0,9,10,Apartment,Semi-Furnished,Ready to Move,Hebbal,7.3,8.3,6.0,3,15160000
602,1,1,2.0,1.0,7,15,15,Apartment,Semi-Furnished,Ready to Move,Indiranagar,4.9,6.3,2.0,4,7910000
1428,3,3,1.0,0.0,2,2,10,Apartment,Semi-Furnished,Ready to Move,Electronic City,3.4,19.8,3.0,0,7490000
2278,4,4,2.0,1.0,22,6,20,Villa,Semi-Furnished,Ready to Move,Electronic City,3.3,21.8,3.0,2,16250000
490,2,2,2.0,1.0,12,1,3,Villa,Unfurnished,Under Construction,Sarjapur Road,4.4,14.1,4.0,3,2670000
971,2,3,0.0,2.0,8,1,7,Apartment,Semi-Furnished,Ready to Move,Hebbal,5.4,13.9,2.0,3,6630000
1582,4,4,2.0,1.0,2,1,10,Apartment,Unfurnished,Ready to Move,Koramangala,10.0,4.3,3.0,0,23040000
1170,2,3,2.0,2.0,9,13,20,Independent House,Semi-Furnished,Under Construction,Electronic City,3.5,23.5,3.0,1,6830000
922,2,2,3.0,1.0,2,8,10,Apartment,Furnished,Ready to Move,Yelahanka,2.9,14.7,2.0,2,5400000
955,2,2,0.0,1.0,0,9,10,Independent House,Semi-Furnished,Ready to Move,Hebbal,6.4,12.7,5.0,4,9840000
978,3,4,2.0,2.0,5,1,5,Independent House,Furnished,Under Construction,Banashankari,7.0,3.6,3.0,6,9870000
1684,3,3,1.0,1.0,5,1,10,Independent House,Unfurnished,Ready to Move,Sarjapur Road,4.7,24.8,7.0,6,11790000
2250,4,4,0.0,1.0,11,2,7,Apartment,Furnished,Ready to Move,Electronic City,4.9,23.2,6.0,1,14970000
1555,3,4,2.0,1.0,16,14,15,Independent House,Semi-Furnished,Under Construction,Marathahalli,3.7,19.1,4.0,0,10680000
1674,4,5,0.0,1.0,3,7,7,Independent House,Semi-Furnished,Ready to Move,Marathahalli,4.2,13.2,2.0,1,15240000
1183,3,4,1.0,2.0,4,2,7,Apartment,Semi-Furnished,Under Construction,Whitefield,6.6,16.9,0.0,2,8020000
992,2,3,1.0,1.0,5,1,3,Apartment,Semi-Furnished,Ready to Move,Jayanagar,7.5,4.5,2.0,2,11420000
1205,3,4,1.0,0.0,3,3,3,Apartment,Semi-Furnished,Under Construction,Sarjapur Road,3.3,17.9,3.0,2,6970000
1521,3,3,1.0,2.0,10,3,7,Apartment,Unfurnished,Ready to Move,Koramangala,8.0,3.7,2.0,3,16640000
794,3,3,1.0,2.0,5,3,7,Apartment,Unfurnished,Ready to Move,Hebbal,6.6,17.6,0.0,1,6470000
496,1,1,2.0,1.0,19,9,10,Apartment,Furnished,Ready to Move,Marathahalli,5.7,11.4,0.0,1,3130000
1291,2,2,1.0,0.0,8,2,15,Apartment,Furnished,Ready to Move,Banashankari,3.4,6.2,1.0,1,11150000
1033,2,2,2.0,1.0,1,2,3,Apartment,Unfurnished,Ready to Move,Whitefield,4.9,22.1,0.0,1,6380000
981,2,3,2.0,0.0,1,4,10,Apartment,Semi-Furnished,Under Construction,HSR Layout,6.3,5.2,3.0,0,9320000
1955,3,3,1.0,1.0,3,2,20,Villa,Unfurnished,Under Construction,Marathahalli,3.9,13.9,4.0,1,14160000
300,1,2,1.0,0.0,3,1,10,Independent House,Unfurnished,Under Construction,HSR Layout,8.3,10.4,2.0,3,2400000
1171,3,3,2.0,1.0,4,9,10,Apartment,Semi-Furnished,Under Construction,Sarjapur Road,3.3,19.3,4.0,1,7280000
873,2,2,2.0,0.0,1,3,10,Apartment,Semi-Furnished,Under Construction,Sarjapur Road,2.8,19.0,2.0,4,4720000
1113,2,2,1.0,1.0,30,6,7,Apartment,Unfurnished,Under Construction,Whitefield,3.1,26.0,6.0,1,4700000
1645,3,3,2.0,1.0,1,1,5,Villa,Furnished,Under Construction,Jayanagar,6.4,3.3,7.0,0,27340000
785,2,2,0.0,1.0,8,1,5,Villa,Unfurnished,Ready to Move,Jayanagar,5.6,4.1,3.0,0,10390000
2399,4,5,1.0,0.0,0,4,5,Independent House,Furnished,Under Construction,Electronic City,2.0,23.8,7.0,4,15560000
505,1,1,1.0,0.0,4,5,15,Apartment,Semi-Furnished,Under Construction,Yelahanka,1.7,16.7,3.0,3,1860000
1180,2,2,0.0,1.0,2,4,7,Independent House,Semi-Furnished,Ready to Move,Hebbal,3.8,13.1,2.0,0,10710000
1586,4,5,1.0,1.0,3,19,20,Apartment,Semi-Furnished,Under Construction,Sarjapur Road,2.5,13.8,1.0,3,8070000
1365,3,3,2.0,1.0,5,2,15,Villa,Unfurnished,Ready to Move,Sarjapur Road,4.3,24.5,4.0,1,11440000
856,2,2,2.0,0.0,7,3,10,Apartment,Unfurnished,Ready to Move,Indiranagar,5.7,6.4,2.0,2,12520000
1150,2,2,0.0,1.0,7,14,15,Independent House,Unfurnished,Ready to Move,Yelahanka,1.9,11.3,5.0,2,5570000
1253,3,3,3.0,1.0,7,1,3,Apartment,Semi-Furnished,Ready to Move,Sarjapur Road,3.5,19.8,3.0,2,7280000
2776,5,6,2.0,1.0,14,1,10,Villa,Unfurnished,Ready to Move,Sarjapur Road,5.4,14.7,3.0,3,20180000
2202,4,5,1.0,1.0,17,8,20,Independent House,Semi-Furnished,Ready to Move,Hebbal,4.6,14.8,6.0,1,22490000
1053,2,3,1.0,2.0,10,1,3,Apartment,Unfurnished,Under Construction,HSR Layout,6.1,6.1,5.0,5,9450000
3296,5,5,2.0,2.0,0,2,7,Apartment,Unfurnished,Under Construction,Hebbal,4.9,15.0,1.0,1,28240000
573,1,2,2.0,2.0,26,3,3,Independent House,Furnished,Under Construction,Koramangala,5.3,1.0,2.0,4,7820000
503,1,1,1.0,1.0,23,2,10,Apartment,Furnished,Ready to Move,Electronic City,4.3,19.1,1.0,0,2730000
1860,4,4,2.0,2.0,9,2,5,Apartment,Unfurnished,Ready to Move,Electronic City,4.3,22.4,3.0,2,9700000
954,2,2,1.0,0.0,5,2,10,Apartment,Semi-Furnished,Under Construction,Banashankari,5.9,6.2,3.0,0,5520000
577,1,2,1.0,1.0,2,4,15,Apartment,Semi-Furnished,Ready to Move,Hebbal,8.8,10.3,2.0,1,5080000
922,2,3,1.0,1.0,11,4,5,Apartment,Unfurnished,Ready to Move,Sarjapur Road,1.7,13.4,2.0,1,4740000
953,2,3,2.0,1.0,16,4,15,Apartment,Semi-Furnished,Ready to Move,Sarjapur Road,1.4,17.0,6.0,0,5270000
975,3,4,1.0,1.0,8,3,3,Apartment,Furnished,Ready to Move,Jayanagar,7.7,8.7,7.0,0,13280000
1586,3,3,1.0,0.0,7,2,5,Apartment,Semi-Furnished,Under Construction,Yelahanka,2.5,21.6,2.0,0,6990000
984,2,2,1.0,2.0,1,1,7,Independent House,Furnished,Under Construction,Jayanagar,5.2,8.5,3.0,1,14350000
1680,3,4,2.0,1.0,3,7,15,Independent House,Semi-Furnished,Ready to Move,Electronic City,2.9,24.1,5.0,4,11460000
2000,4,5,2.0,2.0,10,4,20,Villa,Semi-Furnished,Ready to Move,Koramangala,7.1,1.0,2.0,0,45280000
1304,4,5,1.0,0.0,0,4,5,Apartment,Semi-Furnished,Ready to Move,Hebbal,7.6,11.9,1.0,2,12600000
881,2,2,3.0,1.0,8,3,3,Independent House,Semi-Furnished,Ready to Move,Sarjapur Road,7.1,16.0,4.0,4,5780000
2688,5,6,0.0,1.0,11,15,15,Apartment,Semi-Furnished,Ready to Move,Electronic City,0.9,17.5,5.0,3,16140000
1608,3,3,0.0,1.0,3,10,10,Apartment,Unfurnished,Ready to Move,Whitefield,2.1,16.2,5.0,3,10780000
322,1,2,0.0,1.0,0,3,5,Independent House,Semi-Furnished,Under Construction,Hebbal,3.9,14.0,4.0,1,2440000
554,1,1,0.0,1.0,13,1,10,Independent House,Semi-Furnished,Under Construction,Whitefield,3.3,18.3,1.0,2,4090000
1047,2,3,0.0,1.0,1,13,20,Villa,Unfurnished,Under Construction,Sarjapur Road,2.5,13.6,3.0,3,6950000
1214,3,3,2.0,1.0,3,3,3,Villa,Semi-Furnished,Under Construction,Banashankari,4.4,6.1,3.0,1,10950000
964,2,3,2.0,1.0,9,1,3,Apartment,Furnished,Ready to Move,Indiranagar,8.0,5.9,4.0,1,16410000
1224,3,3,2.0,1.0,13,6,7,Apartment,Furnished,Ready to Move,HSR Layout,4.3,8.0,1.0,3,16000000
469,1,1,2.0,1.0,15,9,10,Villa,Furnished,Ready to Move,Sarjapur Road,2.1,14.4,1.0,0,3190000
1836,4,4,2.0,1.0,6,2,5,Apartment,Unfurnished,Under Construction,Hebbal,7.3,9.2,2.0,2,15370000
814,2,3,1.0,1.0,5,15,15,Apartment,Semi-Furnished,Under Construction,Jayanagar,6.1,8.7,5.0,1,7450000
2273,4,4,2.0,0.0,15,11,15,Independent House,Unfurnished,Ready to Move,Banashankari,4.1,1.8,1.0,3,19810000
1706,4,4,2.0,1.0,6,3,10,Independent House,Semi-Furnished,Ready to Move,Whitefield,2.1,19.2,3.0,4,13170000
450,1,2,3.0,1.0,6,5,5,Apartment,Furnished,Ready to Move,Jayanagar,6.0,5.7,8.0,1,6020000
1895,3,4,1.0,1.0,4,3,25,Independent House,Furnished,Ready to Move,Sarjapur Road,5.1,15.7,4.0,4,15760000
655,1,1,0.0,2.0,3,6,10,Independent House,Furnished,Ready to Move,Hebbal,5.9,9.1,3.0,3,8760000
1255,4,4,2.0,1.0,5,2,10,Villa,Unfurnished,Under Construction,Koramangala,9.2,7.0,2.0,0,18790000
1185,3,3,2.0,1.0,3,2,25,Apartment,Unfurnished,Ready to Move,Hebbal,3.2,14.9,2.0,0,8530000
576,1,2,1.0,0.0,3,20,20,Apartment,Furnished,Under Construction,Jayanagar,4.8,6.3,2.0,2,5830000
1011,2,3,2.0,1.0,40,1,10,Apartment,Furnished,Ready to Move,Electronic City,5.0,20.4,3.0,3,4700000
666,2,3,0.0,0.0,3,1,7,Apartment,Semi-Furnished,Ready to Move,Koramangala,9.2,4.3,6.0,2,9740000
2463,4,4,3.0,2.0,2,1,3,Apartment,Semi-Furnished,Ready to Move,Hebbal,4.6,13.2,1.0,2,21850000
1631,3,4,0.0,2.0,3,5,20,Apartment,Semi-Furnished,Under Construction,Koramangala,9.3,3.7,2.0,0,22600000
2192,4,4,0.0,1.0,7,13,15,Apartment,Semi-Furnished,Ready to Move,Electronic City,1.5,23.3,5.0,4,12900000
1207,2,2,0.0,1.0,19,1,7,Independent House,Unfurnished,Under Construction,HSR Layout,4.5,8.9,1.0,2,9650000
599,1,2,1.0,0.0,12,4,15,Apartment,Semi-Furnished,Ready to Move,Yelahanka,0.6,6.5,3.0,3,2510000
3051,5,5,0.0,2.0,14,14,15,Villa,Semi-Furnished,Under Construction,Marathahalli,4.5,13.4,4.0,3,30620000
721,1,1,2.0,2.0,15,5,5,Villa,Unfurnished,Ready to Move,Hebbal,5.3,14.1,3.0,3,6570000
2440,4,5,2.0,1.0,20,6,10,Apartment,Furnished,Ready to Move,HSR Layout,5.5,10.1,2.0,4,26370000
790,2,2,1.0,1.0,2,6,7,Independent House,Unfurnished,Ready to Move,Marathahalli,2.8,15.0,3.0,2,5940000
619,1,1,2.0,1.0,4,9,15,Apartment,Semi-Furnished,Ready to Move,Marathahalli,7.6,13.2,4.0,2,4320000
1214,3,4,0.0,1.0,3,2,5,Apartment,Semi-Furnished,Ready to Move,Hebbal,4.6,11.4,3.0,2,10360000
3082,5,6,1.0,0.0,3,1,10,Independent House,Semi-Furnished,Ready to Move,Yelahanka,5.1,16.5,2.0,0,21300000
3066,5,6,1.0,1.0,8,7,7,Apartment,Unfurnished,Under Construction,Whitefield,4.1,25.8,0.0,3,16520000
687,2,2,1.0,0.0,4,1,3,Villa,Semi-Furnished,Under Construction,Marathahalli,3.2,16.5,4.0,2,4580000
926,2,2,2.0,0.0,7,2,5,Apartment,Unfurnished,Ready to Move,Whitefield,6.5,22.1,0.0,2,5730000
1474,3,3,0.0,0.0,3,2,10,Independent House,Semi-Furnished,Under Construction,Jayanagar,7.9,6.6,2.0,3,17250000
1277,3,4,2.0,1.0,2,5,5,Apartment,Unfurnished,Under Construction,HSR Layout,6.3,6.0,3.0,3,11830000
1488,3,3,2.0,1.0,3,4,10,Villa,Unfurnished,Under Construction,Electronic City,5.0,25.7,4.0,2,9410000
1103,2,3,2.0,1.0,13,5,7,Apartment,Furnished,Ready to Move,Electronic City,7.1,24.7,5.0,2,6670000
2782,5,5,3.0,2.0,7,5,10,Villa,Semi-Furnished,Ready to Move,Marathahalli,2.9,15.1,2.0,2,29030000
1462,3,3,3.0,1.0,29,7,10,Independent House,Unfurnished,Ready to Move,Electronic City,4.0,21.9,1.0,2,7050000
2553,4,5,2.0,1.0,14,2,7,Apartment,Furnished,Ready to Move,Sarjapur Road,3.1,19.6,0.0,0,18280000
1532,3,4,1.0,1.0,5,5,5,Villa,Unfurnished,Ready to Move,Electronic City,1.9,21.3,5.0,3,9920000
988,2,3,1.0,1.0,2,1,7,Apartment,Unfurnished,Ready to Move,Whitefield,2.9,22.2,1.0,2,6770000
2263,5,6,2.0,0.0,8,5,10,Independent House,Unfurnished,Ready to Move,Hebbal,7.4,9.5,3.0,2,22910000
1587,3,4,1.0,1.0,10,2,15,Apartment,Semi-Furnished,Ready to Move,HSR Layout,3.6,4.3,4.0,3,14220000
2132,4,5,3.0,2.0,4,2,5,Independent House,Semi-Furnished,Ready to Move,Indiranagar,9.4,1.4,2.0,3,44180000
3518,5,6,1.0,1.0,2,5,10,Independent House,Unfurnished,Ready to Move,Sarjapur Road,2.4,18.4,0.0,2,26730000
1413,3,4,1.0,2.0,6,5,5,Apartment,Unfurnished,Ready to Move,Electronic City,6.0,21.1,3.0,3,7260000
891,3,4,1.0,0.0,2,5,5,Apartment,Semi-Furnished,Ready to Move,Whitefield,3.9,19.6,1.0,1,7580000
362,1,1,2.0,1.0,22,6,10,Apartment,Semi-Furnished,Ready to Move,Electronic City,2.8,18.1,3.0,5,1570000
630,1,1,0.0,1.0,7,4,7,Independent House,Furnished,Ready to Move,Yelahanka,5.4,16.9,2.0,3,3630000
841,2,2,1.0,1.0,2,8,10,Apartment,Semi-Furnished,Under Construction,Marathahalli,5.3,10.9,4.0,4,4590000
1032,2,2,1.0,2.0,1,5,25,Apartment,Semi-Furnished,Ready to Move,Marathahalli,4.8,15.5,3.0,0,7590000
971,2,2,0.0,2.0,10,5,5,Independent House,Semi-Furnished,Ready to Move,Marathahalli,5.2,9.8,7.0,3,7630000
918,2,2,1.0,0.0,9,3,10,Apartment,Semi-Furnished,Under Construction,Koramangala,6.4,1.5,3.0,2,9000000
931,2,3,1.0,1.0,7,9,20,Villa,Semi-Furnished,Ready to Move,Electronic City,4.4,19.1,3.0,3,6960000
785,2,3,0.0,0.0,7,4,5,Apartment,Unfurnished,Ready to Move,Sarjapur Road,3.4,19.7,8.0,2,4380000
548,1,1,1.0,0.0,7,4,7,Apartment,Semi-Furnished,Ready to Move,Whitefield,4.9,18.6,2.0,2,3570000
485,1,1,3.0,0.0,3,1,5,Independent House,Furnished,Ready to Move,HSR Layout,7.1,11.3,4.0,2,6960000
1295,3,4,3.0,1.0,22,7,10,Apartment,Unfurnished,Ready to Move,HSR Layout,4.7,13.4,6.0,0,9920000
1309,3,4,1.0,1.0,5,3,10,Apartment,Semi-Furnished,Ready to Move,Indiranagar,9.6,10.3,6.0,0,19710000
906,2,3,1.0,1.0,0,10,10,Independent House,Semi-Furnished,Ready to Move,Banashankari,4.4,8.7,6.0,3,8830000
1658,3,4,1.0,1.0,3,6,10,Apartment,Unfurnished,Ready to Move,Whitefield,2.5,16.7,2.0,2,13880000
1948,4,5,3.0,2.0,1,7,15,Independent House,Unfurnished,Ready to Move,Jayanagar,6.4,9.8,5.0,0,28640000
1144,2,2,1.0,0.0,3,3,3,Independent House,Unfurnished,Under Construction,Koramangala,8.0,8.5,6.0,4,14190000
1830,3,3,1.0,0.0,7,8,25,Apartment,Semi-Furnished,Ready to Move,Banashankari,5.6,7.8,5.0,0,13140000
3278,5,6,0.0,1.0,0,2,5,Apartment,Semi-Furnished,Ready to Move,Whitefield,0.8,24.0,3.0,1,26380000
2213,4,4,1.0,1.0,16,5,5,Villa,Semi-Furnished,Under Construction,Electronic City,3.9,23.0,3.0,2,15630000
1012,2,3,0.0,0.0,7,5,20,Apartment,Unfurnished,Ready to Move,Sarjapur Road,2.9,13.0,5.0,1,5610000
1642,3,3,2.0,2.0,2,13,15,Apartment,Semi-Furnished,Ready to Move,Sarjapur Road,4.9,16.1,3.0,2,12560000
966,2,3,2.0,1.0,2,2,15,Villa,Unfurnished,Ready to Move,Indiranagar,8.7,3.5,1.0,1,17270000
1675,3,3,2.0,1.0,5,4,5,Apartment,Unfurnished,Ready to Move,Electronic City,2.8,20.9,3.0,3,8590000
3143,5,5,1.0,1.0,2,11,15,Independent House,Semi-Furnished,Ready to Move,Electronic City,3.1,19.2,1.0,0,21520000
1299,3,3,2.0,1.0,0,2,10,Apartment,Semi-Furnished,Ready to Move,HSR Layout,6.8,7.1,2.0,3,16000000
2358,4,5,0.0,1.0,0,15,15,Apartment,Furnished,Ready to Move,HSR Layout,7.7,14.0,2.0,5,38220000
967,2,2,1.0,1.0,3,20,25,Apartment,Unfurnished,Under Construction,Indiranagar,7.3,1.0,2.0,3,11460000
2740,5,6,2.0,1.0,1,3,5,Independent House,Semi-Furnished,Ready to Move,HSR Layout,5.8,7.8,3.0,0,37900000
1266,3,4,3.0,2.0,0,1,10,Villa,Semi-Furnished,Ready to Move,HSR Layout,8.5,11.9,2.0,1,18500000
568,1,2,1.0,1.0,15,4,15,Independent House,Semi-Furnished,Under Construction,Marathahalli,3.5,12.3,2.0,0,3650000
1679,3,4,1.0,1.0,2,6,7,Apartment,Unfurnished,Ready to Move,Banashankari,5.2,9.2,3.0,1,12100000
1118,2,3,1.0,1.0,5,2,3,Apartment,Semi-Furnished,Ready to Move,Marathahalli,2.1,12.8,0.0,3,6750000
588,1,1,2.0,1.0,1,1,5,Apartment,Semi-Furnished,Under Construction,Whitefield,1.8,21.3,1.0,4,3080000
2239,4,4,0.0,1.0,0,7,10,Apartment,Furnished,Ready to Move,Whitefield,2.8,16.9,5.0,1,22160000
1191,2,3,1.0,2.0,10,5,7,Apartment,Furnished,Ready to Move,Banashankari,3.6,2.4,6.0,2,12970000
1358,3,4,1.0,1.0,1,4,5,Villa,Furnished,Ready to Move,HSR Layout,7.9,8.8,3.0,2,25770000
738,2,2,0.0,0.0,0,6,7,Apartment,Semi-Furnished,Under Construction,Whitefield,6.1,14.6,1.0,2,4300000
1197,2,3,0.0,0.0,7,1,5,Independent House,Furnished,Ready to Move,Marathahalli,1.1,13.8,2.0,2,9450000
2503,5,5,3.0,2.0,0,2,3,Apartment,Unfurnished,Ready to Move,Marathahalli,3.2,10.6,2.0,2,15350000
818,2,2,1.0,2.0,4,3,5,Independent House,Unfurnished,Ready to Move,Marathahalli,5.0,10.6,8.0,1,6610000
897,3,3,3.0,1.0,2,5,20,Apartment,Semi-Furnished,Ready to Move,HSR Layout,6.2,14.4,1.0,4,9790000
1559,3,3,1.0,1.0,3,1,3,Apartment,Furnished,Ready to Move,Whitefield,6.6,20.8,4.0,4,14330000
945,3,3,3.0,2.0,0,5,15,Apartment,Semi-Furnished,Ready to Move,Banashankari,5.7,3.4,2.0,1,8320000
1699,4,4,2.0,0.0,26,5,15,Apartment,Semi-Furnished,Ready to Move,HSR Layout,5.9,9.9,1.0,1,17160000
1564,3,3,0.0,1.0,5,4,10,Apartment,Semi-Furnished,Ready to Move,Marathahalli,3.7,13.6,4.0,4,10810000
1087,2,2,2.0,1.0,6,4,5,Apartment,Unfurnished,Ready to Move,Sarjapur Road,3.6,11.8,5.0,2,6410000
1739,4,4,1.0,1.0,8,17,20,Apartment,Semi-Furnished,Ready to Move,Marathahalli,2.7,15.0,2.0,0,12610000
924,2,2,1.0,0.0,12,2,10,Villa,Unfurnished,Ready to Move,Electronic City,4.7,24.9,3.0,2,5220000
1155,3,3,1.0,1.0,7,1,5,Villa,Unfurnished,Ready to Move,HSR Layout,7.4,8.7,6.0,2,15770000
2492,5,5,1.0,1.0,11,6,7,Independent House,Unfurnished,Under Construction,Marathahalli,,13.1,4.0,1,17060000
1474,3,3,2.0,2.0,4,2,5,Apartment,Semi-Furnished,Ready to Move,Hebbal,5.4,10.3,3.0,0,13120000
1799,4,4,2.0,1.0,3,4,7,Villa,Semi-Furnished,Ready to Move,Yelahanka,1.5,17.2,3.0,0,12350000
1331,3,4,1.0,2.0,13,5,10,Apartment,Unfurnished,Ready to Move,Whitefield,5.1,19.3,4.0,4,10120000
1414,4,4,3.0,2.0,16,1,7,Apartment,Semi-Furnished,Ready to Move,Koramangala,8.2,3.4,2.0,3,22700000
2453,4,4,3.0,1.0,1,2,10,Apartment,Furnished,Under Construction,Yelahanka,6.0,13.6,5.0,1,13130000
1046,2,2,0.0,0.0,6,3,20,Apartment,Furnished,Ready to Move,Sarjapur Road,1.7,24.1,5.0,3,6020000
1100,2,2,0.0,1.0,9,2,7,Apartment,Furnished,Ready to Move,Yelahanka,1.9,15.2,5.0,1,6030000
1761,3,4,1.0,2.0,0,1,7,Apartment,Unfurnished,Ready to Move,HSR Layout,4.0,12.1,4.0,1,18990000
1168,3,3,2.0,0.0,21,15,15,Apartment,Unfurnished,Under Construction,Marathahalli,3.7,14.8,10.0,4,5830000
881,2,2,1.0,1.0,5,5,10,Villa,Unfurnished,Ready to Move,Sarjapur Road,1.1,10.3,3.0,2,6010000
341,1,1,1.0,0.0,8,3,7,Villa,Semi-Furnished,Under Construction,Sarjapur Road,5.4,16.9,4.0,8,2560000
1546,2,2,2.0,0.0,1,15,15,Independent House,Semi-Furnished,Ready to Move,Electronic City,5.0,18.5,3.0,0,11490000
2716,5,5,2.0,1.0,2,1,20,Villa,Unfurnished,Ready to Move,Whitefield,4.1,22.9,3.0,1,30860000
1690,3,4,1.0,1.0,1,2,10,Apartment,Furnished,Ready to Move,Marathahalli,2.5,10.2,7.0,4,12260000
714,2,2,2.0,1.0,2,4,5,Independent House,Furnished,Under Construction,HSR Layout,4.0,11.5,2.0,0,7510000
1139,2,2,2.0,2.0,5,4,10,Independent House,Semi-Furnished,Ready to Move,Indiranagar,7.6,8.0,3.0,3,18750000
1302,2,3,1.0,0.0,14,5,10,Apartment,Semi-Furnished,Ready to Move,Banashankari,5.6,8.8,2.0,3,9580000
938,2,3,2.0,0.0,6,1,7,Apartment,Semi-Furnished,Ready to Move,Electronic City,2.2,22.0,2.0,1,5110000
757,2,3,0.0,2.0,2,6,7,Independent House,Semi-Furnished,Under Construction,Hebbal,7.9,10.8,3.0,3,6810000
1944,4,4,1.0,1.0,0,2,10,Apartment,Furnished,Ready to Move,Koramangala,10.0,3.6,4.0,3,36350000
1553,5,5,1.0,1.0,7,7,7,Independent House,Unfurnished,Under Construction,Marathahalli,4.0,10.0,2.0,2,11920000
942,2,2,0.0,1.0,4,2,5,Apartment,Semi-Furnished,Ready to Move,Banashankari,4.0,8.5,3.0,4,8110000
640,1,2,1.0,2.0,33,16,20,Apartment,Unfurnished,Ready to Move,Whitefield,3.5,23.2,4.0,0,2790000
943,2,2,1.0,1.0,12,12,20,Apartment,Semi-Furnished,Ready to Move,Whitefield,6.7,17.4,2.0,3,6450000
1320,3,3,2.0,2.0,13,2,15,Apartment,Semi-Furnished,Ready to Move,Indiranagar,7.7,5.1,2.0,2,17540000
1050,2,3,2.0,1.0,0,6,7,Independent House,Unfurnished,Ready to Move,Whitefield,5.7,19.7,5.0,1,6280000
1064,2,3,0.0,1.0,12,2,7,Independent House,Unfurnished,Under Construction,Sarjapur Road,3.7,18.9,3.0,3,5730000
634,2,2,0.0,2.0,1,5,15,Apartment,Unfurnished,Ready to Move,Yelahanka,4.1,14.4,4.0,6,2560000
1424,3,4,2.0,1.0,7,5,10,Apartment,Semi-Furnished,Ready to Move,Indiranagar,7.4,1.0,4.0,2,19740000
2082,3,4,0.0,1.0,4,7,10,Independent House,Semi-Furnished,Ready to Move,HSR Layout,5.8,6.6,,2,23500000
1026,3,3,1.0,1.0,6,4,5,Villa,Furnished,Ready to Move,Indiranagar,8.6,1.0,1.0,2,26300000
933,2,3,1.0,1.0,1,2,10,Apartment,Unfurnished,Ready to Move,Sarjapur Road,2.7,20.3,4.0,3,5370000
2776,4,4,2.0,1.0,4,17,20,Apartment,Unfurnished,Ready to Move,Whitefield,6.2,21.2,2.0,2,24910000
3418,5,6,2.0,1.0,0,2,3,Villa,Semi-Furnished,Under Construction,Marathahalli,2.9,14.0,2.0,1,33990000
852,2,3,2.0,0.0,0,1,7,Independent House,Unfurnished,Under Construction,Marathahalli,3.1,11.9,1.0,5,4980000
989,2,2,1.0,1.0,8,7,10,Apartment,Unfurnished,Ready to Move,Marathahalli,6.0,13.5,1.0,0,6350000
1399,3,3,2.0,1.0,24,4,10,Apartment,Semi-Furnished,Ready to Move,HSR Layout,8.1,9.9,0.0,1,13440000
467,1,2,1.0,0.0,12,3,3,Independent House,Furnished,Ready to Move,Sarjapur Road,6.0,16.4,3.0,3,3430000
935,2,2,1.0,1.0,5,1,20,Villa,Furnished,Ready to Move,Whitefield,1.5,18.6,4.0,1,9370000
1321,3,3,1.0,2.0,0,1,3,Apartment,Unfurnished,Ready to Move,Koramangala,8.3,7.9,3.0,4,19360000
1431,3,3,2.0,1.0,0,8,20,Apartment,Unfurnished,Ready to Move,Yelahanka,3.1,12.2,4.0,0,6680000
807,2,3,0.0,1.0,1,2,3,Villa,Semi-Furnished,Under Construction,Sarjapur Road,2.8,21.0,2.0,4,5560000
1042,3,4,0.0,1.0,29,4,5,Apartment,Semi-Furnished,Ready to Move,Whitefield,4.8,15.2,2.0,3,6370000
2776,5,5,2.0,1.0,4,7,15,Apartment,Semi-Furnished,Ready to Move,HSR Layout,5.9,14.8,3.0,1,36210000
1275,2,3,2.0,1.0,14,4,20,Apartment,Semi-Furnished,Ready to Move,HSR Layout,6.6,2.8,2.0,0,11330000
1423,3,3,2.0,0.0,9,11,25,Apartment,Unfurnished,Ready to Move,HSR Layout,10.0,11.4,4.0,0,14390000
513,1,2,1.0,1.0,7,3,5,Villa,Unfurnished,Ready to Move,HSR Layout,6.8,8.0,1.0,4,5460000
632,1,1,2.0,1.0,23,3,10,Apartment,Furnished,Ready to Move,Whitefield,4.9,19.5,1.0,1,4040000
1355,3,3,2.0,1.0,2,2,3,Villa,Semi-Furnished,Ready to Move,Indiranagar,9.9,4.6,4.0,0,27880000
1304,2,2,2.0,0.0,4,4,5,Apartment,Furnished,Under Construction,Sarjapur Road,3.9,19.8,1.0,1,8450000
549,1,1,1.0,0.0,16,1,5,Apartment,Semi-Furnished,Ready to Move,Marathahalli,2.4,8.1,6.0,1,3050000
1083,2,2,1.0,2.0,6,1,3,Apartment,Semi-Furnished,Under Construction,Marathahalli,1.5,13.9,3.0,2,6690000
1188,3,4,1.0,2.0,2,2,20,Independent House,Unfurnished,Ready to Move,Whitefield,4.3,20.6,2.0,4,10750000
1540,3,3,1.0,1.0,1,2,5,Independent House,Semi-Furnished,Under Construction,Banashankari,4.3,6.0,1.0,5,15610000
1002,2,3,1.0,2.0,11,6,10,Apartment,Furnished,Under Construction,Hebbal,2.1,11.7,2.0,1,7030000
1384,3,4,1.0,1.0,0,9,10,Independent House,Unfurnished,Under Construction,Hebbal,7.4,10.0,2.0,2,11390000
854,2,3,1.0,0.0,19,2,5,Villa,Unfurnished,Under Construction,Hebbal,5.2,13.7,1.0,2,5660000
1221,3,3,2.0,1.0,0,13,25,Independent House,Semi-Furnished,Ready to Move,Yelahanka,5.2,17.1,2.0,0,8180000
1003,2,3,0.0,1.0,7,7,7,Apartment,Semi-Furnished,Ready to Move,Jayanagar,3.3,6.7,3.0,1,11400000
1576,3,4,1.0,1.0,7,1,20,Villa,Semi-Furnished,Under Construction,HSR Layout,8.5,12.0,5.0,2,19430000
2728,5,6,2.0,1.0,6,8,20,Apartment,Semi-Furnished,Ready to Move,Marathahalli,3.3,17.7,0.0,0,21020000
2114,4,5,1.0,2.0,5,18,20,Apartment,Semi-Furnished,Ready to Move,Sarjapur Road,5.6,15.0,2.0,0,16520000
545,1,1,1.0,2.0,15,4,15,Independent House,Semi-Furnished,Under Construction,Sarjapur Road,4.0,24.7,1.0,3,2660000
2039,4,4,1.0,2.0,8,4,7,Apartment,Semi-Furnished,Ready to Move,Jayanagar,7.3,7.2,5.0,4,25710000
527,1,2,2.0,2.0,12,4,5,Apartment,Unfurnished,Ready to Move,Whitefield,5.0,18.5,4.0,0,3270000
2810,5,6,3.0,2.0,0,9,10,Apartment,Unfurnished,Ready to Move,Electronic City,2.7,28.9,5.0,2,15870000
1462,2,2,2.0,1.0,0,1,7,Villa,Semi-Furnished,Under Construction,Yelahanka,2.0,14.8,4.0,2,7920000
1009,2,2,2.0,1.0,0,10,15,Villa,Semi-Furnished,Under Construction,Marathahalli,3.5,10.4,3.0,2,7860000
620,1,2,0.0,1.0,1,13,15,Apartment,Furnished,Ready to Move,Jayanagar,4.5,4.5,2.0,2,8090000
1033,2,2,2.0,1.0,8,7,7,Independent House,Semi-Furnished,Ready to Move,HSR Layout,5.6,8.3,4.0,2,13580000
1326,3,3,3.0,1.0,5,3,3,Apartment,Semi-Furnished,Ready to Move,Electronic City,2.3,25.3,7.0,4,8020000
2517,4,4,2.0,2.0,11,3,5,Apartment,Unfurnished,Ready to Move,Yelahanka,0.8,15.7,4.0,3,12480000
1318,3,3,2.0,2.0,1,10,10,Independent House,Semi-Furnished,Ready to Move,Marathahalli,4.7,14.3,4.0,0,12420000
1695,3,3,1.0,1.0,3,3,3,Apartment,Unfurnished,Under Construction,Hebbal,5.0,12.2,3.0,1,13790000
1306,3,4,1.0,1.0,17,3,10,Apartment,Semi-Furnished,Ready to Move,Indiranagar,9.0,8.5,3.0,1,18580000
767,2,3,2.0,2.0,21,7,10,Apartment,Unfurnished,Ready to Move,Marathahalli,5.0,13.0,2.0,1,3550000
590,1,2,2.0,0.0,20,3,5,Independent House,Unfurnished,Ready to Move,HSR Layout,6.0,9.4,5.0,6,6030000
428,1,2,2.0,0.0,13,2,10,Apartment,Semi-Furnished,Under Construction,Sarjapur Road,2.3,15.9,2.0,2,2230000
1051,2,2,2.0,2.0,9,6,10,Independent House,Unfurnished,Ready to Move,Indiranagar,9.1,3.7,9.0,1,16510000
723,2,3,2.0,1.0,19,10,10,Independent House,Semi-Furnished,Ready to Move,Indiranagar,4.3,6.6,7.0,3,12440000
514,1,2,2.0,1.0,10,23,25,Apartment,Semi-Furnished,Under Construction,Marathahalli,3.8,16.2,7.0,5,2920000
677,2,3,1.0,2.0,24,1,5,Villa,Furnished,Ready to Move,Yelahanka,4.1,21.1,5.0,3,4660000
1486,2,3,1.0,1.0,0,1,7,Apartment,Unfurnished,Ready to Move,Whitefield,5.9,19.7,5.0,2,10160000
1338,4,4,3.0,1.0,20,9,20,Apartment,Unfurnished,Ready to Move,Hebbal,4.2,11.2,5.0,1,8480000
951,2,2,2.0,1.0,6,3,7,Independent House,Furnished,Ready to Move,HSR Layout,3.0,11.2,1.0,1,13370000
1720,3,3,3.0,0.0,0,2,7,Independent House,Unfurnished,Ready to Move,Indiranagar,4.7,3.6,3.0,2,31580000
1690,3,4,2.0,1.0,1,1,10,Apartment,Furnished,Under Construction,Whitefield,5.3,18.1,3.0,2,13960000
1638,3,3,2.0,2.0,15,4,10,Apartment,Unfurnished,Ready to Move,Electronic City,2.8,23.0,2.0,0,7910000
515,1,2,1.0,0.0,5,2,3,Apartment,Semi-Furnished,Under Construction,Jayanagar,9.7,4.8,2.0,0,4300000
1206,2,2,1.0,0.0,32,8,10,Apartment,Unfurnished,Under Construction,Whitefield,2.2,19.1,3.0,1,5520000
650,1,2,2.0,1.0,1,3,7,Apartment,Semi-Furnished,Under Construction,Jayanagar,7.2,7.8,4.0,3,6390000
990,2,2,1.0,0.0,4,1,10,Apartment,Furnished,Ready to Move,Yelahanka,5.5,16.9,3.0,2,5640000
995,2,2,2.0,2.0,3,3,10,Villa,Semi-Furnished,Under Construction,Whitefield,4.6,26.0,1.0,1,8460000
1314,3,3,2.0,0.0,5,6,10,Apartment,Semi-Furnished,Under Construction,Sarjapur Road,1.3,20.8,5.0,2,7400000
1145,3,4,1.0,1.0,8,7,10,Apartment,Unfurnished,Ready to Move,Electronic City,7.5,19.7,2.0,1,6620000
1746,3,3,2.0,1.0,8,1,7,Independent House,Furnished,Ready to Move,Marathahalli,6.4,12.8,2.0,1,16750000
1199,2,3,1.0,2.0,0,5,5,Independent House,Semi-Furnished,Under Construction,HSR Layout,6.0,5.9,4.0,3,15770000
782,2,2,1.0,1.0,0,5,7,Apartment,Unfurnished,Under Construction,Koramangala,9.2,1.1,2.0,0,9780000
1938,4,5,1.0,1.0,0,3,5,Apartment,Unfurnished,Ready to Move,Koramangala,9.2,7.8,3.0,1,28830000
922,2,2,2.0,2.0,15,3,10,Villa,Unfurnished,Under Construction,Whitefield,5.3,19.2,1.0,4,6420000
1390,3,4,1.0,0.0,3,9,10,Apartment,Unfurnished,Ready to Move,Koramangala,5.9,1.0,1.0,1,17330000
1418,3,3,1.0,1.0,3,3,5,Apartment,Furnished,Ready to Move,Marathahalli,4.5,8.2,1.0,3,9950000
1129,2,3,1.0,2.0,4,3,20,Villa,Semi-Furnished,Ready to Move,Yelahanka,5.2,11.6,3.0,2,7150000
808,2,2,1.0,1.0,15,9,10,Apartment,Unfurnished,Ready to Move,Hebbal,5.8,9.6,3.0,0,5680000
1163,3,4,1.0,1.0,0,4,5,Apartment,Semi-Furnished,Ready to Move,Sarjapur Road,4.3,18.0,3.0,3,8080000
686,1,2,0.0,0.0,1,5,5,Apartment,Semi-Furnished,Ready to Move,Whitefield,3.5,18.8,2.0,2,4820000
499,1,1,2.0,0.0,9,6,10,Apartment,Unfurnished,Ready to Move,HSR Layout,5.0,12.1,5.0,2,4590000
710,2,2,1.0,0.0,26,1,7,Apartment,Unfurnished,Ready to Move,Electronic City,1.0,19.2,2.0,1,2760000
857,2,3,2.0,2.0,8,11,20,Independent House,Unfurnished,Under Construction,HSR Layout,7.5,13.7,6.0,0,8170000
1307,3,4,0.0,2.0,2,2,10,Apartment,Semi-Furnished,Ready to Move,Jayanagar,6.3,5.6,5.0,2,15260000
2621,4,4,3.0,1.0,5,3,20,Apartment,Semi-Furnished,Under Construction,Jayanagar,4.7,7.4,5.0,3,28780000
1125,2,2,1.0,1.0,29,2,5,Apartment,Furnished,Under Construction,Electronic City,4.8,20.4,2.0,1,4580000
2459,4,4,2.0,0.0,6,10,10,Independent House,Semi-Furnished,Under Construction,Electronic City,2.5,25.1,1.0,1,14270000
3259,5,5,2.0,1.0,3,15,20,Apartment,Semi-Furnished,Ready to Move,Hebbal,3.7,8.0,3.0,2,33310000
3329,5,5,2.0,1.0,3,3,7,Apartment,Furnished,Under Construction,Hebbal,4.3,8.3,4.0,1,30100000
1724,4,5,2.0,1.0,27,4,5,Independent House,Semi-Furnished,Ready to Move,Electronic City,3.0,19.1,5.0,2,9530000
912,2,2,0.0,2.0,10,5,10,Apartment,Semi-Furnished,Ready to Move,Yelahanka,3.7,19.5,2.0,7,4460000
441,1,1,2.0,1.0,9,12,25,Apartment,Semi-Furnished,Under Construction,Banashankari,3.4,7.3,0.0,0,2770000
1341,3,4,1.0,1.0,2,1,10,Apartment,Semi-Furnished,Under Construction,Electronic City,4.8,19.2,0.0,0,7150000
1591,3,3,2.0,2.0,6,1,10,Apartment,Semi-Furnished,Ready to Move,Electronic City,4.1,21.4,2.0,2,9300000
2053,4,5,3.0,1.0,3,7,10,Apartment,Semi-Furnished,Ready to Move,Jayanagar,5.9,6.5,4.0,0,25910000
3534,5,6,3.0,1.0,2,1,3,Villa,Semi-Furnished,Ready to Move,Yelahanka,2.8,12.8,3.0,0,26320000
1080,3,3,0.0,1.0,18,7,7,Apartment,Semi-Furnished,Ready to Move,Yelahanka,2.4,16.5,3.0,1,5550000
1045,2,2,1.0,1.0,3,1,3,Apartment,Furnished,Ready to Move,Whitefield,4.4,19.6,2.0,4,8180000
712,2,3,1.0,1.0,2,7,7,Apartment,Semi-Furnished,Under Construction,Electronic City,5.6,20.5,3.0,2,3970000
560,1,2,0.0,2.0,21,11,15,Apartment,Unfurnished,Under Construction,Jayanagar,6.0,2.2,4.0,2,4270000
1607,3,3,0.0,1.0,1,2,10,Apartment,Semi-Furnished,Under Construction,Jayanagar,7.0,8.7,1.0,2,16900000
1339,3,3,1.0,2.0,10,23,25,Independent House,Furnished,Ready to Move,Koramangala,7.0,2.6,4.0,3,25930000
2220,4,4,3.0,0.0,8,5,5,Apartment,Semi-Furnished,Ready to Move,Hebbal,5.8,3.2,1.0,5,18640000
1131,3,3,2.0,2.0,20,4,7,Villa,Semi-Furnished,Ready to Move,Marathahalli,4.4,15.1,4.0,0,10070000
1334,4,4,2.0,2.0,14,9,15,Apartment,Furnished,Ready to Move,Hebbal,7.0,13.1,2.0,1,14450000
1555,3,4,1.0,1.0,9,2,5,Apartment,Semi-Furnished,Ready to Move,Hebbal,3.8,14.8,7.0,1,12460000
2697,4,5,2.0,2.0,3,4,5,Apartment,Furnished,Ready to Move,Sarjapur Road,4.7,19.2,5.0,3,23050000
760,2,2,3.0,1.0,5,3,7,Apartment,Unfurnished,Ready to Move,Indiranagar,10.0,5.4,4.0,3,9910000
2488,4,5,2.0,1.0,23,4,7,Apartment,Furnished,Under Construction,Marathahalli,3.3,12.5,3.0,1,14300000
1412,3,3,0.0,1.0,0,14,25,Apartment,Unfurnished,Ready to Move,Koramangala,7.8,2.5,7.0,1,19630000
696,2,2,1.0,1.0,12,5,10,Independent House,Semi-Furnished,Ready to Move,Marathahalli,4.3,16.0,4.0,3,5050000
735,2,2,3.0,2.0,2,3,20,Apartment,Semi-Furnished,Ready to Move,Koramangala,7.6,3.5,1.0,0,10360000
2006,4,4,1.0,0.0,1,16,20,Apartment,Semi-Furnished,Ready to Move,Sarjapur Road,3.9,13.7,3.0,1,14800000
505,1,1,2.0,1.0,2,3,5,Apartment,Furnished,Ready to Move,HSR Layout,7.3,9.0,2.0,0,6490000
1032,3,4,0.0,2.0,0,10,15,Apartment,Semi-Furnished,Ready to Move,Whitefield,4.2,19.8,1.0,0,8980000
628,2,2,0.0,0.0,38,5,7,Apartment,Unfurnished,Ready to Move,Koramangala,7.8,1.0,4.0,3,5130000
1162,3,4,2.0,0.0,16,1,3,Apartment,Semi-Furnished,Ready to Move,Whitefield,4.7,22.2,3.0,3,7690000
2077,4,4,1.0,1.0,5,4,20,Apartment,Semi-Furnished,Under Construction,Sarjapur Road,3.1,18.0,7.0,1,12580000
948,2,2,1.0,1.0,10,6,7,Villa,Semi-Furnished,Ready to Move,Sarjapur Road,3.1,13.9,4.0,0,7850000
854,2,2,1.0,0.0,6,2,7,Independent House,Unfurnished,Under Construction,Jayanagar,5.3,5.1,2.0,3,8470000
2913,5,6,3.0,0.0,13,6,7,Apartment,Unfurnished,Under Construction,Koramangala,7.9,3.7,2.0,4,30280000
1691,3,3,0.0,0.0,14,2,5,Apartment,Semi-Furnished,Ready to Move,Whitefield,5.0,22.8,1.0,1,12110000
2157,4,5,2.0,1.0,2,7,7,Independent House,Semi-Furnished,Ready to Move,Whitefield,3.9,22.8,3.0,1,21610000
926,2,3,1.0,1.0,4,3,7,Apartment,Furnished,Ready to Move,Koramangala,6.8,7.2,5.0,2,14550000
1126,2,3,,1.0,8,4,7,Apartment,Unfurnished,Ready to Move,Yelahanka,2.9,17.1,1.0,2,5070000
767,2,2,3.0,1.0,30,19,20,Apartment,Furnished,Ready to Move,HSR Layout,,8.0,2.0,3,6880000
1337,3,4,1.0,2.0,9,5,7,Apartment,Furnished,Ready to Move,Electronic City,3.5,19.3,3.0,4,9560000
911,2,2,0.0,2.0,18,3,3,Apartment,Unfurnished,Ready to Move,Whitefield,7.7,17.9,2.0,2,5960000
714,2,3,0.0,2.0,14,1,5,Apartment,Semi-Furnished,Under Construction,HSR Layout,5.3,9.8,2.0,2,5900000
503,1,1,2.0,1.0,6,7,15,Apartment,Semi-Furnished,Ready to Move,Jayanagar,6.4,5.9,5.0,2,5940000
555,2,2,0.0,2.0,17,5,10,Apartment,Semi-Furnished,Under Construction,Marathahalli,5.2,17.1,0.0,3,2650000
2764,4,4,1.0,2.0,3,21,25,Independent House,Semi-Furnished,Ready to Move,HSR Layout,5.3,9.2,1.0,3,40100000
446,1,1,1.0,1.0,3,1,10,Apartment,Semi-Furnished,Ready to Move,Whitefield,7.2,13.9,0.0,4,3450000
1844,3,3,1.0,0.0,12,1,5,Apartment,Unfurnished,Ready to Move,Electronic City,3.3,18.4,0.0,1,10040000
2015,4,5,0.0,1.0,1,2,5,Apartment,Unfurnished,Under Construction,HSR Layout,7.2,7.1,2.0,3,17890000
1057,2,3,2.0,0.0,2,7,10,Villa,Unfurnished,Under Construction,HSR Layout,6.4,7.1,2.0,1,11980000
1263,3,3,2.0,1.0,7,7,10,Independent House,Semi-Furnished,Ready to Move,Banashankari,6.2,1.0,4.0,3,11960000
2916,5,5,1.0,1.0,4,2,5,Villa,Unfurnished,Ready to Move,Marathahalli,2.4,18.7,5.0,1,26240000
3164,5,5,2.0,1.0,22,8,10,Apartment,Furnished,Ready to Move,Jayanagar,9.0,1.0,1.0,2,42680000
1076,2,2,2.0,2.0,25,18,20,Villa,Semi-Furnished,Ready to Move,Electronic City,3.7,20.3,3.0,3,6940000
1097,2,3,2.0,1.0,5,1,15,Villa,Semi-Furnished,Ready to Move,Indiranagar,9.7,7.0,1.0,2,25890000
880,2,3,1.0,1.0,6,9,10,Apartment,Furnished,Ready to Move,Jayanagar,5.6,7.8,0.0,0,12610000
1265,3,3,1.0,1.0,10,14,15,Apartment,Unfurnished,Ready to Move,Sarjapur Road,4.2,13.6,4.0,1,6290000
953,3,3,2.0,1.0,4,3,5,Apartment,Unfurnished,Under Construction,Sarjapur Road,2.2,21.6,5.0,3,4490000
1546,3,4,2.0,1.0,1,2,5,Villa,Furnished,Under Construction,Koramangala,9.8,7.2,6.0,3,33120000
1155,2,3,1.0,2.0,10,1,3,Apartment,Semi-Furnished,Ready to Move,Jayanagar,4.7,5.5,4.0,1,11480000
1257,2,2,1.0,1.0,10,5,5,Apartment,Unfurnished,Under Construction,Electronic City,3.6,22.1,3.0,2,4900000
1485,3,3,1.0,1.0,2,2,20,Independent House,Unfurnished,Ready to Move,Yelahanka,2.4,13.3,1.0,3,7990000
1185,3,3,1.0,1.0,14,2,5,Independent House,Furnished,Ready to Move,Marathahalli,1.7,14.8,3.0,1,10730000
924,3,3,1.0,2.0,7,2,10,Independent House,Semi-Furnished,Under Construction,Jayanagar,5.3,6.7,4.0,3,12160000
1147,2,2,1.0,2.0,2,2,10,Independent House,Unfurnished,Ready to Move,Whitefield,5.0,18.5,4.0,1,8600000
608,2,2,1.0,1.0,8,8,10,Apartment,Furnished,Under Construction,Marathahalli,2.7,15.9,1.0,2,3380000
885,2,3,2.0,1.0,2,3,10,Villa,Semi-Furnished,Ready to Move,Whitefield,3.3,21.0,3.0,1,9250000
907,2,2,0.0,1.0,2,1,10,Apartment,Furnished,Under Construction,Electronic City,3.9,31.6,1.0,0,5400000
936,2,3,2.0,2.0,15,2,7,Independent House,Unfurnished,Under Construction,Koramangala,9.4,1.3,2.0,0,11520000
553,1,1,2.0,1.0,21,6,20,Apartment,Semi-Furnished,Ready to Move,Sarjapur Road,4.7,22.0,0.0,3,2730000
976,2,2,1.0,0.0,2,2,3,Independent House,Unfurnished,Under Construction,HSR Layout,6.3,7.4,5.0,1,9630000
300,1,1,1.0,1.0,21,1,3,Villa,Semi-Furnished,Under Construction,Electronic City,3.7,23.6,5.0,0,1590000
952,2,2,2.0,1.0,2,1,10,Independent House,Unfurnished,Ready to Move,Yelahanka,3.2,8.2,3.0,1,4860000
775,3,4,1.0,1.0,0,1,7,Apartment,Semi-Furnished,Ready to Move,HSR Layout,4.8,8.5,5.0,2,9730000
1089,2,2,2.0,0.0,0,6,7,Apartment,Unfurnished,Under Construction,Jayanagar,7.1,7.4,1.0,3,8450000
1244,3,3,2.0,0.0,2,12,25,Independent House,Unfurnished,Ready to Move,Electronic City,1.8,22.7,4.0,2,8060000
796,3,4,2.0,1.0,3,5,15,Apartment,Furnished,Under Construction,Whitefield,5.3,14.0,7.0,5,5780000
1172,3,3,2.0,2.0,20,16,20,Independent House,Unfurnished,Ready to Move,Hebbal,5.2,10.8,2.0,1,8270000
2480,5,5,2.0,2.0,2,6,7,Apartment,Semi-Furnished,Ready to Move,Whitefield,1.1,24.4,2.0,3,22160000
680,1,1,1.0,1.0,3,2,5,Villa,Semi-Furnished,Under Construction,Indiranagar,10.0,8.1,4.0,2,12080000
1455,3,3,3.0,2.0,10,11,15,Apartment,Semi-Furnished,Ready to Move,Jayanagar,5.9,8.9,2.0,3,16840000
2992,5,5,1.0,1.0,2,3,15,Villa,Furnished,Ready to Move,Marathahalli,3.1,21.1,5.0,0,36730000
2472,4,4,1.0,1.0,9,9,10,Villa,Furnished,Ready to Move,Sarjapur Road,5.1,12.8,4.0,1,20800000
931,2,3,1.0,0.0,4,19,20,Apartment,Furnished,Under Construction,HSR Layout,6.1,8.8,2.0,0,11080000
1093,2,3,2.0,1.0,1,10,25,Apartment,Furnished,Ready to Move,Whitefield,5.2,20.1,3.0,2,8550000
1079,2,2,1.0,2.0,10,7,10,Apartment,Furnished,Ready to Move,Sarjapur Road,2.7,15.8,5.0,2,7930000
1039,3,3,3.0,2.0,0,3,5,Apartment,Semi-Furnished,Ready to Move,Jayanagar,7.9,6.4,2.0,3,13550000
1812,3,3,1.0,1.0,2,4,10,Apartment,Semi-Furnished,Ready to Move,Hebbal,5.3,15.9,5.0,2,16420000
680,2,2,2.0,2.0,3,13,25,Villa,Semi-Furnished,Ready to Move,Hebbal,5.6,12.3,3.0,6,6850000
1656,3,3,1.0,2.0,4,1,7,Apartment,Unfurnished,Ready to Move,Hebbal,4.7,5.4,2.0,5,15330000
975,3,4,1.0,1.0,9,4,10,Apartment,Semi-Furnished,Ready to Move,Indiranagar,10.0,7.0,3.0,2,16410000
1064,2,3,0.0,2.0,4,10,10,Apartment,Semi-Furnished,Ready to Move,Electronic City,6.1,22.0,2.0,2,6000000
2744,4,4,1.0,1.0,7,5,5,Apartment,Semi-Furnished,Ready to Move,Hebbal,1.7,5.5,1.0,4,27550000
1340,3,4,1.0,2.0,7,10,10,Apartment,Semi-Furnished,Ready to Move,Indiranagar,10.0,3.2,2.0,2,21570000
521,1,1,3.0,0.0,3,6,7,Independent House,Unfurnished,Ready to Move,Koramangala,6.4,1.0,3.0,1,6780000
1570,3,3,1.0,0.0,21,18,20,Independent House,Semi-Furnished,Ready to Move,Hebbal,5.8,11.1,4.0,0,12330000
887,2,2,2.0,1.0,24,7,15,Apartment,Furnished,Under Construction,Yelahanka,0.3,14.5,2.0,1,3550000
1909,3,3,1.0,0.0,6,3,15,Apartment,Semi-Furnished,Ready to Move,Indiranagar,9.3,1.0,0.0,2,28680000
2907,5,6,0.0,0.0,0,1,5,Independent House,Unfurnished,Ready to Move,Whitefield,3.1,20.8,2.0,2,23840000
1871,4,4,1.0,1.0,5,3,3,Apartment,Semi-Furnished,Ready to Move,Electronic City,2.6,18.8,2.0,2,12190000
847,2,2,0.0,2.0,1,5,20,Apartment,Furnished,Ready to Move,Hebbal,4.4,16.0,2.0,3,9590000
772,2,3,2.0,1.0,5,3,7,Apartment,Furnished,Ready to Move,Yelahanka,1.9,16.5,4.0,1,4570000
830,2,2,2.0,2.0,1,4,5,Apartment,Furnished,Ready to Move,HSR Layout,5.3,9.2,0.0,1,9550000
1301,3,3,1.0,2.0,9,3,3,Independent House,Unfurnished,Ready to Move,Whitefield,3.7,23.8,6.0,1,9060000
857,2,2,2.0,1.0,0,1,10,Villa,Semi-Furnished,Ready to Move,Yelahanka,2.8,16.8,5.0,4,5890000
1215,3,3,0.0,1.0,24,5,5,Apartment,Furnished,Ready to Move,Electronic City,3.8,23.0,3.0,2,7540000
780,1,2,2.0,0.0,1,2,10,Apartment,Semi-Furnished,Ready to Move,Jayanagar,9.5,5.8,3.0,0,8370000
754,2,2,2.0,1.0,8,1,15,Independent House,Unfurnished,Under Construction,Banashankari,3.2,7.1,1.0,2,5260000
977,2,3,2.0,1.0,19,6,10,Independent House,Unfurnished,Ready to Move,Whitefield,4.5,21.2,4.0,1,6600000
3131,5,5,1.0,0.0,2,5,20,Villa,Furnished,Under Construction,Marathahalli,5.2,18.6,2.0,2,31210000
1576,3,3,1.0,1.0,21,4,5,Villa,Semi-Furnished,Ready to Move,Whitefield,3.3,9.7,2.0,0,13980000
938,2,2,1.0,1.0,3,1,10,Apartment,Furnished,Ready to Move,Electronic City,0.0,27.6,1.0,2,5870000
523,1,2,3.0,1.0,25,5,5,Independent House,Unfurnished,Ready to Move,Hebbal,2.1,9.0,2.0,1,3840000
1526,3,3,3.0,1.0,28,7,20,Independent House,Furnished,Ready to Move,Indiranagar,5.3,5.6,7.0,3,23230000
1000,2,3,1.0,2.0,1,17,20,Apartment,Unfurnished,Ready to Move,Banashankari,7.0,2.8,3.0,0,6710000
1327,3,3,2.0,0.0,14,4,7,Villa,Unfurnished,Ready to Move,Jayanagar,7.6,10.5,1.0,1,16960000
1375,4,4,3.0,0.0,1,6,7,Apartment,Semi-Furnished,Ready to Move,Electronic City,4.5,17.9,0.0,1,8280000
1268,3,3,1.0,1.0,2,5,7,Apartment,Semi-Furnished,Ready to Move,HSR Layout,7.8,13.4,1.0,1,14260000
1078,3,4,2.0,0.0,0,15,20,Apartment,Semi-Furnished,Under Construction,Electronic City,2.5,21.3,3.0,4,5150000
1213,3,3,1.0,2.0,1,7,10,Apartment,Furnished,Ready to Move,Electronic City,6.8,21.5,4.0,2,9650000
2013,4,4,1.0,1.0,8,7,20,Apartment,Unfurnished,Ready to Move,Whitefield,4.8,16.2,4.0,2,13850000
2143,4,4,1.0,1.0,4,5,5,Apartment,Unfurnished,Ready to Move,Electronic City,3.2,25.7,2.0,3,14290000
1898,3,4,1.0,1.0,12,4,10,Apartment,Semi-Furnished,Under Construction,Indiranagar,10.0,4.6,0.0,1,24390000
847,2,3,2.0,1.0,3,6,10,Apartment,Furnished,Ready to Move,Sarjapur Road,4.7,20.2,3.0,2,5780000
1616,3,4,1.0,1.0,27,18,20,Apartment,Furnished,Ready to Move,Marathahalli,6.0,7.8,4.0,2,11820000
1008,2,2,0.0,0.0,0,3,7,Apartment,Semi-Furnished,Under Construction,Sarjapur Road,5.8,15.3,0.0,2,6400000
1762,3,4,1.0,0.0,0,4,7,Villa,Semi-Furnished,Ready to Move,Whitefield,3.8,20.8,1.0,2,16990000
1561,3,4,2.0,1.0,9,18,20,Apartment,Unfurnished,Ready to Move,HSR Layout,6.6,5.3,2.0,1,16760000
758,2,2,,0.0,17,3,3,Apartment,Unfurnished,Ready to Move,Marathahalli,2.6,15.1,2.0,1,3600000
622,2,2,2.0,2.0,12,9,10,Independent House,Semi-Furnished,Ready to Move,Indiranagar,6.2,3.0,0.0,2,10160000
1487,3,3,0.0,1.0,5,2,10,Villa,Furnished,Ready to Move,Whitefield,5.6,17.7,4.0,1,15750000
1788,4,4,2.0,0.0,2,5,5,Independent House,Semi-Furnished,Ready to Move,Hebbal,6.4,13.5,2.0,2,20170000
1125,3,4,3.0,1.0,0,6,7,Apartment,Semi-Furnished,Ready to Move,Sarjapur Road,0.7,18.5,3.0,2,7250000
1045,3,4,1.0,1.0,5,3,15,Apartment,Semi-Furnished,Under Construction,Jayanagar,5.6,2.6,6.0,1,10080000
980,2,3,2.0,0.0,5,4,7,Villa,Semi-Furnished,Under Construction,Whitefield,4.4,23.4,1.0,2,8590000
1822,3,3,3.0,0.0,3,7,7,Apartment,Furnished,Ready to Move,Sarjapur Road,3.9,19.5,2.0,2,12240000
872,2,2,2.0,1.0,6,6,15,Apartment,Semi-Furnished,Under Construction,Marathahalli,7.1,8.0,1.0,4,6010000
1565,3,3,2.0,1.0,10,4,25,Apartment,Unfurnished,Ready to Move,Hebbal,4.1,11.1,1.0,2,12140000
538,1,1,2.0,2.0,9,13,15,Independent House,Furnished,Ready to Move,Sarjapur Road,3.4,19.1,5.0,2,4470000
1038,3,4,1.0,2.0,2,8,15,Apartment,Semi-Furnished,Ready to Move,Hebbal,6.0,11.7,7.0,1,10740000
1089,2,2,2.0,0.0,7,3,20,Independent House,Semi-Furnished,Under Construction,Jayanagar,6.1,1.0,0.0,4,12880000
742,2,3,2.0,0.0,1,8,15,Independent House,Furnished,Ready to Move,Koramangala,7.2,4.2,2.0,3,11770000
2812,5,6,1.0,1.0,1,3,25,Apartment,Unfurnished,Ready to Move,Marathahalli,3.1,16.3,2.0,2,16900000
885,2,3,2.0,2.0,12,14,15,Villa,Semi-Furnished,Ready to Move,Marathahalli,4.3,13.8,1.0,5,6920000
1119,2,2,2.0,2.0,9,5,10,Villa,Semi-Furnished,Ready to Move,Sarjapur Road,3.4,18.2,4.0,4,8560000
1103,3,4,1.0,0.0,11,2,10,Independent House,Semi-Furnished,Under Construction,Koramangala,9.0,7.1,2.0,1,16910000
2156,4,5,2.0,1.0,1,6,20,Apartment,Furnished,Ready to Move,Koramangala,8.5,1.0,2.0,3,34280000
790,2,3,1.0,1.0,19,7,10,Independent House,Semi-Furnished,Ready to Move,Yelahanka,0.0,18.2,6.0,1,3600000
1256,3,4,2.0,2.0,1,8,15,Apartment,Semi-Furnished,Ready to Move,Sarjapur Road,1.0,19.0,3.0,2,7910000
545,4,5,1.0,0.0,16,5,5,Independent House,Furnished,Ready to Move,Yelahanka,2.2,11.1,4.0,3,3510000
1347,2,2,3.0,1.0,3,4,20,Apartment,Unfurnished,Ready to Move,Sarjapur Road,5.1,20.1,3.0,4,7790000
1054,2,3,1.0,1.0,0,1,7,Apartment,Semi-Furnished,Ready to Move,Marathahalli,3.0,19.4,1.0,1,6520000
804,2,3,2.0,0.0,2,2,5,Independent House,Furnished,Ready to Move,Marathahalli,4.6,15.0,3.0,3,8110000
1550,4,5,3.0,1.0,1,14,15,Independent House,Furnished,Ready to Move,Yelahanka,3.9,17.7,4.0,1,12300000
495,1,2,0.0,0.0,5,6,7,Apartment,Semi-Furnished,Ready to Move,Marathahalli,4.8,10.8,2.0,4,3170000
1086,2,2,2.0,1.0,23,4,5,Apartment,Semi-Furnished,Ready to Move,Marathahalli,3.2,12.1,6.0,2,6250000
870,3,3,0.0,1.0,3,2,7,Apartment,Unfurnished,Ready to Move,Koramangala,6.3,1.0,5.0,2,9890000
1360,3,3,2.0,2.0,7,3,3,Independent House,Furnished,Ready to Move,Indiranagar,6.7,6.2,6.0,2,28440000
1286,2,2,2.0,1.0,17,3,3,Independent House,Semi-Furnished,Ready to Move,Sarjapur Road,8.1,16.4,1.0,2,8630000
1082,3,3,3.0,0.0,7,4,10,Independent House,Semi-Furnished,Under Construction,HSR Layout,7.0,8.3,4.0,2,12820000
965,2,2,2.0,1.0,3,4,20,Apartment,Unfurnished,Ready to Move,HSR Layout,9.1,12.1,1.0,1,10190000
1368,2,2,0.0,1.0,37,7,7,Apartment,Semi-Furnished,Ready to Move,Electronic City,2.1,27.0,1.0,1,6230000
1577,3,4,0.0,1.0,1,7,10,Villa,Unfurnished,Ready to Move,HSR Layout,8.2,9.7,6.0,3,22660000
2050,4,4,2.0,1.0,5,1,15,Independent House,Furnished,Ready to Move,HSR Layout,,5.3,3.0,0,29270000
1046,2,2,1.0,1.0,12,7,7,Apartment,Furnished,Under Construction,Indiranagar,8.6,5.1,8.0,2,16710000
1839,4,4,1.0,1.0,0,9,10,Independent House,Unfurnished,Ready to Move,Yelahanka,2.6,16.6,5.0,2,12380000
1763,3,3,0.0,0.0,9,5,7,Apartment,Semi-Furnished,Under Construction,Jayanagar,5.3,8.5,3.0,1,18060000
506,1,1,2.0,1.0,2,3,10,Apartment,Semi-Furnished,Ready to Move,Koramangala,6.7,3.0,8.0,2,7530000
851,3,3,0.0,1.0,1,2,5,Apartment,Furnished,Under Construction,Whitefield,4.3,22.6,5.0,1,6830000
506,1,2,2.0,2.0,2,4,25,Apartment,Furnished,Under Construction,Sarjapur Road,2.8,20.2,2.0,0,2920000
2258,5,5,2.0,1.0,27,1,3,Apartment,Furnished,Under Construction,Electronic City,3.5,21.1,1.0,2,11170000
1887,4,5,2.0,0.0,17,9,10,Apartment,Semi-Furnished,Ready to Move,Hebbal,3.7,14.5,3.0,2,13640000
900,2,3,0.0,1.0,1,2,7,Apartment,Unfurnished,Under Construction,Marathahalli,5.1,16.8,3.0,1,4800000
1177,2,3,0.0,1.0,0,6,10,Independent House,Semi-Furnished,Ready to Move,Hebbal,4.3,8.7,2.0,2,10790000
1082,2,2,1.0,0.0,3,3,7,Apartment,Furnished,Ready to Move,HSR Layout,8.8,12.9,1.0,1,16100000
1000,2,2,3.0,2.0,7,6,7,Apartment,Unfurnished,Ready to Move,Sarjapur Road,3.6,17.6,2.0,2,5220000
949,2,2,1.0,1.0,16,4,7,Apartment,Unfurnished,Ready to Move,HSR Layout,6.2,9.3,3.0,2,9090000
748,2,2,1.0,1.0,27,4,5,Apartment,Furnished,Ready to Move,Yelahanka,5.4,15.7,3.0,1,3170000
789,3,3,0.0,2.0,11,9,15,Independent House,Furnished,Under Construction,Marathahalli,3.3,17.7,3.0,1,6080000
971,2,3,2.0,1.0,7,1,5,Apartment,Unfurnished,Under Construction,Electronic City,2.7,25.7,6.0,4,3980000
2317,4,4,2.0,1.0,1,13,15,Independent House,Furnished,Ready to Move,HSR Layout,5.3,11.4,4.0,1,36800000
1956,4,4,0.0,0.0,0,8,10,Villa,Unfurnished,Ready to Move,Koramangala,8.3,4.8,2.0,1,35560000
1250,3,3,1.0,0.0,7,2,3,Apartment,Unfurnished,Ready to Move,Sarjapur Road,2.6,17.7,3.0,0,7350000
2185,4,5,2.0,1.0,6,4,5,Apartment,Semi-Furnished,Ready to Move,HSR Layout,7.5,18.1,5.0,1,29800000
934,2,3,1.0,1.0,14,6,20,Apartment,Furnished,Ready to Move,Marathahalli,3.9,11.9,2.0,2,6660000
735,1,1,2.0,1.0,3,7,10,Apartment,Semi-Furnished,Under Construction,HSR Layout,7.6,8.7,3.0,1,6720000
1745,3,3,2.0,2.0,0,4,5,Villa,Semi-Furnished,Under Construction,Marathahalli,5.1,14.9,3.0,2,13970000
1668,3,3,2.0,1.0,4,4,15,Apartment,Unfurnished,Ready to Move,Hebbal,4.2,9.3,4.0,1,12940000
1612,3,4,2.0,1.0,27,10,15,Apartment,Semi-Furnished,Under Construction,Sarjapur Road,2.6,21.1,2.0,2,6500000
1483,4,5,2.0,1.0,12,3,7,Apartment,Semi-Furnished,Ready to Move,Sarjapur Road,3.2,13.6,2.0,3,9090000
3171,5,6,3.0,1.0,0,10,10,Apartment,Furnished,Ready to Move,Koramangala,8.0,1.9,2.0,5,73640000
1505,3,3,1.0,1.0,16,6,7,Apartment,Furnished,Ready to Move,Whitefield,4.8,18.8,7.0,1,13890000
1569,3,4,1.0,1.0,5,3,3,Apartment,Unfurnished,Ready to Move,Sarjapur Road,4.3,15.0,4.0,1,9520000
604,1,2,2.0,2.0,3,2,7,Apartment,Semi-Furnished,Ready to Move,Electronic City,3.3,25.1,3.0,2,3540000
1036,2,3,1.0,1.0,3,13,15,Apartment,Unfurnished,Ready to Move,Indiranagar,7.6,1.1,5.0,2,13700000
2156,3,3,3.0,1.0,7,4,10,Villa,Furnished,Ready to Move,Whitefield,3.5,17.1,5.0,1,22520000
935,2,2,0.0,1.0,6,3,7,Independent House,Unfurnished,Ready to Move,HSR Layout,,8.0,4.0,2,9890000
1127,2,2,3.0,0.0,8,4,7,Apartment,Unfurnished,Under Construction,Whitefield,3.4,22.5,1.0,4,5940000
860,2,2,2.0,2.0,6,8,10,Apartment,Semi-Furnished,Under Construction,Yelahanka,3.8,20.4,4.0,1,4200000
1621,3,4,2.0,1.0,1,7,7,Independent House,Unfurnished,Ready to Move,HSR Layout,7.2,11.6,3.0,5,18280000
1128,2,3,1.0,1.0,2,7,10,Apartment,Semi-Furnished,Ready to Move,Jayanagar,9.0,2.1,2.0,0,14200000
1502,3,3,3.0,2.0,14,3,3,Apartment,Semi-Furnished,Ready to Move,Whitefield,3.6,18.1,7.0,2,11790000
1267,2,2,,2.0,8,9,15,Apartment,Semi-Furnished,Ready to Move,Marathahalli,3.5,18.7,8.0,3,8600000
452,1,1,1.0,1.0,4,4,5,Villa,Semi-Furnished,Under Construction,Electronic City,0.0,22.1,2.0,1,2520000
857,2,3,0.0,2.0,1,8,10,Apartment,Furnished,Ready to Move,Yelahanka,1.6,11.7,1.0,1,5350000
990,2,2,3.0,1.0,0,2,7,Independent House,Semi-Furnished,Ready to Move,Yelahanka,1.6,22.6,7.0,1,5960000
2352,4,4,1.0,1.0,2,15,15,Villa,Furnished,Ready to Move,Electronic City,4.1,20.3,4.0,3,23550000
569,1,1,2.0,0.0,0,3,15,Independent House,Unfurnished,Ready to Move,Yelahanka,5.7,15.8,3.0,1,3190000
1194,2,2,2.0,0.0,5,4,5,Villa,Unfurnished,Ready to Move,Banashankari,5.5,5.9,4.0,1,9780000
1214,3,4,2.0,0.0,13,9,10,Apartment,Semi-Furnished,Ready to Move,Hebbal,6.5,9.1,3.0,0,10360000
1080,3,4,2.0,1.0,2,1,5,Apartment,Unfurnished,Ready to Move,Hebbal,3.9,15.9,5.0,0,8970000
583,1,1,2.0,0.0,15,2,5,Independent House,Semi-Furnished,Under Construction,HSR Layout,4.5,10.6,2.0,3,5550000
541,1,2,2.0,1.0,9,5,20,Independent House,Furnished,Under Construction,Marathahalli,3.6,14.9,1.0,1,4030000
3104,5,5,2.0,1.0,1,1,5,Apartment,Semi-Furnished,Ready to Move,Whitefield,3.4,16.2,2.0,1,25300000
1392,3,4,1.0,,8,5,5,Independent House,Semi-Furnished,Ready to Move,Whitefield,3.0,19.1,3.0,0,10890000
885,2,2,0.0,0.0,1,4,5,Apartment,Furnished,Ready to Move,Banashankari,5.0,6.1,5.0,3,7100000
1379,3,3,0.0,1.0,8,3,10,Apartment,Unfurnished,Under Construction,Electronic City,1.6,19.5,4.0,1,6460000
955,2,2,1.0,1.0,1,8,20,Apartment,Semi-Furnished,Ready to Move,Sarjapur Road,4.9,19.4,1.0,3,6040000
892,2,2,1.0,1.0,3,4,7,Apartment,Unfurnished,Ready to Move,Hebbal,4.4,11.0,0.0,1,7030000
1343,3,3,2.0,0.0,6,4,10,Apartment,Unfurnished,Under Construction,Hebbal,4.9,14.1,4.0,1,9040000
1838,4,5,3.0,2.0,0,7,7,Apartment,Unfurnished,Ready to Move,Banashankari,4.8,10.2,4.0,2,15390000
1112,2,3,1.0,1.0,1,4,7,Apartment,Furnished,Ready to Move,HSR Layout,5.6,8.7,3.0,2,15380000
2077,4,4,2.0,1.0,3,6,10,Apartment,Unfurnished,Ready to Move,Whitefield,6.2,21.4,1.0,2,15060000
1378,2,3,1.0,1.0,4,2,10,Apartment,Semi-Furnished,Ready to Move,Electronic City,0.9,20.6,1.0,1,7780000
980,2,2,1.0,2.0,15,6,7,Independent House,Unfurnished,Ready to Move,Koramangala,9.9,1.6,5.0,2,13570000
489,1,2,2.0,1.0,1,18,20,Apartment,Semi-Furnished,Ready to Move,Whitefield,3.8,16.8,4.0,2,2890000
1457,2,2,3.0,2.0,3,1,3,Apartment,Semi-Furnished,Ready to Move,Electronic City,4.7,22.3,5.0,1,8020000
2165,4,5,0.0,1.0,5,1,3,Apartment,Semi-Furnished,Ready to Move,Hebbal,5.3,9.8,3.0,0,21630000
1677,3,3,1.0,0.0,2,9,25,Apartment,Semi-Furnished,Under Construction,Jayanagar,7.9,10.1,4.0,0,16220000
615,1,1,0.0,1.0,7,13,15,Independent House,Furnished,Ready to Move,Electronic City,3.2,26.9,5.0,1,4480000
3148,5,5,1.0,1.0,2,3,15,Apartment,Semi-Furnished,Ready to Move,Marathahalli,4.4,15.4,3.0,3,25050000
2214,4,4,2.0,0.0,11,5,10,Independent House,Unfurnished,Ready to Move,HSR Layout,8.0,10.7,4.0,5,26040000
1091,3,4,2.0,1.0,5,2,7,Apartment,Furnished,Ready to Move,Whitefield,4.5,20.1,0.0,6,9560000
2147,4,4,2.0,2.0,0,3,10,Apartment,Furnished,Ready to Move,Sarjapur Road,5.7,25.1,1.0,1,18740000
698,2,2,1.0,0.0,7,1,3,Apartment,Semi-Furnished,Ready to Move,Marathahalli,4.5,19.9,1.0,2,4520000
1930,4,4,3.0,1.0,6,5,15,Apartment,Semi-Furnished,Under Construction,Sarjapur Road,2.6,17.4,8.0,1,10090000
1196,3,3,1.0,1.0,3,7,10,Apartment,Unfurnished,Ready to Move,Whitefield,3.8,19.4,2.0,5,9080000
2142,4,5,2.0,1.0,0,13,25,Apartment,Semi-Furnished,Ready to Move,Hebbal,6.3,13.0,3.0,2,23990000
1493,3,3,1.0,0.0,1,6,10,Apartment,Semi-Furnished,Ready to Move,Marathahalli,2.1,10.5,4.0,4,9210000
1041,2,3,2.0,1.0,4,2,5,Apartment,Furnished,Ready to Move,Jayanagar,7.9,1.0,3.0,1,13260000
1480,3,3,2.0,0.0,1,9,10,Independent House,Unfurnished,Ready to Move,Marathahalli,3.5,10.0,6.0,1,12270000
834,2,3,3.0,1.0,6,1,3,Apartment,Semi-Furnished,Under Construction,Hebbal,3.1,11.1,1.0,1,5650000
900,2,3,1.0,1.0,9,9,15,Apartment,Semi-Furnished,Ready to Move,Marathahalli,4.3,11.2,3.0,3,6060000
1124,2,3,2.0,2.0,15,5,10,Apartment,Semi-Furnished,Ready to Move,Marathahalli,2.9,18.4,3.0,1,6900000
2427,4,5,2.0,0.0,8,3,7,Apartment,Semi-Furnished,Ready to Move,Banashankari,3.8,3.6,3.0,0,21630000
732,2,2,2.0,0.0,9,23,25,Apartment,Furnished,Under Construction,Sarjapur Road,2.7,14.0,3.0,5,4160000
971,3,4,1.0,1.0,7,7,20,Independent House,Semi-Furnished,Under Construction,Indiranagar,8.8,1.0,3.0,1,13390000
811,2,3,0.0,1.0,33,16,25,Independent House,Furnished,Ready to Move,Sarjapur Road,3.1,16.1,3.0,2,5300000
3385,5,6,1.0,1.0,2,2,5,Apartment,Unfurnished,Ready to Move,Electronic City,3.9,20.8,3.0,0,21550000
1180,2,3,1.0,2.0,2,9,15,Apartment,Unfurnished,Under Construction,HSR Layout,7.9,9.8,5.0,8,11120000
1141,3,4,2.0,2.0,1,3,20,Apartment,Furnished,Under Construction,Marathahalli,4.8,13.9,3.0,4,7910000
2122,4,4,2.0,1.0,5,8,10,Villa,Unfurnished,Ready to Move,Yelahanka,5.7,14.1,2.0,2,13700000
1298,2,2,0.0,1.0,0,1,5,Apartment,Semi-Furnished,Ready to Move,Yelahanka,6.1,12.8,1.0,1,6910000
1028,2,2,3.0,2.0,2,10,15,Apartment,Semi-Furnished,Ready to Move,Electronic City,2.9,23.3,3.0,3,6280000
1798,3,4,1.0,0.0,5,11,20,Apartment,Semi-Furnished,Ready to Move,Jayanagar,4.9,3.3,2.0,3,21820000
2399,4,4,1.0,1.0,25,4,15,Villa,Semi-Furnished,Under Construction,HSR Layout,5.9,12.3,2.0,5,26800000
1145,3,3,1.0,1.0,26,2,7,Apartment,Semi-Furnished,Under Construction,Banashankari,4.8,3.6,2.0,2,6990000
913,2,2,2.0,1.0,10,2,5,Apartment,Furnished,Under Construction,Banashankari,8.0,5.8,3.0,3,6660000
2013,4,4,2.0,2.0,3,5,10,Villa,Unfurnished,Ready to Move,Marathahalli,3.4,20.1,0.0,0,20500000
969,2,3,1.0,1.0,16,7,10,Apartment,Semi-Furnished,Ready to Move,Hebbal,5.4,18.5,5.0,5,6350000
1656,3,4,2.0,1.0,16,1,10,Independent House,Semi-Furnished,Ready to Move,Sarjapur Road,2.6,13.9,1.0,1,12760000
2163,4,4,1.0,2.0,19,4,5,Apartment,Semi-Furnished,Under Construction,Marathahalli,3.5,17.6,4.0,4,11190000
392,2,2,1.0,1.0,8,3,5,Independent House,Unfurnished,Ready to Move,Whitefield,2.5,24.8,6.0,1,2740000
1032,3,3,1.0,2.0,1,4,7,Villa,Semi-Furnished,Under Construction,Indiranagar,6.5,8.2,1.0,0,17140000
787,3,3,1.0,1.0,0,6,7,Apartment,Unfurnished,Ready to Move,Marathahalli,6.0,13.8,1.0,3,5560000
2070,4,4,2.0,1.0,19,10,10,Villa,Semi-Furnished,Ready to Move,Marathahalli,5.6,8.2,1.0,1,18460000
995,2,2,2.0,1.0,0,6,7,Apartment,Semi-Furnished,Under Construction,Electronic City,2.8,22.3,5.0,0,4810000
1003,2,2,1.0,,2,1,10,Independent House,Unfurnished,Under Construction,Yelahanka,4.6,17.2,3.0,4,4240000
1616,4,4,1.0,1.0,5,3,15,Apartment,Semi-Furnished,Under Construction,Koramangala,6.0,4.7,3.0,2,22360000
624,1,2,0.0,0.0,0,1,5,Villa,Semi-Furnished,Ready to Move,Jayanagar,6.4,7.4,1.0,3,8760000
1086,2,2,1.0,2.0,18,17,20,Apartment,Unfurnished,Under Construction,Sarjapur Road,3.9,15.6,1.0,2,4890000
2097,5,5,1.0,2.0,2,1,15,Independent House,Semi-Furnished,Ready to Move,Sarjapur Road,5.6,16.5,5.0,2,16980000
671,2,2,1.0,1.0,0,3,10,Apartment,Furnished,Ready to Move,Marathahalli,4.3,6.8,4.0,4,5610000
2799,5,6,2.0,2.0,40,14,20,Independent House,Furnished,Under Construction,HSR Layout,7.2,12.7,5.0,2,29280000
1290,2,2,1.0,2.0,2,2,7,Independent House,Semi-Furnished,Ready to Move,Koramangala,7.3,1.3,5.0,0,22320000
1272,2,2,1.0,1.0,16,6,7,Apartment,Unfurnished,Ready to Move,Marathahalli,4.4,13.3,7.0,2,6650000
1557,3,3,3.0,1.0,4,3,3,Independent House,Unfurnished,Ready to Move,Marathahalli,5.9,14.8,6.0,1,12170000
1195,3,4,1.0,2.0,8,2,10,Independent House,Furnished,Ready to Move,Koramangala,5.6,2.3,3.0,2,22520000
1648,3,4,1.0,1.0,2,2,10,Apartment,Semi-Furnished,Under Construction,Sarjapur Road,5.4,14.8,4.0,1,8130000
1273,3,4,1.0,0.0,5,7,10,Apartment,Unfurnished,Under Construction,Indiranagar,8.4,5.8,2.0,3,15930000
1692,4,4,1.0,1.0,2,1,3,Apartment,Semi-Furnished,Ready to Move,Marathahalli,1.9,8.6,2.0,2,12930000
542,2,3,1.0,1.0,24,3,3,Apartment,Furnished,Ready to Move,Hebbal,4.6,14.3,4.0,0,4130000
969,2,3,1.0,2.0,0,7,7,Apartment,Semi-Furnished,Under Construction,Koramangala,9.9,6.0,3.0,2,14540000
830,2,2,2.0,1.0,2,3,5,Apartment,Furnished,Ready to Move,Whitefield,3.6,18.4,2.0,3,6470000
1427,3,4,2.0,2.0,17,10,15,Apartment,Unfurnished,Ready to Move,Sarjapur Road,4.1,16.5,3.0,1,7970000
513,2,2,2.0,2.0,5,8,10,Apartment,Semi-Furnished,Ready to Move,Marathahalli,1.6,11.0,4.0,0,3950000
982,2,2,1.0,1.0,7,6,7,Apartment,Semi-Furnished,Ready to Move,Sarjapur Road,0.9,16.9,4.0,2,6710000
719,3,4,1.0,1.0,8,3,3,Independent House,Semi-Furnished,Ready to Move,Hebbal,3.4,11.4,3.0,2,6490000
669,1,2,1.0,0.0,0,5,5,Villa,Semi-Furnished,Ready to Move,Hebbal,6.5,11.0,2.0,5,7650000
607,1,1,0.0,1.0,0,6,10,Apartment,Semi-Furnished,Ready to Move,Banashankari,4.6,12.3,3.0,4,4540000
1321,3,3,1.0,2.0,22,19,25,Villa,Semi-Furnished,Ready to Move,Jayanagar,8.3,1.0,1.0,3,17210000
1056,2,3,1.0,1.0,2,2,7,Villa,Unfurnished,Ready to Move,Indiranagar,10.0,2.3,4.0,3,19920000
1608,4,4,0.0,2.0,3,9,15,Independent House,Furnished,Under Construction,Electronic City,2.2,24.2,2.0,1,12820000
1420,3,3,0.0,1.0,9,9,20,Apartment,Furnished,Ready to Move,Koramangala,10.0,10.2,3.0,2,23030000
637,1,1,1.0,1.0,2,1,3,Apartment,Semi-Furnished,Ready to Move,Marathahalli,3.2,11.4,3.0,3,3570000
533,3,4,1.0,1.0,10,13,20,Independent House,Unfurnished,Ready to Move,HSR Layout,7.8,13.0,2.0,2,5520000
500,1,2,1.0,1.0,4,10,10,Independent House,Unfurnished,Ready to Move,Yelahanka,4.4,12.5,4.0,3,2680000
1393,3,3,0.0,1.0,15,12,25,Villa,Furnished,Under Construction,Marathahalli,4.1,12.8,2.0,1,12310000
2690,5,5,1.0,1.0,2,6,10,Independent House,Furnished,Ready to Move,Marathahalli,4.1,14.0,1.0,0,29540000
1807,3,3,1.0,0.0,1,5,5,Apartment,Unfurnished,Ready to Move,Electronic City,3.8,19.9,4.0,3,8700000
1085,3,3,0.0,1.0,14,20,25,Apartment,Semi-Furnished,Ready to Move,Whitefield,4.5,18.7,2.0,0,7330000
831,2,3,1.0,1.0,3,2,5,Apartment,Semi-Furnished,Ready to Move,Whitefield,3.7,15.9,5.0,2,5750000
585,2,2,0.0,1.0,4,4,20,Apartment,Semi-Furnished,Ready to Move,Indiranagar,8.0,7.0,5.0,1,7830000
2604,4,4,2.0,1.0,12,3,5,Independent House,Semi-Furnished,Ready to Move,Whitefield,3.8,17.3,2.0,2,22890000
903,2,3,1.0,1.0,8,3,10,Apartment,Semi-Furnished,Ready to Move,Marathahalli,,12.0,5.0,0,5540000
866,2,2,1.0,2.0,4,3,7,Apartment,Unfurnished,Ready to Move,Yelahanka,0.6,13.7,4.0,4,3810000
940,2,2,0.0,2.0,2,19,25,Independent House,Unfurnished,Under Construction,Yelahanka,2.3,13.8,1.0,1,4190000
1578,3,3,1.0,1.0,11,1,5,Apartment,Unfurnished,Ready to Move,Marathahalli,3.5,14.4,3.0,1,8360000
1015,2,3,1.0,1.0,1,6,7,Independent House,Furnished,Ready to Move,HSR Layout,6.0,10.2,4.0,1,13650000
3059,4,4,3.0,1.0,21,1,10,Independent House,Semi-Furnished,Under Construction,Hebbal,5.4,19.6,5.0,0,23390000
599,1,1,2.0,0.0,1,5,25,Apartment,Semi-Furnished,Ready to Move,Yelahanka,1.0,15.3,,1,2790000
861,2,2,0.0,1.0,13,1,7,Apartment,Semi-Furnished,Ready to Move,Koramangala,9.5,3.7,4.0,0,10250000
1242,3,4,2.0,1.0,4,6,7,Apartment,Furnished,Ready to Move,Sarjapur Road,5.0,22.0,6.0,1,9570000
875,2,2,1.0,1.0,1,7,10,Apartment,Unfurnished,Ready to Move,HSR Layout,7.3,10.7,1.0,0,9740000
979,3,4,0.0,1.0,4,4,7,Apartment,Unfurnished,Ready to Move,Hebbal,4.7,11.7,2.0,0,7850000
957,2,3,2.0,1.0,2,12,15,Apartment,Unfurnished,Under Construction,Banashankari,3.6,7.6,2.0,1,5420000
636,1,2,0.0,0.0,1,1,3,Independent House,Furnished,Ready to Move,Whitefield,3.8,20.6,3.0,1,5610000
833,2,2,1.0,2.0,2,4,15,Apartment,Semi-Furnished,Ready to Move,Yelahanka,3.1,18.9,2.0,2,4670000
1677,4,4,2.0,2.0,16,6,10,Villa,Furnished,Ready to Move,Marathahalli,5.0,18.0,8.0,2,17520000
1824,3,3,2.0,2.0,0,5,5,Apartment,Unfurnished,Ready to Move,Banashankari,4.5,11.1,2.0,1,13820000
1000,3,3,3.0,1.0,28,2,10,Apartment,Semi-Furnished,Under Construction,Indiranagar,9.2,6.4,3.0,4,10590000
557,2,3,2.0,0.0,0,1,15,Independent House,Unfurnished,Ready to Move,Hebbal,4.3,12.6,2.0,1,5490000
1077,3,3,2.0,0.0,8,3,7,Apartment,Semi-Furnished,Ready to Move,Whitefield,4.8,26.1,6.0,4,8360000
968,3,3,1.0,1.0,15,4,5,Apartment,Unfurnished,Ready to Move,Electronic City,3.0,20.6,5.0,1,4620000
2154,4,4,0.0,1.0,21,2,3,Villa,Semi-Furnished,Ready to Move,Whitefield,4.7,22.1,7.0,2,19290000
1299,3,4,2.0,2.0,1,5,15,Villa,Furnished,Under Construction,Banashankari,2.0,11.5,2.0,0,15050000
1338,3,3,3.0,2.0,9,7,7,Villa,Furnished,Ready to Move,Hebbal,5.7,15.1,2.0,2,16930000
676,1,1,1.0,2.0,0,20,20,Apartment,Unfurnished,Ready to Move,Hebbal,5.8,9.7,1.0,2,5770000
1206,3,3,3.0,1.0,3,3,10,Apartment,Semi-Furnished,Under Construction,Yelahanka,3.8,24.4,2.0,1,5580000
1617,3,4,0.0,1.0,10,2,7,Independent House,Furnished,Under Construction,Whitefield,2.9,25.0,7.0,0,12380000
2604,4,4,1.0,2.0,3,8,10,Independent House,Unfurnished,Under Construction,Electronic City,2.3,25.2,1.0,1,16160000
863,2,2,1.0,2.0,3,6,10,Apartment,Semi-Furnished,Under Construction,Whitefield,3.0,17.0,4.0,3,5260000
1090,2,2,1.0,1.0,0,11,20,Independent House,Semi-Furnished,Ready to Move,HSR Layout,6.8,12.9,3.0,3,12280000
904,2,3,2.0,0.0,0,3,10,Apartment,Unfurnished,Under Construction,HSR Layout,7.3,3.1,2.0,0,8410000
1125,2,2,1.0,0.0,0,2,5,Apartment,Unfurnished,Under Construction,Indiranagar,7.6,4.3,2.0,2,14290000
651,2,3,3.0,1.0,16,8,10,Apartment,Unfurnished,Ready to Move,HSR Layout,8.3,10.3,2.0,0,5580000
1341,4,5,1.0,1.0,0,7,10,Apartment,Semi-Furnished,Ready to Move,Whitefield,6.3,18.7,1.0,3,13200000
1290,3,3,1.0,2.0,9,15,15,Apartment,Unfurnished,Ready to Move,Koramangala,8.2,8.7,3.0,0,18380000
1644,4,4,2.0,1.0,11,17,20,Apartment,Unfurnished,Ready to Move,Koramangala,8.6,4.3,4.0,2,18070000
1793,4,4,0.0,1.0,6,6,7,Apartment,Semi-Furnished,Ready to Move,Banashankari,2.1,5.1,2.0,2,14170000
908,2,2,2.0,0.0,10,1,7,Independent House,Semi-Furnished,Ready to Move,Sarjapur Road,2.9,20.3,2.0,3,6580000
1601,3,3,1.0,1.0,8,4,10,Villa,Unfurnished,Under Construction,Banashankari,2.8,9.2,4.0,3,15310000
505,1,1,1.0,1.0,4,10,20,Villa,Semi-Furnished,Ready to Move,Indiranagar,7.3,1.0,2.0,0,9380000
1670,4,4,2.0,1.0,3,16,25,Independent House,Furnished,Under Construction,HSR Layout,7.1,14.0,3.0,2,25340000
883,2,2,3.0,1.0,22,19,25,Apartment,Unfurnished,Under Construction,Hebbal,6.1,12.3,5.0,2,4910000
803,2,3,2.0,2.0,28,2,5,Apartment,Unfurnished,Ready to Move,Electronic City,4.5,25.0,3.0,4,3440000
772,2,3,2.0,1.0,8,4,10,Independent House,Unfurnished,Ready to Move,HSR Layout,6.7,11.2,2.0,2,8320000
948,3,3,2.0,1.0,1,7,7,Apartment,Unfurnished,Ready to Move,HSR Layout,7.1,9.0,1.0,1,8920000
963,2,2,1.0,2.0,4,5,7,Apartment,Semi-Furnished,Under Construction,Koramangala,5.6,5.3,2.0,3,11770000
841,2,3,2.0,2.0,5,2,3,Apartment,Furnished,Under Construction,HSR Layout,4.4,9.7,5.0,4,11430000
1670,3,4,1.0,0.0,11,1,5,Independent House,Semi-Furnished,Under Construction,Electronic City,3.0,22.9,1.0,1,8790000
1421,4,5,1.0,2.0,8,2,7,Apartment,Semi-Furnished,Under Construction,Marathahalli,4.9,15.8,3.0,3,9200000
847,2,2,1.0,0.0,5,6,7,Independent House,Semi-Furnished,Ready to Move,Whitefield,3.7,20.4,8.0,2,7140000
1907,3,3,1.0,1.0,9,4,7,Apartment,Unfurnished,Ready to Move,HSR Layout,4.3,11.4,2.0,3,18220000
1624,4,4,1.0,0.0,0,4,5,Villa,Unfurnished,Ready to Move,Hebbal,4.0,10.9,6.0,2,16740000
523,1,2,1.0,1.0,11,7,15,Independent House,Furnished,Ready to Move,Koramangala,6.6,2.3,4.0,3,8910000
1513,4,4,1.0,1.0,1,6,7,Villa,Semi-Furnished,Ready to Move,Electronic City,0.7,24.3,3.0,4,12650000
693,2,2,2.0,1.0,8,15,15,Apartment,Unfurnished,Under Construction,Hebbal,8.3,16.4,6.0,2,4760000
1833,3,3,2.0,1.0,0,6,7,Apartment,Unfurnished,Ready to Move,Koramangala,9.8,2.4,2.0,1,24520000
1447,3,4,2.0,1.0,0,15,15,Independent House,Semi-Furnished,Ready to Move,Whitefield,1.4,20.9,6.0,3,12670000
1437,3,3,1.0,1.0,0,5,5,Apartment,Furnished,Under Construction,Indiranagar,5.8,1.0,3.0,1,22310000
1321,4,5,2.0,2.0,19,2,5,Apartment,Semi-Furnished,Ready to Move,Electronic City,2.1,27.4,1.0,5,7500000
1018,2,3,0.0,1.0,7,9,10,Apartment,Furnished,Ready to Move,Jayanagar,4.4,9.4,1.0,1,13330000
1169,2,3,2.0,1.0,3,2,20,Independent House,Semi-Furnished,Under Construction,Hebbal,8.6,10.2,5.0,2,10660000
1721,3,3,1.0,2.0,12,4,5,Apartment,Unfurnished,Ready to Move,Koramangala,6.8,2.9,1.0,2,20090000
2267,4,5,1.0,1.0,7,2,3,Villa,Furnished,Ready to Move,Marathahalli,4.5,17.6,3.0,1,22310000
735,2,2,1.0,1.0,7,6,20,Apartment,Unfurnished,Under Construction,Jayanagar,5.9,6.5,2.0,3,6290000
2125,4,4,2.0,1.0,5,1,5,Apartment,Unfurnished,Ready to Move,Koramangala,6.2,5.9,3.0,1,23450000
1076,2,3,2.0,0.0,0,2,7,Villa,Furnished,Under Construction,Marathahalli,5.6,11.0,4.0,2,10100000
609,2,2,2.0,1.0,2,6,20,Apartment,Unfurnished,Under Construction,HSR Layout,7.3,11.7,2.0,5,5190000
1086,3,3,1.0,2.0,0,14,15,Apartment,Semi-Furnished,Ready to Move,Indiranagar,8.6,4.6,3.0,4,17520000
647,1,1,1.0,1.0,8,3,7,Independent House,Furnished,Ready to Move,Whitefield,7.9,20.9,3.0,0,5280000
1645,3,3,3.0,1.0,2,17,25,Independent House,Semi-Furnished,Under Construction,Indiranagar,9.0,3.8,7.0,1,27560000
379,1,1,1.0,1.0,4,4,10,Apartment,Semi-Furnished,Under Construction,Electronic City,2.6,21.4,1.0,3,1780000
1101,2,2,3.0,1.0,3,3,3,Independent House,Semi-Furnished,Under Construction,Hebbal,7.9,12.3,4.0,1,11020000
1426,3,3,1.0,1.0,1,14,15,Villa,Furnished,Ready to Move,Whitefield,4.9,18.2,2.0,2,16290000
1618,3,4,3.0,2.0,25,8,10,Independent House,Semi-Furnished,Ready to Move,Electronic City,5.8,28.8,5.0,1,10670000
829,2,2,3.0,1.0,21,6,10,Apartment,Semi-Furnished,Ready to Move,Indiranagar,8.6,1.8,2.0,2,10970000
1072,2,2,2.0,1.0,0,23,25,Apartment,Furnished,Ready to Move,Sarjapur Road,0.0,19.5,3.0,1,7790000
1110,2,2,0.0,1.0,14,1,5,Independent House,Furnished,Under Construction,Marathahalli,1.7,14.9,0.0,4,9050000
1301,3,4,1.0,1.0,5,8,10,Independent House,Semi-Furnished,Ready to Move,Marathahalli,5.6,16.3,2.0,1,11260000
2809,5,6,3.0,2.0,11,3,10,Apartment,Unfurnished,Ready to Move,Sarjapur Road,2.8,10.5,4.0,1,17500000
1740,4,5,2.0,2.0,1,7,7,Apartment,Semi-Furnished,Ready to Move,Hebbal,5.4,6.9,3.0,3,16790000
1263,2,2,1.0,1.0,1,4,10,Apartment,Unfurnished,Ready to Move,Electronic City,5.0,20.4,3.0,3,5870000
536,1,1,1.0,1.0,17,1,10,Apartment,Semi-Furnished,Ready to Move,Jayanagar,6.9,8.8,4.0,2,5300000
1631,4,4,2.0,1.0,18,4,20,Apartment,Semi-Furnished,Ready to Move,Hebbal,3.7,11.2,1.0,1,13470000
1199,3,3,2.0,1.0,5,12,20,Apartment,Semi-Furnished,Ready to Move,Banashankari,4.7,7.1,1.0,5,9690000
1435,3,3,2.0,2.0,16,9,10,Independent House,Semi-Furnished,Under Construction,Yelahanka,3.2,16.0,3.0,1,6980000
1610,3,4,2.0,1.0,8,5,7,Apartment,Furnished,Ready to Move,Electronic City,2.7,19.5,2.0,1,9340000
696,2,2,3.0,1.0,1,3,10,Villa,Unfurnished,Under Construction,Koramangala,5.9,5.4,4.0,1,9710000
1917,3,4,0.0,1.0,3,2,7,Apartment,Unfurnished,Ready to Move,Indiranagar,8.1,5.6,3.0,0,29190000
2972,5,5,0.0,1.0,1,6,7,Apartment,Furnished,Ready to Move,Sarjapur Road,3.5,19.5,2.0,3,24990000
1530,3,4,0.0,1.0,11,4,10,Apartment,Semi-Furnished,Ready to Move,Jayanagar,4.5,10.5,1.0,2,15190000
931,2,2,3.0,1.0,33,6,10,Apartment,Semi-Furnished,Under Construction,Indiranagar,7.3,4.3,1.0,1,9390000
953,2,3,1.0,1.0,6,3,10,Independent House,Furnished,Under Construction,Hebbal,3.9,12.3,3.0,1,10860000
921,2,2,0.0,0.0,8,3,25,Independent House,Semi-Furnished,Ready to Move,Electronic City,0.5,19.0,5.0,2,6350000
1684,3,4,1.0,1.0,10,1,7,Apartment,Semi-Furnished,Ready to Move,Hebbal,5.2,8.2,2.0,1,12780000
948,2,2,1.0,1.0,2,1,7,Apartment,Unfurnished,Ready to Move,Electronic City,3.7,22.0,5.0,3,4280000
634,1,1,2.0,1.0,3,7,10,Apartment,Semi-Furnished,Under Construction,Electronic City,2.5,22.3,3.0,2,2810000
1826,4,4,2.0,1.0,4,9,10,Independent House,Semi-Furnished,Under Construction,Indiranagar,6.6,7.1,2.0,4,29430000
987,2,2,2.0,1.0,7,3,3,Independent House,Semi-Furnished,Ready to Move,Sarjapur Road,4.3,19.7,1.0,5,6770000
461,1,2,0.0,0.0,15,1,7,Apartment,Furnished,Ready to Move,Koramangala,8.8,4.8,2.0,1,5350000
1181,2,3,3.0,1.0,2,2,7,Villa,Semi-Furnished,Ready to Move,Koramangala,8.1,9.1,3.0,2,22550000
791,2,3,1.0,1.0,5,3,15,Independent House,Furnished,Under Construction,Banashankari,4.7,7.1,6.0,3,6800000
888,2,3,2.0,2.0,11,17,20,Apartment,Furnished,Ready to Move,Koramangala,8.9,3.4,4.0,1,14130000
1874,4,4,0.0,0.0,0,7,7,Apartment,Semi-Furnished,Ready to Move,Jayanagar,6.5,6.8,5.0,1,23470000
1858,4,5,0.0,1.0,5,4,5,Independent House,Semi-Furnished,Ready to Move,Marathahalli,2.6,10.4,4.0,5,15060000
1602,3,3,0.0,1.0,1,3,5,Villa,Semi-Furnished,Ready to Move,Indiranagar,8.6,7.1,4.0,1,30360000
889,2,3,2.0,2.0,6,5,5,Apartment,Unfurnished,Under Construction,Marathahalli,3.4,14.2,1.0,4,4640000
1790,3,3,2.0,2.0,11,5,5,Apartment,Unfurnished,Ready to Move,HSR Layout,6.2,10.3,2.0,2,16490000
794,2,3,0.0,2.0,2,3,5,Apartment,Unfurnished,Ready to Move,Jayanagar,8.0,7.6,3.0,0,7850000
568,1,1,1.0,1.0,15,3,10,Apartment,Furnished,Under Construction,Electronic City,1.5,23.1,7.0,3,2400000
1689,4,4,2.0,1.0,3,5,7,Villa,Semi-Furnished,Ready to Move,Marathahalli,4.3,15.2,4.0,2,16830000
1029,2,2,0.0,2.0,1,4,10,Apartment,Semi-Furnished,Ready to Move,Koramangala,6.1,2.8,3.0,2,12530000
946,2,2,1.0,2.0,5,4,7,Villa,Semi-Furnished,Under Construction,Marathahalli,2.6,18.7,0.0,0,8020000
1356,3,3,1.0,2.0,16,12,15,Independent House,Semi-Furnished,Ready to Move,Koramangala,10.0,1.0,1.0,5,23720000
1732,3,3,2.0,1.0,0,6,25,Apartment,Semi-Furnished,Ready to Move,HSR Layout,7.0,7.9,4.0,0,23460000
478,1,2,1.0,1.0,3,6,7,Apartment,Semi-Furnished,Ready to Move,HSR Layout,6.6,8.3,2.0,3,4650000
1061,2,2,3.0,1.0,8,3,3,Apartment,Furnished,Under Construction,Koramangala,5.5,1.8,0.0,2,14260000
803,2,3,1.0,1.0,3,2,5,Villa,Furnished,Ready to Move,Hebbal,4.6,6.8,7.0,4,9960000
1431,3,3,1.0,2.0,0,4,5,Apartment,Semi-Furnished,Under Construction,HSR Layout,3.2,14.9,4.0,2,13770000
722,2,2,0.0,2.0,3,5,7,Villa,Furnished,Ready to Move,Yelahanka,3.1,17.9,2.0,1,5270000
824,2,2,2.0,1.0,13,2,10,Independent House,Unfurnished,Ready to Move,Banashankari,2.8,6.1,1.0,4,6810000
1376,3,3,1.0,1.0,27,9,10,Apartment,Unfurnished,Under Construction,Marathahalli,4.8,16.1,0.0,3,6800000
2725,4,4,2.0,2.0,0,2,5,Independent House,Semi-Furnished,Ready to Move,Koramangala,8.2,3.5,3.0,1,49210000
969,2,2,1.0,1.0,6,5,15,Independent House,Furnished,Ready to Move,Electronic City,1.5,21.1,1.0,2,7200000
1264,2,2,1.0,1.0,0,5,5,Apartment,Semi-Furnished,Ready to Move,Hebbal,5.6,9.1,2.0,5,11950000
1461,3,4,2.0,1.0,9,3,5,Apartment,Semi-Furnished,Ready to Move,Electronic City,6.5,22.1,6.0,1,7470000
1291,3,3,2.0,0.0,0,4,10,Independent House,Unfurnished,Ready to Move,Whitefield,4.0,18.1,1.0,1,10170000
1242,2,2,1.0,1.0,0,5,5,Independent House,Furnished,Ready to Move,Jayanagar,8.0,3.1,5.0,4,21420000
1033,2,3,2.0,1.0,12,10,10,Apartment,Furnished,Ready to Move,Hebbal,1.8,14.9,2.0,2,7330000
479,1,2,2.0,0.0,0,2,25,Apartment,Semi-Furnished,Ready to Move,Hebbal,5.7,9.5,3.0,2,3690000
601,1,1,0.0,1.0,2,2,15,Apartment,Furnished,Ready to Move,Koramangala,7.1,8.2,3.0,1,9070000
1318,3,4,1.0,1.0,25,5,5,Independent House,Unfurnished,Under Construction,Marathahalli,3.6,11.9,4.0,0,6780000
572,2,3,1.0,1.0,33,4,10,Apartment,Semi-Furnished,Ready to Move,HSR Layout,7.2,5.5,0.0,2,4490000
2374,4,4,1.0,0.0,1,6,7,Apartment,Unfurnished,Ready to Move,HSR Layout,6.0,11.6,1.0,1,26600000
1706,3,3,2.0,2.0,6,20,25,Independent House,Semi-Furnished,Ready to Move,Yelahanka,0.6,14.7,2.0,2,10330000
1914,3,4,1.0,1.0,6,19,25,Apartment,Unfurnished,Ready to Move,HSR Layout,8.6,5.3,1.0,2,16140000
1030,2,2,0.0,1.0,4,1,5,Villa,Semi-Furnished,Ready to Move,HSR Layout,4.2,10.8,2.0,2,13970000
1330,3,3,1.0,1.0,20,8,20,Apartment,Furnished,Ready to Move,Whitefield,3.1,16.1,2.0,2,8710000
641,1,1,3.0,1.0,11,4,5,Independent House,Semi-Furnished,Ready to Move,Yelahanka,3.2,10.0,0.0,4,3380000
2339,4,5,2.0,1.0,11,7,7,Apartment,Semi-Furnished,Ready to Move,Hebbal,5.2,14.0,2.0,0,19510000
3717,5,6,0.0,1.0,2,6,7,Villa,Semi-Furnished,Under Construction,Marathahalli,4.6,18.5,0.0,5,35010000
941,2,3,1.0,2.0,4,6,7,Villa,Semi-Furnished,Ready to Move,Sarjapur Road,3.9,16.8,3.0,1,6330000
918,2,3,1.0,2.0,5,18,20,Apartment,Furnished,Under Construction,Koramangala,9.7,7.6,4.0,2,13280000
814,2,2,2.0,1.0,2,3,7,Apartment,Semi-Furnished,Ready to Move,Indiranagar,9.4,7.4,3.0,2,12530000
1550,3,3,1.0,0.0,0,14,15,Apartment,Furnished,Ready to Move,Electronic City,1.6,24.0,4.0,4,9030000
966,3,4,3.0,1.0,1,4,25,Apartment,Semi-Furnished,Ready to Move,Whitefield,0.4,19.5,2.0,3,7470000
2310,4,5,1.0,0.0,1,4,15,Independent House,Unfurnished,Ready to Move,Indiranagar,8.9,3.2,5.0,3,43000000
1564,3,3,2.0,1.0,1,7,7,Independent House,Semi-Furnished,Ready to Move,Yelahanka,5.2,17.0,3.0,1,10170000
1061,2,2,2.0,1.0,2,8,15,Apartment,Semi-Furnished,Under Construction,Whitefield,2.5,21.9,7.0,1,6290000
1438,3,3,2.0,2.0,2,9,10,Villa,Semi-Furnished,Ready to Move,HSR Layout,4.8,6.2,2.0,1,18900000
1829,3,3,,2.0,4,1,15,Villa,Semi-Furnished,Ready to Move,HSR Layout,6.9,9.0,2.0,0,26670000
1644,3,3,2.0,1.0,5,1,5,Independent House,Semi-Furnished,Ready to Move,HSR Layout,7.1,9.4,5.0,2,22350000
1230,3,3,1.0,1.0,2,7,10,Apartment,Furnished,Ready to Move,Yelahanka,4.7,15.2,3.0,1,8630000
1235,3,4,1.0,1.0,19,4,15,Apartment,Furnished,Ready to Move,Indiranagar,10.0,3.0,3.0,1,20480000
1153,3,3,2.0,0.0,6,10,15,Apartment,Semi-Furnished,Ready to Move,Indiranagar,9.0,1.0,2.0,4,14930000
1554,3,4,3.0,2.0,12,24,25,Apartment,Semi-Furnished,Ready to Move,Sarjapur Road,2.3,17.1,1.0,2,9600000
1119,3,3,2.0,1.0,20,1,3,Apartment,Semi-Furnished,Under Construction,Koramangala,6.7,3.2,1.0,1,12370000
1703,3,3,1.0,0.0,1,1,7,Apartment,Semi-Furnished,Ready to Move,Indiranagar,7.9,3.6,4.0,3,22570000
1770,3,3,2.0,2.0,4,2,10,Apartment,Furnished,Under Construction,Indiranagar,10.0,6.9,6.0,2,28200000
1153,3,4,0.0,1.0,4,2,7,Villa,Unfurnished,Ready to Move,Marathahalli,3.2,9.9,2.0,5,10210000
1348,3,3,0.0,0.0,3,6,7,Apartment,Semi-Furnished,Ready to Move,Banashankari,6.1,8.8,2.0,1,11380000
953,2,3,2.0,1.0,0,3,5,Apartment,Unfurnished,Ready to Move,Sarjapur Road,1.4,12.6,6.0,2,4860000
1117,2,3,1.0,1.0,13,2,15,Apartment,Semi-Furnished,Ready to Move,Electronic City,3.8,21.8,4.0,1,5900000
727,1,1,3.0,1.0,0,13,20,Apartment,Unfurnished,Ready to Move,Hebbal,3.9,5.2,7.0,0,5360000
928,3,3,1.0,1.0,43,3,3,Apartment,Furnished,Ready to Move,Koramangala,8.8,1.3,2.0,4,11970000
1310,3,4,1.0,0.0,11,2,5,Apartment,Semi-Furnished,Ready to Move,Whitefield,3.9,19.9,0.0,0,7920000
2651,5,5,2.0,1.0,6,4,5,Apartment,Furnished,Ready to Move,HSR Layout,7.5,5.7,5.0,5,36740000
683,2,2,2.0,1.0,1,10,10,Apartment,Furnished,Under Construction,Electronic City,2.7,17.7,3.0,6,3370000
857,2,2,1.0,2.0,5,1,15,Apartment,Furnished,Ready to Move,Jayanagar,6.6,8.9,3.0,2,10450000
1031,2,2,1.0,0.0,2,2,3,Apartment,Semi-Furnished,Ready to Move,Marathahalli,5.2,9.2,2.0,0,7430000
519,1,2,2.0,1.0,2,5,10,Independent House,Unfurnished,Under Construction,Yelahanka,2.8,15.6,2.0,0,2480000
967,3,3,1.0,2.0,14,5,5,Apartment,Furnished,Ready to Move,Jayanagar,6.8,10.4,4.0,3,15010000
1496,2,2,1.0,2.0,3,9,25,Apartment,Furnished,Ready to Move,Jayanagar,7.8,6.4,6.0,2,19360000
1474,3,3,2.0,2.0,4,4,20,Apartment,Unfurnished,Ready to Move,Whitefield,4.2,20.1,3.0,3,11720000
1431,3,4,0.0,0.0,14,20,20,Apartment,Semi-Furnished,Ready to Move,Whitefield,2.0,17.9,4.0,3,10630000
1092,3,4,3.0,1.0,0,3,5,Apartment,Unfurnished,Ready to Move,Jayanagar,5.8,3.9,8.0,0,11860000
2104,4,5,2.0,1.0,7,2,10,Apartment,Semi-Furnished,Ready to Move,Indiranagar,5.8,4.5,3.0,0,33340000
918,2,3,3.0,2.0,6,2,5,Villa,Unfurnished,Ready to Move,Hebbal,4.6,6.0,4.0,1,8880000
591,2,2,1.0,0.0,4,6,10,Apartment,Semi-Furnished,Ready to Move,Koramangala,8.7,7.0,0.0,2,8590000
1571,4,4,3.0,0.0,14,4,5,Apartment,Semi-Furnished,Ready to Move,Whitefield,4.5,20.6,5.0,1,10050000
2317,4,4,0.0,1.0,22,10,15,Independent House,Semi-Furnished,Ready to Move,Indiranagar,10.0,1.0,3.0,0,36570000
1319,2,3,0.0,0.0,5,9,10,Independent House,Furnished,Ready to Move,HSR Layout,8.3,13.1,3.0,2,19140000
590,1,2,0.0,1.0,4,5,10,Apartment,Furnished,Ready to Move,Whitefield,4.7,22.0,1.0,1,4760000
671,1,2,1.0,2.0,5,14,15,Apartment,Semi-Furnished,Ready to Move,Sarjapur Road,0.1,19.3,4.0,4,3950000
920,2,3,0.0,1.0,10,3,10,Apartment,Furnished,Ready to Move,Whitefield,5.3,26.7,4.0,2,6640000
2751,5,5,1.0,1.0,8,1,7,Apartment,Furnished,Under Construction,Marathahalli,2.8,14.3,6.0,1,18170000
1705,3,3,1.0,2.0,2,1,10,Apartment,Semi-Furnished,Ready to Move,HSR Layout,7.7,14.6,2.0,1,19460000
1265,2,2,1.0,0.0,0,24,25,Apartment,Unfurnished,Ready to Move,Koramangala,8.5,4.1,2.0,2,13640000
2520,4,4,2.0,1.0,23,1,10,Villa,Semi-Furnished,Ready to Move,Electronic City,4.3,23.4,1.0,2,18410000
1101,3,3,1.0,1.0,2,10,10,Apartment,Furnished,Ready to Move,Hebbal,5.8,10.3,2.0,3,12540000
937,2,2,2.0,0.0,8,5,20,Apartment,Semi-Furnished,Under Construction,Electronic City,6.9,16.3,0.0,1,4550000
2111,4,4,2.0,0.0,14,7,10,Apartment,Semi-Furnished,Under Construction,Sarjapur Road,4.4,12.5,3.0,3,11300000
1896,4,5,3.0,1.0,2,24,25,Independent House,Furnished,Under Construction,Koramangala,6.1,3.7,2.0,5,33350000
2155,4,4,1.0,2.0,8,3,5,Apartment,Unfurnished,Ready to Move,Sarjapur Road,5.3,17.3,0.0,0,11400000
1629,3,3,3.0,2.0,0,1,10,Villa,Unfurnished,Ready to Move,HSR Layout,5.7,6.5,4.0,2,24670000
1680,3,3,2.0,1.0,28,1,5,Apartment,Furnished,Ready to Move,Marathahalli,6.0,13.2,2.0,0,11080000
1270,2,2,3.0,0.0,0,7,10,Apartment,Unfurnished,Under Construction,Jayanagar,9.0,7.4,2.0,1,13360000
1307,3,4,0.0,0.0,4,1,5,Apartment,Semi-Furnished,Ready to Move,Yelahanka,3.9,19.9,3.0,2,6570000
2036,5,5,2.0,1.0,6,4,5,Apartment,Furnished,Under Construction,Electronic City,1.4,19.9,1.0,3,12610000
1018,2,3,2.0,1.0,12,2,5,Apartment,Semi-Furnished,Ready to Move,Whitefield,3.6,21.2,1.0,0,6370000
1927,3,3,0.0,0.0,1,2,7,Apartment,Semi-Furnished,Under Construction,Whitefield,6.3,25.2,6.0,4,13450000
1266,3,3,2.0,1.0,4,5,5,Apartment,Semi-Furnished,Ready to Move,Hebbal,8.0,14.3,2.0,2,12350000
625,1,1,2.0,1.0,2,10,15,Villa,Semi-Furnished,Ready to Move,Jayanagar,6.8,3.7,0.0,2,10080000
1594,3,3,2.0,1.0,2,2,5,Apartment,Semi-Furnished,Ready to Move,Sarjapur Road,3.3,18.3,6.0,2,11070000
986,2,2,0.0,2.0,12,3,7,Apartment,Semi-Furnished,Under Construction,HSR Layout,4.6,10.6,2.0,1,8510000
1401,3,4,2.0,2.0,0,3,3,Apartment,Semi-Furnished,Under Construction,Electronic City,1.6,23.9,4.0,2,6810000
448,1,1,0.0,1.0,11,2,5,Villa,Furnished,Under Construction,Whitefield,4.7,20.1,1.0,2,4200000
1087,4,4,2.0,0.0,13,11,20,Independent House,Semi-Furnished,Ready to Move,Banashankari,5.7,9.5,3.0,1,9630000
738,2,2,0.0,2.0,18,6,15,Apartment,Unfurnished,Ready to Move,Marathahalli,1.8,17.1,5.0,4,3820000
875,2,2,0.0,1.0,7,5,15,Apartment,Unfurnished,Under Construction,Yelahanka,4.2,12.8,2.0,2,3280000
1158,2,3,1.0,1.0,3,2,7,Apartment,Semi-Furnished,Ready to Move,HSR Layout,8.4,6.0,4.0,1,14750000
1958,4,5,2.0,1.0,4,3,5,Independent House,Furnished,Ready to Move,Marathahalli,4.9,15.8,1.0,2,20320000
1254,3,3,3.0,1.0,27,4,5,Independent House,Semi-Furnished,Under Construction,Marathahalli,6.5,13.5,2.0,1,7980000
1150,3,3,0.0,1.0,17,8,10,Apartment,Unfurnished,Ready to Move,Electronic City,3.9,24.6,5.0,1,6130000
1583,3,3,0.0,1.0,4,11,15,Apartment,Unfurnished,Ready to Move,Hebbal,5.5,15.3,4.0,3,13150000
1780,3,4,1.0,1.0,22,19,20,Apartment,Semi-Furnished,Ready to Move,Yelahanka,3.5,10.4,1.0,0,7780000
1152,2,2,2.0,1.0,13,7,7,Apartment,Unfurnished,Ready to Move,Yelahanka,5.0,13.5,1.0,1,4460000
1569,3,4,1.0,1.0,18,4,7,Villa,Unfurnished,Ready to Move,Sarjapur Road,4.5,17.6,1.0,1,10270000
669,2,2,1.0,0.0,9,5,5,Apartment,Semi-Furnished,Ready to Move,HSR Layout,5.5,6.9,2.0,6,7020000
2603,5,6,2.0,0.0,15,12,15,Apartment,Furnished,Ready to Move,HSR Layout,7.0,8.6,5.0,2,35020000
1945,3,3,1.0,1.0,17,5,7,Villa,Furnished,Under Construction,Banashankari,5.3,4.2,3.0,4,18640000
1163,2,2,1.0,1.0,0,6,10,Independent House,Furnished,Under Construction,Whitefield,4.0,18.7,3.0,2,9720000
657,2,3,1.0,1.0,26,12,20,Apartment,Semi-Furnished,Under Construction,Sarjapur Road,5.2,15.1,0.0,3,2870000
1384,3,4,2.0,1.0,3,5,15,Villa,Semi-Furnished,Ready to Move,Sarjapur Road,3.8,19.0,2.0,2,11420000
1018,2,3,3.0,0.0,4,1,3,Apartment,Semi-Furnished,Ready to Move,Marathahalli,5.1,16.7,1.0,4,7250000
805,2,3,2.0,1.0,12,1,3,Independent House,Unfurnished,Ready to Move,Banashankari,5.4,9.2,1.0,1,6850000
511,2,3,1.0,2.0,8,15,15,Independent House,Semi-Furnished,Ready to Move,Electronic City,2.2,29.8,1.0,3,3380000
1427,3,3,1.0,0.0,17,9,10,Apartment,Unfurnished,Ready to Move,Electronic City,1.9,24.8,3.0,2,6230000
1179,3,4,0.0,1.0,4,11,15,Villa,Unfurnished,Ready to Move,Whitefield,3.3,22.7,3.0,1,10730000
801,2,3,2.0,2.0,3,4,5,Independent House,Unfurnished,Ready to Move,Indiranagar,8.5,4.8,1.0,7,14400000
510,1,1,2.0,0.0,0,17,20,Apartment,Furnished,Ready to Move,HSR Layout,8.7,9.1,6.0,2,6360000
1362,3,4,3.0,2.0,4,3,15,Apartment,Furnished,Ready to Move,Electronic City,3.3,25.8,4.0,1,9440000
1397,3,3,1.0,1.0,10,19,20,Independent House,Semi-Furnished,Under Construction,Hebbal,5.6,11.2,2.0,1,12570000
782,2,2,2.0,1.0,2,3,7,Apartment,Unfurnished,Ready to Move,Yelahanka,4.3,16.1,2.0,1,3590000
908,2,3,2.0,0.0,4,1,7,Apartment,Unfurnished,Under Construction,Koramangala,7.5,3.5,7.0,0,9820000
1297,4,4,1.0,1.0,1,2,5,Independent House,Semi-Furnished,Ready to Move,Electronic City,2.7,23.6,4.0,2,8400000
2974,5,5,2.0,1.0,11,15,20,Villa,Semi-Furnished,Ready to Move,Yelahanka,4.6,18.7,0.0,2,20620000
1200,5,5,3.0,1.0,0,3,5,Apartment,Furnished,Under Construction,Whitefield,5.2,23.2,3.0,4,11560000
1884,4,4,3.0,2.0,9,2,5,Apartment,Unfurnished,Ready to Move,Whitefield,3.5,19.1,1.0,4,13080000
1124,2,2,2.0,1.0,3,2,5,Apartment,Semi-Furnished,Ready to Move,Koramangala,7.4,4.5,5.0,2,16560000
748,2,3,0.0,1.0,0,10,15,Apartment,Furnished,Ready to Move,Marathahalli,4.1,15.0,2.0,1,5760000
1086,2,3,2.0,0.0,15,19,20,Apartment,Unfurnished,Ready to Move,Koramangala,8.5,8.4,4.0,3,12730000
1169,2,3,2.0,0.0,5,13,15,Villa,Semi-Furnished,Ready to Move,Banashankari,6.5,2.6,4.0,1,11020000
947,5,5,1.0,2.0,7,2,10,Apartment,Unfurnished,Ready to Move,Indiranagar,9.5,5.0,5.0,3,14980000
1357,3,4,1.0,0.0,10,9,25,Apartment,Unfurnished,Ready to Move,Jayanagar,5.2,4.1,1.0,5,11770000
594,3,4,0.0,1.0,8,1,3,Apartment,Furnished,Ready to Move,HSR Layout,5.2,8.4,,2,8190000
927,2,2,0.0,1.0,10,10,20,Independent House,Semi-Furnished,Ready to Move,Indiranagar,9.1,2.4,2.0,1,16670000
1997,4,5,2.0,2.0,11,2,7,Apartment,Semi-Furnished,Under Construction,Marathahalli,4.2,15.6,5.0,5,13210000
1006,4,5,1.0,1.0,7,2,10,Apartment,Semi-Furnished,Ready to Move,Sarjapur Road,2.4,10.6,3.0,1,6180000
1315,2,2,0.0,2.0,3,1,5,Apartment,Furnished,Ready to Move,Sarjapur Road,5.2,17.6,3.0,5,9660000
2114,4,4,1.0,1.0,2,1,3,Apartment,Unfurnished,Ready to Move,Marathahalli,0.6,8.5,3.0,2,13520000
788,2,3,1.0,2.0,18,4,7,Apartment,Unfurnished,Under Construction,Yelahanka,3.5,13.9,1.0,0,2210000
711,1,1,1.0,0.0,28,1,5,Apartment,Furnished,Under Construction,Hebbal,2.7,11.4,1.0,2,4050000
897,3,4,0.0,1.0,3,9,10,Apartment,Furnished,Ready to Move,Sarjapur Road,5.0,16.8,5.0,1,6710000
1055,3,3,1.0,0.0,0,3,5,Apartment,Furnished,Ready to Move,Whitefield,3.9,22.0,1.0,1,9420000
300,1,1,2.0,1.0,2,4,5,Apartment,Semi-Furnished,Under Construction,Whitefield,5.5,23.7,1.0,3,1840000
1292,2,3,0.0,1.0,8,14,20,Apartment,Unfurnished,Ready to Move,HSR Layout,5.7,15.9,2.0,4,12800000
2986,5,5,2.0,0.0,1,15,20,Apartment,Furnished,Under Construction,Marathahalli,6.0,14.0,5.0,2,22710000
1584,3,4,0.0,0.0,12,2,25,Apartment,Semi-Furnished,Under Construction,Electronic City,0.5,25.5,3.0,2,7530000
1484,3,3,1.0,1.0,20,9,10,Apartment,Unfurnished,Ready to Move,Electronic City,4.7,26.4,4.0,0,7170000
1059,2,2,1.0,1.0,26,11,15,Apartment,Semi-Furnished,Under Construction,Yelahanka,2.1,14.6,3.0,0,3840000
558,1,1,,1.0,0,4,15,Villa,Unfurnished,Ready to Move,Yelahanka,3.6,19.7,1.0,1,2970000
1001,2,2,1.0,0.0,25,3,10,Apartment,Unfurnished,Under Construction,Yelahanka,3.6,9.5,6.0,0,3330000
970,2,2,1.0,1.0,10,5,7,Apartment,Unfurnished,Ready to Move,Electronic City,1.2,22.9,0.0,2,4940000
834,2,3,1.0,1.0,0,3,5,Apartment,Unfurnished,Ready to Move,Sarjapur Road,5.2,22.8,6.0,2,5250000
941,2,3,2.0,1.0,4,5,5,Independent House,Unfurnished,Under Construction,HSR Layout,6.9,10.3,2.0,2,9360000
1476,3,4,0.0,1.0,9,7,15,Independent House,Unfurnished,Ready to Move,Koramangala,8.2,3.4,3.0,4,22250000
971,2,2,2.0,1.0,25,2,10,Apartment,Unfurnished,Under Construction,Koramangala,8.6,3.4,2.0,2,8800000
1408,4,5,2.0,2.0,1,5,10,Apartment,Unfurnished,Under Construction,Electronic City,3.5,26.4,2.0,1,6000000
694,2,3,2.0,1.0,1,2,3,Apartment,Unfurnished,Ready to Move,Indiranagar,9.9,1.0,3.0,2,10500000
1703,3,3,1.0,1.0,5,7,7,Apartment,Unfurnished,Ready to Move,Hebbal,4.3,10.8,3.0,1,13370000
516,1,1,2.0,1.0,27,7,15,Apartment,Semi-Furnished,Ready to Move,Whitefield,5.6,22.5,0.0,2,2940000
1563,3,3,1.0,0.0,28,3,10,Villa,Semi-Furnished,Ready to Move,Sarjapur Road,4.5,19.0,0.0,0,9570000
429,1,1,0.0,2.0,2,3,7,Apartment,Semi-Furnished,Ready to Move,Jayanagar,6.4,9.6,1.0,2,4200000
1975,5,6,0.0,2.0,3,7,7,Independent House,Unfurnished,Ready to Move,HSR Layout,9.1,12.0,2.0,3,28930000
1163,3,3,3.0,1.0,19,4,10,Apartment,Furnished,Under Construction,Jayanagar,7.3,4.6,4.0,1,13150000
1337,3,4,1.0,2.0,10,18,25,Independent House,Semi-Furnished,Under Construction,HSR Layout,6.6,11.7,4.0,2,15080000
476,1,1,3.0,0.0,28,12,20,Independent House,Semi-Furnished,Ready to Move,Marathahalli,4.9,10.0,3.0,2,2850000
1762,3,3,1.0,1.0,17,1,3,Apartment,Semi-Furnished,Under Construction,Indiranagar,8.5,1.0,4.0,4,19600000
1450,3,3,3.0,2.0,1,3,10,Apartment,Unfurnished,Under Construction,Koramangala,9.8,2.2,1.0,0,17680000
1301,2,3,3.0,1.0,11,3,7,Apartment,Semi-Furnished,Ready to Move,Whitefield,4.3,20.2,2.0,1,9110000
1513,3,3,3.0,0.0,0,3,10,Apartment,Semi-Furnished,Ready to Move,Jayanagar,7.9,3.6,3.0,4,20170000
1034,4,5,1.0,1.0,13,5,10,Apartment,Semi-Furnished,Ready to Move,Yelahanka,1.4,16.5,1.0,3,5190000
1695,3,3,2.0,0.0,7,5,5,Apartment,Semi-Furnished,Ready to Move,Electronic City,0.6,22.2,5.0,2,8340000
1396,4,5,3.0,2.0,25,7,15,Apartment,Furnished,Ready to Move,Sarjapur Road,4.3,12.4,1.0,2,10590000
2092,4,5,1.0,0.0,25,4,10,Independent House,Semi-Furnished,Ready to Move,Marathahalli,3.4,12.4,4.0,5,14960000
1690,4,5,1.0,1.0,0,17,25,Apartment,Unfurnished,Under Construction,Yelahanka,2.7,18.8,2.0,2,7870000
1357,2,2,2.0,1.0,1,3,3,Independent House,Semi-Furnished,Ready to Move,Hebbal,1.5,13.5,2.0,3,13110000
1803,3,3,1.0,1.0,5,3,5,Apartment,Unfurnished,Under Construction,Jayanagar,9.2,3.9,2.0,0,15510000
1192,3,3,2.0,2.0,16,1,10,Independent House,Unfurnished,Ready to Move,Marathahalli,4.2,15.9,0.0,1,8220000
1364,3,4,0.0,1.0,13,8,10,Apartment,Semi-Furnished,Ready to Move,Yelahanka,5.0,21.3,2.0,1,6590000
2936,5,5,1.0,1.0,26,4,10,Apartment,Unfurnished,Ready to Move,Electronic City,1.2,20.7,1.0,2,14340000
644,1,1,0.0,1.0,7,5,25,Independent House,Furnished,Under Construction,Electronic City,3.5,24.2,3.0,2,3730000
955,2,2,1.0,1.0,2,3,7,Apartment,Semi-Furnished,Ready to Move,Whitefield,4.9,21.8,1.0,2,6540000
755,2,2,1.0,2.0,0,4,7,Villa,Semi-Furnished,Ready to Move,Hebbal,5.2,10.6,3.0,1,9070000
813,2,3,2.0,1.0,2,17,20,Apartment,Unfurnished,Under Construction,Hebbal,5.4,8.6,2.0,1,5450000
949,2,3,1.0,1.0,8,4,10,Apartment,Unfurnished,Ready to Move,Whitefield,2.2,25.0,3.0,0,5670000
1745,3,3,2.0,1.0,20,2,7,Apartment,Furnished,Under Construction,Marathahalli,4.5,17.3,4.0,3,10360000
597,1,2,2.0,2.0,3,10,15,Villa,Semi-Furnished,Ready to Move,Indiranagar,7.4,4.2,1.0,4,12430000
1183,3,4,1.0,1.0,16,6,10,Apartment,Unfurnished,Under Construction,Whitefield,3.4,23.6,5.0,0,5780000
1581,3,3,1.0,1.0,4,2,7,Villa,Furnished,Ready to Move,Banashankari,4.7,9.7,3.0,4,19640000
876,2,3,1.0,1.0,2,7,7,Independent House,Semi-Furnished,Ready to Move,HSR Layout,5.8,13.6,2.0,1,10610000
1119,2,3,1.0,1.0,5,1,7,Apartment,Semi-Furnished,Ready to Move,Whitefield,3.9,14.6,5.0,1,7450000
2107,3,3,0.0,2.0,4,2,3,Apartment,Furnished,Ready to Move,Marathahalli,5.7,12.8,6.0,3,16660000
1299,3,4,1.0,1.0,19,20,20,Villa,Unfurnished,Under Construction,Sarjapur Road,3.4,22.7,2.0,0,8460000
2320,4,4,3.0,2.0,5,5,5,Apartment,Semi-Furnished,Ready to Move,Whitefield,3.7,28.0,2.0,2,18330000
1701,4,4,1.0,1.0,2,4,5,Apartment,Furnished,Under Construction,Marathahalli,3.8,12.8,4.0,1,13100000
2737,5,6,2.0,1.0,14,1,10,Apartment,Unfurnished,Ready to Move,Jayanagar,5.0,4.8,3.0,4,32130000
1408,3,4,3.0,2.0,50,13,15,Apartment,Furnished,Ready to Move,Whitefield,4.6,22.0,3.0,1,8230000
1922,4,5,2.0,1.0,8,11,15,Apartment,Semi-Furnished,Ready to Move,Koramangala,9.1,5.0,4.0,2,24660000
2985,4,4,2.0,1.0,2,7,7,Apartment,Furnished,Ready to Move,Jayanagar,7.1,7.6,4.0,1,47790000
1877,4,5,2.0,1.0,2,1,20,Independent House,Semi-Furnished,Ready to Move,HSR Layout,6.4,3.5,1.0,3,24590000
614,1,1,1.0,2.0,0,8,10,Apartment,Furnished,Under Construction,Yelahanka,3.9,15.3,7.0,1,2690000
1719,5,5,2.0,0.0,0,3,7,Apartment,Semi-Furnished,Ready to Move,Hebbal,4.2,14.4,1.0,3,17050000
1520,3,3,3.0,1.0,19,14,15,Independent House,Semi-Furnished,Ready to Move,Banashankari,4.7,1.0,1.0,1,12750000
1719,3,3,1.0,1.0,0,2,5,Villa,Furnished,Under Construction,HSR Layout,8.4,5.1,4.0,4,26960000
849,2,2,1.0,1.0,5,14,20,Independent House,Semi-Furnished,Ready to Move,Banashankari,4.2,2.7,2.0,4,7810000
473,2,3,1.0,1.0,9,10,10,Apartment,Unfurnished,Ready to Move,Indiranagar,9.6,7.0,3.0,1,6130000
942,2,3,1.0,1.0,15,14,20,Independent House,Unfurnished,Under Construction,Electronic City,4.3,19.2,1.0,5,4530000
953,2,3,1.0,2.0,1,3,5,Apartment,Semi-Furnished,Ready to Move,Whitefield,3.2,16.4,4.0,6,7740000
1087,2,3,2.0,1.0,4,11,20,Apartment,Semi-Furnished,Under Construction,Whitefield,5.4,20.2,3.0,1,6890000
2804,4,4,2.0,1.0,2,9,10,Apartment,Furnished,Ready to Move,Sarjapur Road,2.8,14.3,2.0,1,21590000
508,1,2,1.0,2.0,2,1,10,Apartment,Semi-Furnished,Ready to Move,Indiranagar,9.3,6.4,5.0,3,7040000
787,2,3,0.0,1.0,2,1,7,Independent House,Semi-Furnished,Under Construction,HSR Layout,5.4,17.2,2.0,1,9150000
728,2,2,2.0,1.0,7,14,25,Apartment,Furnished,Under Construction,Marathahalli,4.4,12.9,6.0,3,5260000
1455,3,4,1.0,1.0,0,2,7,Villa,Unfurnished,Ready to Move,HSR Layout,6.5,4.2,4.0,5,19910000
1041,2,2,0.0,2.0,4,10,10,Villa,Semi-Furnished,Ready to Move,Marathahalli,4.2,12.6,4.0,2,9830000
846,2,2,2.0,1.0,1,6,15,Apartment,Unfurnished,Ready to Move,Electronic City,3.7,23.5,3.0,5,4140000
1618,3,3,1.0,1.0,27,2,7,Apartment,Unfurnished,Under Construction,Hebbal,4.2,13.2,3.0,4,8820000
1530,3,4,0.0,0.0,6,4,7,Apartment,Semi-Furnished,Under Construction,Hebbal,3.3,14.5,2.0,3,12370000
958,2,3,1.0,2.0,16,6,15,Apartment,Unfurnished,Ready to Move,Indiranagar,8.8,3.2,2.0,1,11500000
778,2,2,2.0,1.0,1,2,5,Apartment,Unfurnished,Under Construction,Electronic City,5.0,21.2,1.0,1,3730000
858,2,2,2.0,2.0,13,4,15,Independent House,Semi-Furnished,Ready to Move,Electronic City,4.2,14.6,1.0,1,5120000
1439,5,6,1.0,1.0,4,7,10,Apartment,Semi-Furnished,Ready to Move,Hebbal,5.7,13.8,3.0,2,12050000
994,2,3,1.0,1.0,1,1,10,Apartment,Semi-Furnished,Ready to Move,Electronic City,2.6,18.1,4.0,2,5940000
1407,3,3,2.0,1.0,11,1,5,Independent House,Furnished,Ready to Move,HSR Layout,6.6,10.6,4.0,1,22720000
985,2,2,2.0,0.0,11,10,15,Apartment,Semi-Furnished,Under Construction,Whitefield,3.1,17.4,3.0,0,5520000
1541,3,4,2.0,1.0,43,10,15,Villa,Semi-Furnished,Ready to Move,Indiranagar,8.0,4.7,4.0,0,23750000
592,1,1,2.0,,12,7,10,Apartment,Semi-Furnished,Under Construction,Indiranagar,9.2,7.9,3.0,2,6340000
537,1,1,1.0,1.0,1,1,7,Apartment,Semi-Furnished,Under Construction,Hebbal,2.3,10.7,7.0,2,4080000
1413,3,3,2.0,1.0,3,3,5,Apartment,Unfurnished,Ready to Move,HSR Layout,8.9,7.8,5.0,1,14620000
683,2,3,2.0,1.0,4,1,15,Apartment,Semi-Furnished,Under Construction,Electronic City,1.3,22.0,3.0,2,3010000
839,2,3,2.0,1.0,1,7,10,Apartment,Unfurnished,Ready to Move,Hebbal,7.8,10.1,4.0,1,6230000
1414,3,3,3.0,2.0,12,3,5,Villa,Unfurnished,Under Construction,Hebbal,3.7,9.2,2.0,1,14020000
2387,5,5,1.0,2.0,5,9,15,Apartment,Semi-Furnished,Under Construction,Electronic City,2.1,27.6,4.0,2,13490000
1113,2,2,3.0,1.0,23,16,20,Independent House,Semi-Furnished,Ready to Move,Indiranagar,8.1,1.0,2.0,2,18240000
1215,3,3,2.0,1.0,7,1,3,Apartment,Semi-Furnished,Under Construction,Electronic City,2.7,24.0,4.0,2,5860000
2921,5,5,2.0,0.0,5,3,15,Apartment,Semi-Furnished,Ready to Move,Yelahanka,2.1,15.6,5.0,3,15660000
2046,4,4,0.0,0.0,0,10,20,Apartment,Semi-Furnished,Ready to Move,Whitefield,3.8,17.5,1.0,0,14900000
1608,3,3,2.0,1.0,1,2,25,Independent House,Furnished,Under Construction,Yelahanka,3.1,17.0,2.0,2,11440000
1652,3,3,2.0,1.0,15,3,5,Apartment,Unfurnished,Ready to Move,Sarjapur Road,2.3,18.1,3.0,2,8300000
1081,2,3,1.0,2.0,37,7,7,Apartment,Semi-Furnished,Under Construction,Jayanagar,7.9,10.0,2.0,1,8710000
810,3,4,2.0,1.0,4,24,25,Independent House,Unfurnished,Under Construction,Whitefield,6.5,16.6,3.0,4,5200000
1176,2,2,2.0,0.0,13,2,3,Apartment,Semi-Furnished,Ready to Move,Indiranagar,5.7,3.5,4.0,0,15420000
1240,2,2,1.0,2.0,7,9,10,Independent House,Semi-Furnished,Ready to Move,Electronic City,6.1,25.0,2.0,3,8500000
858,2,2,1.0,0.0,25,4,10,Apartment,Unfurnished,Ready to Move,Koramangala,9.2,3.4,,1,8500000
994,2,3,2.0,0.0,2,2,10,Villa,Semi-Furnished,Ready to Move,Marathahalli,4.4,15.6,5.0,1,8290000
1150,3,3,1.0,1.0,6,7,7,Independent House,Furnished,Ready to Move,Banashankari,3.8,11.6,4.0,1,10240000
854,3,3,0.0,2.0,4,18,20,Villa,Semi-Furnished,Under Construction,Jayanagar,6.9,7.7,4.0,3,12370000
1193,3,4,0.0,1.0,6,7,7,Apartment,Furnished,Ready to Move,Sarjapur Road,5.0,16.2,2.0,4,8940000
847,2,3,0.0,1.0,2,8,10,Apartment,Semi-Furnished,Ready to Move,Whitefield,8.2,18.9,2.0,1,6010000
882,2,2,1.0,2.0,5,9,10,Independent House,Furnished,Ready to Move,Electronic City,6.6,25.7,4.0,0,7070000
1131,3,3,1.0,1.0,7,6,7,Apartment,Unfurnished,Ready to Move,Whitefield,2.0,20.5,1.0,3,8280000
2389,5,6,2.0,2.0,0,4,5,Apartment,Semi-Furnished,Under Construction,Marathahalli,3.7,13.4,2.0,1,15660000
548,1,2,2.0,1.0,10,12,25,Villa,Semi-Furnished,Ready to Move,Yelahanka,3.1,17.2,5.0,0,2800000
803,2,2,2.0,2.0,9,1,10,Apartment,Furnished,Ready to Move,Marathahalli,6.0,10.1,2.0,3,5340000
2217,4,5,0.0,2.0,16,2,10,Apartment,Semi-Furnished,Under Construction,Whitefield,4.2,19.3,3.0,1,13890000
624,1,1,1.0,1.0,4,2,15,Apartment,Unfurnished,Ready to Move,Electronic City,2.2,21.8,1.0,1,2660000
2952,4,5,1.0,1.0,0,2,3,Apartment,Furnished,Ready to Move,Jayanagar,6.7,5.7,6.0,1,48440000
1715,3,3,2.0,2.0,4,7,15,Apartment,Unfurnished,Under Construction,Electronic City,2.8,20.8,1.0,4,7370000
996,2,3,2.0,1.0,1,3,5,Villa,Unfurnished,Ready to Move,Hebbal,6.5,11.1,1.0,1,10550000
832,2,3,2.0,1.0,8,9,15,Apartment,Semi-Furnished,Ready to Move,Hebbal,8.6,11.7,3.0,2,6540000
1005,2,2,0.0,2.0,0,3,5,Independent House,Semi-Furnished,Under Construction,Marathahalli,5.4,18.4,2.0,3,7210000
1012,2,3,2.0,1.0,3,8,15,Independent House,Furnished,Ready to Move,Electronic City,4.8,15.4,3.0,3,7120000
1794,4,4,1.0,0.0,0,5,10,Villa,Semi-Furnished,Ready to Move,HSR Layout,8.2,12.1,2.0,4,29820000
1619,3,3,2.0,1.0,0,5,7,Apartment,Semi-Furnished,Under Construction,Whitefield,5.0,19.7,2.0,2,11870000
1008,3,3,1.0,1.0,25,2,7,Villa,Unfurnished,Under Construction,Electronic City,2.7,21.8,2.0,2,5230000
1331,3,4,1.0,0.0,44,5,5,Apartment,Semi-Furnished,Ready to Move,Electronic City,2.9,20.8,4.0,2,5020000
1055,2,2,0.0,1.0,6,7,20,Apartment,Semi-Furnished,Ready to Move,Marathahalli,5.6,15.5,8.0,1,6000000
1319,3,4,2.0,2.0,2,3,5,Villa,Unfurnished,Ready to Move,Marathahalli,4.4,16.9,0.0,1,10870000
1342,3,4,1.0,0.0,19,7,10,Apartment,Furnished,Under Construction,Whitefield,2.9,14.3,4.0,3,10000000
1361,3,3,0.0,0.0,20,4,5,Independent House,Unfurnished,Ready to Move,Electronic City,5.3,28.3,6.0,2,7050000
791,2,2,0.0,2.0,15,15,25,Apartment,Semi-Furnished,Ready to Move,Koramangala,6.8,4.4,0.0,3,9910000
1728,3,4,3.0,1.0,6,6,10,Villa,Furnished,Ready to Move,Koramangala,6.3,4.3,5.0,1,40990000
1592,4,5,1.0,0.0,0,5,5,Apartment,Unfurnished,Ready to Move,Hebbal,3.7,7.8,2.0,1,13580000
1010,2,2,2.0,2.0,0,1,10,Independent House,Unfurnished,Under Construction,Whitefield,4.8,18.3,2.0,6,7130000
595,1,1,3.0,1.0,18,22,25,Apartment,Semi-Furnished,Ready to Move,Electronic City,4.8,26.1,6.0,1,2970000
1134,3,3,3.0,1.0,16,5,10,Apartment,Unfurnished,Ready to Move,Koramangala,8.4,4.2,5.0,1,15110000
963,2,2,2.0,1.0,4,1,10,Apartment,Furnished,Ready to Move,Yelahanka,2.2,17.2,3.0,2,4880000
1145,3,3,2.0,0.0,3,5,7,Apartment,Semi-Furnished,Ready to Move,Jayanagar,5.5,4.6,4.0,2,12080000
3578,5,5,1.0,2.0,8,3,3,Apartment,Furnished,Ready to Move,HSR Layout,7.5,15.9,1.0,2,50200000
1081,3,3,1.0,1.0,13,1,5,Apartment,Furnished,Ready to Move,Jayanagar,6.5,5.5,2.0,2,13630000
1216,3,3,2.0,1.0,10,3,10,Apartment,Furnished,Ready to Move,Sarjapur Road,4.2,21.4,1.0,3,8840000
1057,3,4,1.0,2.0,7,4,15,Apartment,Unfurnished,Under Construction,Banashankari,4.5,7.5,1.0,3,7530000
692,2,3,0.0,0.0,2,17,20,Apartment,Unfurnished,Ready to Move,HSR Layout,6.8,11.0,5.0,1,6450000
1252,2,2,2.0,0.0,2,12,15,Independent House,Unfurnished,Under Construction,Yelahanka,3.6,17.1,7.0,1,5490000
2217,4,5,2.0,0.0,10,2,5,Villa,Semi-Furnished,Under Construction,Yelahanka,6.6,18.8,3.0,1,14620000
1439,3,3,2.0,0.0,12,7,15,Villa,Unfurnished,Ready to Move,Yelahanka,3.6,18.2,3.0,2,8340000
477,1,2,2.0,1.0,0,2,10,Villa,Furnished,Ready to Move,Marathahalli,3.4,12.6,2.0,0,4610000
1122,2,3,2.0,1.0,1,4,10,Apartment,Semi-Furnished,Ready to Move,Marathahalli,4.3,17.5,5.0,2,7570000
1169,3,4,1.0,1.0,9,9,10,Apartment,Semi-Furnished,Ready to Move,Electronic City,1.9,19.0,2.0,3,7280000
1622,3,3,1.0,0.0,3,2,3,Apartment,Semi-Furnished,Under Construction,Sarjapur Road,2.2,14.4,3.0,4,10790000
1650,4,4,3.0,0.0,6,3,3,Independent House,Semi-Furnished,Ready to Move,Jayanagar,8.5,5.1,3.0,4,26710000
827,2,2,0.0,2.0,7,9,10,Independent House,Unfurnished,Ready to Move,Marathahalli,4.5,15.2,5.0,3,5930000
2303,4,4,1.0,1.0,11,1,5,Apartment,Unfurnished,Ready to Move,Indiranagar,10.0,1.9,2.0,2,33460000
1641,3,3,2.0,1.0,13,6,10,Apartment,Semi-Furnished,Ready to Move,Sarjapur Road,1.2,17.8,7.0,0,10260000
1567,3,3,1.0,1.0,2,3,7,Apartment,Semi-Furnished,Under Construction,Hebbal,3.5,7.8,1.0,1,10750000
1106,3,4,1.0,1.0,6,1,20,Apartment,Unfurnished,Ready to Move,Koramangala,8.4,3.2,2.0,3,13740000
865,2,2,1.0,0.0,1,8,20,Apartment,Furnished,Ready to Move,Hebbal,3.8,14.9,3.0,2,7800000
2887,5,5,1.0,2.0,14,6,25,Apartment,Furnished,Ready to Move,Jayanagar,4.5,3.5,4.0,5,41120000
788,2,2,1.0,2.0,14,4,20,Independent House,Unfurnished,Ready to Move,Hebbal,3.4,8.3,0.0,1,5910000
1210,2,2,2.0,1.0,2,3,25,Apartment,Semi-Furnished,Ready to Move,Indiranagar,8.2,6.1,4.0,4,20790000
1039,4,5,1.0,1.0,1,13,15,Independent House,Semi-Furnished,Ready to Move,Electronic City,4.0,19.6,5.0,6,7800000
1181,3,3,1.0,1.0,0,2,25,Independent House,Unfurnished,Ready to Move,Yelahanka,5.6,23.3,4.0,3,6690000
1796,4,4,1.0,1.0,6,5,10,Independent House,Furnished,Ready to Move,HSR Layout,4.8,10.6,2.0,2,27630000
603,3,3,0.0,1.0,0,15,15,Villa,Furnished,Ready to Move,Hebbal,3.5,15.1,3.0,2,8760000
684,2,3,3.0,1.0,9,4,5,Villa,Semi-Furnished,Ready to Move,Indiranagar,6.5,1.1,3.0,0,11370000
2250,4,4,1.0,0.0,9,8,10,Villa,Furnished,Ready to Move,Jayanagar,7.5,7.4,3.0,0,37720000
553,1,2,3.0,0.0,7,19,20,Villa,Semi-Furnished,Ready to Move,Electronic City,3.5,19.0,2.0,1,3870000
2629,4,4,1.0,1.0,16,9,10,Apartment,Semi-Furnished,Under Construction,Marathahalli,2.6,13.5,2.0,2,14560000
1243,2,3,2.0,2.0,3,2,5,Independent House,Semi-Furnished,Ready to Move,Electronic City,2.1,19.7,1.0,2,9020000
2173,4,4,1.0,2.0,18,5,10,Villa,Unfurnished,Under Construction,Whitefield,4.1,23.1,2.0,0,16160000
1009,2,2,0.0,0.0,0,7,15,Independent House,Unfurnished,Under Construction,HSR Layout,6.2,11.0,4.0,0,9980000
1418,3,3,0.0,0.0,0,11,15,Independent House,Semi-Furnished,Under Construction,Whitefield,2.8,20.4,1.0,3,10490000
937,4,4,2.0,1.0,4,9,10,Apartment,Semi-Furnished,Under Construction,Banashankari,4.9,12.1,6.0,1,7650000
1009,3,3,1.0,2.0,7,2,5,Apartment,Semi-Furnished,Under Construction,Banashankari,2.6,8.0,3.0,1,7360000
1428,3,3,1.0,2.0,0,3,20,Apartment,Semi-Furnished,Ready to Move,Electronic City,3.4,25.1,2.0,1,8500000
2246,4,4,2.0,2.0,6,2,15,Apartment,Unfurnished,Under Construction,Sarjapur Road,3.4,23.4,2.0,0,12640000
1481,3,3,1.0,1.0,2,4,7,Independent House,Semi-Furnished,Ready to Move,Electronic City,3.9,22.4,2.0,4,9290000
1643,4,5,1.0,1.0,17,7,15,Apartment,Semi-Furnished,Ready to Move,Marathahalli,5.8,14.8,3.0,2,10500000
1128,2,3,2.0,0.0,6,2,7,Apartment,Unfurnished,Under Construction,Hebbal,4.4,14.9,2.0,3,6760000
1231,2,2,1.0,0.0,7,4,7,Apartment,Furnished,Ready to Move,Yelahanka,3.0,20.3,4.0,4,6180000
653,1,1,2.0,1.0,23,20,20,Apartment,Semi-Furnished,Ready to Move,Electronic City,0.4,22.4,3.0,2,2930000
1138,2,2,1.0,0.0,11,17,20,Villa,Unfurnished,Under Construction,Hebbal,8.0,10.1,4.0,2,8460000
843,2,2,1.0,1.0,4,6,7,Independent House,Semi-Furnished,Ready to Move,HSR Layout,3.5,12.6,2.0,4,9640000
1701,3,4,1.0,1.0,5,1,3,Apartment,Semi-Furnished,Ready to Move,Banashankari,4.5,9.7,1.0,3,13680000
977,2,3,3.0,0.0,8,4,5,Apartment,Semi-Furnished,Ready to Move,Whitefield,0.5,22.6,3.0,2,5910000
606,1,1,2.0,2.0,1,3,20,Apartment,Furnished,Under Construction,Marathahalli,2.8,16.1,3.0,1,4180000
590,1,1,3.0,1.0,0,4,20,Apartment,Semi-Furnished,Under Construction,Marathahalli,6.6,14.6,2.0,3,3830000
1951,4,5,1.0,2.0,2,7,10,Apartment,Furnished,Under Construction,Sarjapur Road,5.4,18.8,4.0,2,14840000
1159,3,3,2.0,2.0,12,3,7,Independent House,Furnished,Ready to Move,Koramangala,9.5,6.1,4.0,4,21890000
934,2,2,1.0,0.0,2,2,7,Apartment,Unfurnished,Ready to Move,Yelahanka,2.7,11.7,2.0,2,3730000
2394,4,5,1.0,1.0,1,17,20,Apartment,Unfurnished,Under Construction,Koramangala,10.0,8.0,2.0,1,29300000
501,1,1,2.0,0.0,1,3,7,Apartment,Semi-Furnished,Under Construction,Marathahalli,4.4,15.3,2.0,1,2580000
3300,5,5,1.0,2.0,9,6,10,Villa,Furnished,Ready to Move,HSR Layout,7.4,7.5,1.0,1,68150000
1606,3,4,1.0,1.0,7,3,15,Villa,Furnished,Ready to Move,Electronic City,,22.6,2.0,4,14740000
893,2,2,1.0,2.0,9,3,5,Villa,Furnished,Ready to Move,Jayanagar,8.3,10.0,4.0,1,15290000
1788,3,4,2.0,1.0,3,5,7,Apartment,Semi-Furnished,Under Construction,Electronic City,3.2,22.9,5.0,2,9780000
1300,3,3,1.0,1.0,18,1,7,Independent House,Semi-Furnished,Under Construction,Koramangala,8.8,1.8,6.0,0,14910000
1236,2,3,1.0,2.0,4,2,10,Apartment,Semi-Furnished,Ready to Move,Koramangala,10.0,1.0,1.0,1,17460000
2173,4,5,3.0,1.0,5,3,15,Apartment,Semi-Furnished,Ready to Move,Electronic City,4.3,29.4,2.0,1,15320000
946,2,2,1.0,0.0,23,1,10,Apartment,Unfurnished,Ready to Move,Sarjapur Road,4.8,12.8,1.0,3,4370000
781,2,3,1.0,1.0,31,1,5,Apartment,Semi-Furnished,Under Construction,Yelahanka,4.9,17.0,2.0,3,2250000
540,1,2,2.0,0.0,8,1,7,Independent House,Semi-Furnished,Under Construction,Whitefield,8.1,18.2,1.0,3,3590000
911,2,2,2.0,0.0,23,3,5,Independent House,Semi-Furnished,Ready to Move,Electronic City,1.9,25.1,6.0,2,4740000
710,2,3,0.0,1.0,6,2,3,Apartment,Unfurnished,Ready to Move,Whitefield,5.4,16.4,5.0,3,4940000
1912,4,5,2.0,1.0,2,4,10,Independent House,Unfurnished,Ready to Move,Whitefield,5.0,24.8,2.0,2,14260000
461,1,1,0.0,2.0,3,20,25,Independent House,Semi-Furnished,Ready to Move,Marathahalli,3.4,13.6,2.0,1,3560000
1061,2,2,1.0,1.0,6,5,15,Independent House,Furnished,Under Construction,Marathahalli,3.0,13.3,1.0,2,7860000
1765,3,3,1.0,1.0,7,11,15,Apartment,Furnished,Ready to Move,Koramangala,10.0,3.1,4.0,3,30290000
1509,4,4,1.0,0.0,4,2,15,Apartment,Semi-Furnished,Under Construction,HSR Layout,4.8,8.2,4.0,2,15730000
3758,5,5,1.0,0.0,17,17,20,Apartment,Furnished,Ready to Move,Whitefield,2.2,18.9,7.0,1,32720000
1364,3,3,3.0,0.0,4,12,15,Independent House,Unfurnished,Ready to Move,Hebbal,4.2,14.2,5.0,2,12640000
2253,5,5,2.0,1.0,2,9,10,Apartment,Furnished,Under Construction,Banashankari,2.0,2.8,6.0,2,16740000
1612,3,3,3.0,1.0,0,5,7,Apartment,Semi-Furnished,Ready to Move,Koramangala,6.7,1.8,2.0,2,22120000
2549,5,5,2.0,1.0,28,4,5,Apartment,Furnished,Under Construction,HSR Layout,4.8,14.5,4.0,2,23440000
1377,3,3,0.0,2.0,13,3,10,Apartment,Unfurnished,Under Construction,Hebbal,5.1,11.7,0.0,2,10750000
505,1,1,1.0,1.0,7,20,20,Villa,Furnished,Ready to Move,Yelahanka,5.2,14.3,2.0,0,3710000
794,2,3,3.0,0.0,14,4,10,Independent House,Semi-Furnished,Ready to Move,Electronic City,2.4,18.2,,3,4400000
1602,3,3,2.0,0.0,13,4,5,Villa,Unfurnished,Under Construction,Whitefield,5.6,16.5,1.0,3,12120000
895,2,2,3.0,2.0,21,5,10,Independent House,Semi-Furnished,Ready to Move,Whitefield,5.5,22.9,2.0,4,6410000
677,2,2,1.0,1.0,3,5,10,Apartment,Unfurnished,Ready to Move,Marathahalli,0.7,11.5,2.0,4,4010000
1554,3,3,1.0,2.0,6,8,20,Apartment,Semi-Furnished,Under Construction,Electronic City,2.5,24.4,4.0,2,8540000
1517,4,4,1.0,0.0,0,1,5,Apartment,Semi-Furnished,Under Construction,Whitefield,3.8,17.1,4.0,1,11040000
423,1,2,1.0,0.0,26,11,15,Apartment,Semi-Furnished,Under Construction,Marathahalli,4.6,13.6,2.0,2,2210000
1733,3,3,1.0,0.0,33,8,10,Apartment,Furnished,Ready to Move,Whitefield,5.2,19.8,3.0,2,11740000
1065,3,4,1.0,2.0,12,5,25,Villa,Furnished,Under Construction,Hebbal,5.5,9.7,2.0,1,12220000
1502,5,5,2.0,1.0,4,6,10,Apartment,Unfurnished,Under Construction,Electronic City,2.0,22.2,2.0,1,8660000
2249,4,4,1.0,1.0,5,20,20,Villa,Unfurnished,Ready to Move,Whitefield,3.4,13.7,2.0,1,20050000
1314,3,4,0.0,1.0,4,2,3,Apartment,Semi-Furnished,Ready to Move,Marathahalli,1.7,13.7,2.0,3,11030000
1339,3,4,2.0,1.0,2,3,5,Apartment,Unfurnished,Ready to Move,Electronic City,3.4,23.3,5.0,3,7050000
890,2,3,1.0,0.0,6,3,7,Apartment,Furnished,Under Construction,Banashankari,4.1,5.5,1.0,1,6690000
1464,3,4,2.0,1.0,0,5,10,Apartment,Semi-Furnished,Under Construction,Jayanagar,7.5,6.6,1.0,1,16420000
1189,3,3,1.0,0.0,38,1,7,Apartment,Semi-Furnished,Ready to Move,HSR Layout,7.4,10.5,4.0,2,8260000
2590,4,5,2.0,2.0,4,1,5,Apartment,Unfurnished,Ready to Move,Sarjapur Road,3.2,18.6,1.0,2,15540000
986,3,3,2.0,0.0,20,1,10,Apartment,Semi-Furnished,Under Construction,HSR Layout,6.8,6.0,2.0,3,7570000
1034,2,3,3.0,0.0,10,4,10,Apartment,Furnished,Ready to Move,Yelahanka,2.7,16.3,2.0,0,5690000
1579,3,3,1.0,1.0,2,5,10,Apartment,Semi-Furnished,Ready to Move,Electronic City,1.7,16.8,4.0,4,8870000
805,2,2,1.0,2.0,2,3,3,Villa,Furnished,Ready to Move,Jayanagar,5.5,4.1,2.0,3,14410000
437,1,2,1.0,1.0,43,4,20,Villa,Unfurnished,Ready to Move,Whitefield,0.9,20.0,4.0,1,2310000
1143,2,2,1.0,1.0,11,6,10,Apartment,Unfurnished,Ready to Move,Indiranagar,8.1,5.6,,1,13760000
761,2,2,1.0,0.0,2,2,7,Independent House,Furnished,Ready to Move,Hebbal,4.1,8.4,1.0,2,9080000
1757,4,4,2.0,0.0,0,5,10,Villa,Semi-Furnished,Ready to Move,Hebbal,3.4,11.1,1.0,0,23260000
1118,2,3,1.0,1.0,9,5,7,Villa,Unfurnished,Ready to Move,HSR Layout,7.6,12.4,4.0,1,12470000
956,2,3,2.0,0.0,2,6,10,Apartment,Semi-Furnished,Under Construction,HSR Layout,7.1,7.1,4.0,3,8850000
1793,5,6,2.0,1.0,2,7,7,Apartment,Semi-Furnished,Under Construction,Hebbal,5.8,5.5,4.0,5,15940000
1281,2,3,2.0,2.0,10,5,20,Villa,Semi-Furnished,Under Construction,Yelahanka,4.0,17.6,3.0,3,6130000
491,1,1,1.0,2.0,9,6,25,Apartment,Furnished,Under Construction,Whitefield,,17.2,4.0,2,3370000
873,2,2,3.0,0.0,5,2,5,Independent House,Unfurnished,Ready to Move,Indiranagar,8.6,3.1,4.0,2,13930000
998,2,2,1.0,1.0,22,1,3,Independent House,Semi-Furnished,Ready to Move,Electronic City,4.6,22.4,4.0,2,5690000
1068,2,2,0.0,2.0,9,2,5,Apartment,Semi-Furnished,Ready to Move,Yelahanka,4.0,16.2,4.0,1,5140000
765,1,1,2.0,,17,8,10,Apartment,Semi-Furnished,Under Construction,Whitefield,5.9,23.1,4.0,0,4590000
935,3,3,1.0,0.0,1,1,5,Apartment,Semi-Furnished,Ready to Move,HSR Layout,6.3,9.3,0.0,0,10710000
1106,2,2,2.0,1.0,2,14,15,Apartment,Semi-Furnished,Ready to Move,Sarjapur Road,2.2,18.2,1.0,2,6060000
1091,2,3,1.0,2.0,0,6,7,Apartment,Unfurnished,Ready to Move,Whitefield,4.7,14.9,2.0,2,8320000
1945,4,4,0.0,1.0,2,5,10,Apartment,Semi-Furnished,Under Construction,Jayanagar,5.8,7.9,1.0,2,22070000
1099,2,3,1.0,2.0,28,4,10,Apartment,Unfurnished,Ready to Move,Indiranagar,9.6,2.9,2.0,1,13540000
2373,4,5,1.0,1.0,26,19,20,Apartment,Unfurnished,Ready to Move,Electronic City,3.8,31.7,6.0,3,10700000
1013,3,4,0.0,0.0,11,2,3,Independent House,Semi-Furnished,Under Construction,Electronic City,3.4,21.4,2.0,4,6360000
1282,2,3,1.0,0.0,5,9,15,Apartment,Unfurnished,Under Construction,Jayanagar,6.1,7.3,5.0,2,11580000
963,3,3,2.0,0.0,12,7,10,Independent House,Semi-Furnished,Ready to Move,Koramangala,9.5,5.9,1.0,3,16580000
425,1,2,2.0,0.0,6,1,10,Independent House,Unfurnished,Ready to Move,Marathahalli,5.4,13.7,3.0,1,2690000
521,1,2,2.0,2.0,0,3,7,Apartment,Semi-Furnished,Ready to Move,Hebbal,4.2,13.3,2.0,1,4670000
1938,3,3,2.0,1.0,5,1,3,Villa,Furnished,Under Construction,Sarjapur Road,1.8,24.8,5.0,3,16620000
1313,3,4,1.0,1.0,7,3,10,Apartment,Unfurnished,Ready to Move,Koramangala,8.3,1.7,1.0,1,17370000
1391,3,3,2.0,1.0,2,13,15,Villa,Semi-Furnished,Ready to Move,Koramangala,9.8,1.0,5.0,1,29650000
2572,4,4,1.0,1.0,1,2,3,Apartment,Semi-Furnished,Ready to Move,HSR Layout,4.4,6.1,1.0,2,30330000
892,2,2,1.0,1.0,2,7,7,Apartment,Unfurnished,Under Construction,Electronic City,4.0,25.0,3.0,1,3520000
1070,3,4,2.0,2.0,7,5,5,Apartment,Semi-Furnished,Under Construction,Electronic City,2.1,20.6,4.0,0,6100000
1283,3,4,1.0,1.0,1,2,10,Apartment,Unfurnished,Ready to Move,Marathahalli,2.5,21.0,3.0,1,7790000
3567,5,6,2.0,1.0,10,4,15,Apartment,Unfurnished,Ready to Move,Whitefield,5.7,22.2,6.0,5,25080000
2028,4,5,1.0,2.0,4,2,10,Apartment,Furnished,Under Construction,Whitefield,5.3,18.0,2.0,2,16860000
2772,4,4,0.0,1.0,3,5,7,Apartment,Unfurnished,Under Construction,Electronic City,3.1,19.7,5.0,2,13410000
1090,2,2,0.0,2.0,13,5,5,Apartment,Semi-Furnished,Under Construction,Sarjapur Road,4.9,16.7,3.0,2,5990000
1219,3,4,1.0,2.0,5,15,15,Apartment,Unfurnished,Under Construction,Koramangala,9.0,1.0,5.0,3,12010000
959,2,2,2.0,1.0,3,4,7,Apartment,Unfurnished,Under Construction,Marathahalli,1.8,14.8,6.0,1,5200000
787,2,2,3.0,0.0,16,1,3,Apartment,Unfurnished,Ready to Move,HSR Layout,6.5,12.1,2.0,1,7210000
1732,4,4,1.0,2.0,3,4,10,Apartment,Semi-Furnished,Ready to Move,Yelahanka,5.1,13.1,1.0,3,10010000
1042,1,1,1.0,1.0,15,5,5,Independent House,Semi-Furnished,Ready to Move,Yelahanka,3.7,11.3,3.0,2,5570000
3370,5,6,1.0,0.0,5,2,15,Apartment,Semi-Furnished,Ready to Move,HSR Layout,2.4,7.3,3.0,2,37310000
1113,2,2,2.0,1.0,1,1,5,Villa,Semi-Furnished,Ready to Move,HSR Layout,4.7,13.0,2.0,1,15020000
1750,4,5,1.0,1.0,7,2,7,Apartment,Semi-Furnished,Ready to Move,Electronic City,4.8,24.4,3.0,2,10790000
1248,2,3,3.0,2.0,2,2,7,Independent House,Furnished,Ready to Move,HSR Layout,5.5,10.6,1.0,5,18000000
1158,2,2,2.0,2.0,1,3,10,Apartment,Furnished,Under Construction,Marathahalli,5.7,18.9,0.0,4,7840000
1307,2,2,2.0,2.0,0,2,10,Apartment,Semi-Furnished,Ready to Move,Hebbal,8.1,6.9,2.0,3,11860000
1913,3,3,2.0,2.0,2,15,15,Apartment,Furnished,Ready to Move,Marathahalli,3.6,13.4,5.0,4,15120000
668,2,3,2.0,0.0,10,3,10,Apartment,Semi-Furnished,Ready to Move,Hebbal,4.1,13.7,2.0,4,5360000
1089,3,3,2.0,1.0,14,3,3,Apartment,Furnished,Ready to Move,Electronic City,1.8,24.4,3.0,1,6790000
439,1,1,2.0,1.0,15,3,5,Apartment,Semi-Furnished,Under Construction,Koramangala,9.1,6.4,2.0,4,5260000
446,1,2,2.0,0.0,2,14,25,Independent House,Furnished,Under Construction,Sarjapur Road,2.8,20.2,2.0,3,2700000
585,1,1,2.0,2.0,8,2,7,Apartment,Semi-Furnished,Ready to Move,Electronic City,2.7,26.0,4.0,4,3090000
842,2,3,2.0,1.0,2,1,10,Apartment,Semi-Furnished,Ready to Move,Marathahalli,2.3,16.3,4.0,4,5490000
2829,4,5,3.0,,7,15,20,Villa,Semi-Furnished,Under Construction,HSR Layout,5.7,6.5,2.0,1,42100000
2761,4,4,3.0,0.0,17,2,3,Apartment,Furnished,Ready to Move,Whitefield,3.3,18.6,4.0,4,24330000
948,2,3,2.0,2.0,0,8,10,Independent House,Furnished,Ready to Move,Banashankari,1.7,2.9,2.0,2,10040000
1947,3,3,0.0,0.0,33,7,7,Apartment,Unfurnished,Ready to Move,Koramangala,6.7,7.0,3.0,1,19150000
1816,3,4,0.0,0.0,14,4,7,Villa,Semi-Furnished,Under Construction,Banashankari,5.8,11.6,5.0,0,14930000
864,2,3,2.0,1.0,11,4,5,Apartment,Unfurnished,Under Construction,Banashankari,6.7,4.3,3.0,1,5590000
568,2,2,0.0,1.0,9,5,15,Independent House,Unfurnished,Ready to Move,Hebbal,4.8,10.9,4.0,3,5090000
1338,3,3,1.0,1.0,11,4,7,Villa,Furnished,Under Construction,Marathahalli,4.1,8.7,0.0,4,11450000
827,2,3,1.0,2.0,41,3,3,Apartment,Semi-Furnished,Ready to Move,Marathahalli,4.4,13.6,8.0,1,3710000
572,1,1,2.0,1.0,11,2,3,Apartment,Semi-Furnished,Under Construction,Hebbal,7.9,9.5,1.0,2,3770000
966,2,3,2.0,1.0,3,2,5,Apartment,Semi-Furnished,Ready to Move,HSR Layout,4.8,6.5,2.0,2,11680000
1417,3,3,1.0,0.0,7,7,20,Independent House,Semi-Furnished,Ready to Move,Indiranagar,6.8,4.9,1.0,2,23450000
607,1,1,1.0,1.0,3,4,7,Apartment,Unfurnished,Ready to Move,Marathahalli,3.9,19.6,2.0,3,3370000
719,2,3,2.0,1.0,28,2,20,Apartment,Unfurnished,Under Construction,Electronic City,3.9,24.4,3.0,3,2340000
1028,2,2,3.0,1.0,18,9,15,Apartment,Semi-Furnished,Ready to Move,Indiranagar,8.6,4.2,4.0,2,14380000
501,1,2,0.0,1.0,6,15,15,Apartment,Unfurnished,Ready to Move,Electronic City,1.3,21.9,3.0,4,2190000
987,2,2,0.0,2.0,12,6,7,Apartment,Unfurnished,Ready to Move,Jayanagar,8.0,11.6,2.0,0,10700000
2382,4,4,2.0,0.0,19,6,7,Independent House,Semi-Furnished,Ready to Move,Hebbal,4.8,15.8,4.0,1,22430000
415,1,2,2.0,1.0,2,1,10,Apartment,Furnished,Ready to Move,HSR Layout,7.2,9.1,0.0,4,5000000
1321,3,3,2.0,1.0,6,7,7,Independent House,Unfurnished,Ready to Move,Yelahanka,5.3,17.5,6.0,2,7780000
927,2,3,2.0,1.0,5,1,10,Apartment,Furnished,Ready to Move,Sarjapur Road,1.5,15.0,3.0,1,6100000
1256,3,4,2.0,2.0,11,1,3,Apartment,Semi-Furnished,Ready to Move,Hebbal,2.4,12.1,5.0,0,11600000
1651,3,4,1.0,1.0,3,8,25,Apartment,Unfurnished,Ready to Move,Jayanagar,7.5,8.3,1.0,0,17760000
813,2,3,0.0,1.0,9,2,3,Apartment,Semi-Furnished,Ready to Move,Sarjapur Road,0.6,21.1,2.0,2,4240000
1777,4,4,2.0,1.0,4,2,5,Independent House,Semi-Furnished,Ready to Move,Whitefield,3.7,18.1,2.0,1,16360000
1201,3,4,2.0,2.0,0,7,10,Independent House,Furnished,Ready to Move,Hebbal,4.1,15.0,1.0,2,13640000
2436,4,4,2.0,1.0,0,3,5,Apartment,Furnished,Ready to Move,Whitefield,4.9,20.4,1.0,4,25620000
856,2,2,3.0,1.0,1,5,5,Apartment,Unfurnished,Ready to Move,Yelahanka,2.0,15.1,0.0,1,4050000
3057,5,5,2.0,1.0,0,5,5,Apartment,Furnished,Ready to Move,Banashankari,5.4,13.7,1.0,3,32230000
1953,3,3,2.0,0.0,6,1,3,Independent House,Semi-Furnished,Under Construction,HSR Layout,4.7,8.9,1.0,1,22670000
2758,5,6,0.0,0.0,8,1,7,Independent House,Unfurnished,Ready to Move,HSR Layout,4.5,6.7,1.0,3,33770000
1711,3,3,0.0,2.0,1,7,7,Independent House,Unfurnished,Under Construction,Sarjapur Road,3.7,16.0,3.0,2,10590000
1867,3,3,2.0,1.0,7,7,10,Apartment,Semi-Furnished,Ready to Move,HSR Layout,6.5,12.2,2.0,1,19560000
1687,3,3,1.0,2.0,7,2,7,Apartment,Unfurnished,Ready to Move,Hebbal,5.4,9.0,3.0,4,13330000
1993,4,4,0.0,0.0,1,3,10,Apartment,Semi-Furnished,Ready to Move,Whitefield,6.6,22.5,5.0,2,14040000
3159,5,6,3.0,1.0,4,3,10,Apartment,Furnished,Ready to Move,Koramangala,9.9,1.4,2.0,3,65430000
705,2,2,2.0,2.0,11,4,5,Apartment,Furnished,Ready to Move,Banashankari,5.3,7.8,2.0,0,5560000
1181,3,3,1.0,0.0,0,4,5,Apartment,Furnished,Ready to Move,Marathahalli,5.2,20.6,3.0,3,10430000
835,2,2,2.0,1.0,1,6,20,Apartment,Unfurnished,Ready to Move,Hebbal,5.4,9.4,5.0,0,6070000
2027,3,3,0.0,2.0,43,6,10,Independent House,Semi-Furnished,Under Construction,Electronic City,5.1,15.9,3.0,1,8550000
795,2,2,1.0,2.0,10,3,3,Independent House,Furnished,Ready to Move,Marathahalli,4.5,18.1,3.0,3,7550000
792,2,2,2.0,2.0,4,21,25,Apartment,Unfurnished,Ready to Move,Marathahalli,3.2,9.8,2.0,3,5410000
1582,4,4,2.0,2.0,7,9,10,Apartment,Furnished,Ready to Move,Marathahalli,2.9,11.6,1.0,4,15800000
1056,2,2,0.0,1.0,14,1,5,Apartment,Unfurnished,Ready to Move,Sarjapur Road,5.4,20.2,2.0,3,5890000
1439,3,3,1.0,1.0,14,18,25,Villa,Semi-Furnished,Ready to Move,Marathahalli,3.7,16.1,1.0,1,11670000
1704,3,4,,1.0,3,2,7,Independent House,Semi-Furnished,Ready to Move,Indiranagar,10.0,1.0,2.0,0,30820000
1077,2,2,3.0,2.0,5,10,25,Independent House,Furnished,Ready to Move,HSR Layout,4.7,9.0,3.0,1,16460000
687,2,3,2.0,1.0,8,1,5,Villa,Semi-Furnished,Under Construction,Sarjapur Road,5.5,20.6,2.0,2,4830000
1173,3,4,1.0,1.0,0,2,5,Apartment,Furnished,Under Construction,HSR Layout,5.7,16.1,5.0,2,13520000
1209,2,2,0.0,1.0,23,6,10,Apartment,Unfurnished,Ready to Move,Sarjapur Road,4.3,14.3,3.0,0,5150000
1918,4,5,2.0,1.0,4,2,3,Apartment,Semi-Furnished,Ready to Move,HSR Layout,4.4,13.2,5.0,2,23080000
3465,5,6,2.0,1.0,3,3,3,Apartment,Semi-Furnished,Under Construction,Marathahalli,1.2,12.0,2.0,6,22930000
921,2,3,2.0,1.0,19,8,15,Independent House,Semi-Furnished,Ready to Move,Sarjapur Road,5.9,21.1,1.0,2,6430000
766,2,2,1.0,1.0,1,3,5,Apartment,Semi-Furnished,Ready to Move,HSR Layout,5.7,6.9,3.0,1,9500000
1315,3,3,3.0,1.0,0,6,20,Apartment,Furnished,Ready to Move,Whitefield,5.8,19.3,2.0,3,10800000
1128,3,3,1.0,1.0,9,3,7,Apartment,Unfurnished,Ready to Move,Koramangala,7.0,5.2,2.0,4,13930000
842,2,2,1.0,0.0,3,9,20,Independent House,Unfurnished,Ready to Move,Marathahalli,5.5,16.9,2.0,1,5780000
572,1,2,1.0,1.0,11,3,7,Apartment,Furnished,Under Construction,Hebbal,4.4,13.7,3.0,2,4380000
1543,3,4,1.0,1.0,0,2,10,Villa,Semi-Furnished,Ready to Move,Whitefield,2.5,18.7,8.0,2,15350000
1909,5,5,3.0,1.0,3,3,7,Apartment,Semi-Furnished,Ready to Move,Sarjapur Road,4.6,16.5,7.0,3,14450000
946,2,3,2.0,1.0,2,5,10,Apartment,Unfurnished,Ready to Move,Electronic City,4.8,27.3,0.0,2,4670000
838,2,3,2.0,1.0,10,3,7,Apartment,Unfurnished,Ready to Move,Indiranagar,9.6,5.8,3.0,2,11760000
2436,5,5,1.0,1.0,2,1,5,Villa,Unfurnished,Ready to Move,Yelahanka,2.8,14.6,8.0,4,16490000
1437,3,3,0.0,2.0,4,2,3,Apartment,Unfurnished,Under Construction,Electronic City,0.7,23.6,3.0,2,7010000
1245,3,3,1.0,2.0,13,2,3,Independent House,Semi-Furnished,Under Construction,Indiranagar,7.1,6.9,5.0,1,17280000
1786,3,4,2.0,2.0,19,6,7,Apartment,Furnished,Ready to Move,Whitefield,,15.9,4.0,1,14090000
3465,5,6,2.0,1.0,10,10,15,Apartment,Furnished,Under Construction,Whitefield,3.9,21.5,2.0,2,29180000
1730,3,3,1.0,1.0,4,1,5,Independent House,Unfurnished,Ready to Move,HSR Layout,8.0,5.5,4.0,4,21390000
1802,4,4,0.0,1.0,6,3,7,Apartment,Semi-Furnished,Ready to Move,Whitefield,4.2,18.1,3.0,4,12770000
1130,3,4,1.0,1.0,9,2,20,Apartment,Semi-Furnished,Ready to Move,Marathahalli,0.8,11.0,3.0,1,7380000
1422,3,4,,1.0,16,10,10,Independent House,Unfurnished,Ready to Move,Indiranagar,4.8,4.6,3.0,0,16060000
921,2,2,1.0,1.0,17,1,20,Apartment,Furnished,Under Construction,Jayanagar,5.6,4.7,4.0,2,7910000
834,2,2,1.0,1.0,21,14,20,Villa,Semi-Furnished,Ready to Move,Koramangala,7.2,3.4,1.0,0,12850000
1070,3,4,1.0,0.0,13,3,3,Apartment,Furnished,Ready to Move,HSR Layout,6.9,4.3,3.0,2,11740000
942,2,2,0.0,0.0,1,11,25,Apartment,Unfurnished,Ready to Move,Marathahalli,1.8,13.8,0.0,1,5530000
1286,3,3,1.0,2.0,11,3,3,Apartment,Unfurnished,Under Construction,Banashankari,2.6,4.7,3.0,0,7160000
1080,2,3,2.0,1.0,13,10,20,Independent House,Semi-Furnished,Under Construction,Whitefield,5.0,26.9,5.0,1,8710000
2266,4,4,3.0,1.0,16,4,10,Apartment,Unfurnished,Ready to Move,Yelahanka,5.0,14.8,1.0,1,9580000
1159,2,3,1.0,2.0,20,5,10,Villa,Semi-Furnished,Ready to Move,Marathahalli,1.1,13.2,1.0,2,9760000
1496,4,4,1.0,1.0,5,5,15,Independent House,Furnished,Under Construction,Jayanagar,5.5,8.1,2.0,2,21980000
1512,3,3,2.0,0.0,8,5,20,Apartment,Unfurnished,Ready to Move,Jayanagar,8.3,10.0,0.0,6,15450000
811,2,2,2.0,0.0,0,10,10,Apartment,Unfurnished,Ready to Move,Whitefield,5.7,16.5,3.0,2,5410000
1058,3,3,0.0,1.0,6,1,7,Apartment,Unfurnished,Ready to Move,Whitefield,2.9,21.7,2.0,3,7460000
868,2,2,2.0,1.0,5,1,5,Apartment,Semi-Furnished,Ready to Move,Marathahalli,5.7,16.9,4.0,0,6080000
1153,2,3,2.0,2.0,26,5,15,Apartment,Semi-Furnished,Ready to Move,Electronic City,3.4,22.6,4.0,0,5320000
879,2,2,1.0,1.0,18,4,5,Villa,Semi-Furnished,Under Construction,Yelahanka,4.0,16.5,2.0,3,4550000
722,1,2,2.0,2.0,12,7,15,Independent House,Semi-Furnished,Ready to Move,Electronic City,2.3,20.5,3.0,4,4700000
3107,5,5,2.0,0.0,0,6,10,Independent House,Semi-Furnished,Ready to Move,Koramangala,8.4,3.0,2.0,3,58680000
506,1,1,2.0,1.0,4,4,7,Independent House,Semi-Furnished,Ready to Move,Sarjapur Road,1.9,17.7,2.0,3,3370000
1724,3,3,0.0,2.0,9,3,10,Independent House,Furnished,Ready to Move,HSR Layout,5.5,8.7,3.0,3,23720000
1034,2,3,0.0,0.0,0,4,15,Apartment,Semi-Furnished,Under Construction,Jayanagar,6.2,8.7,3.0,0,10340000
1138,3,3,1.0,2.0,2,13,20,Villa,Unfurnished,Ready to Move,Sarjapur Road,3.9,15.4,5.0,2,9130000
1303,2,2,2.0,1.0,17,3,7,Independent House,Unfurnished,Ready to Move,Yelahanka,6.6,18.6,2.0,2,6880000
1472,3,4,1.0,0.0,1,13,20,Apartment,Unfurnished,Ready to Move,Hebbal,8.8,16.0,3.0,1,12660000
1405,3,3,1.0,1.0,0,8,25,Independent House,Semi-Furnished,Under Construction,Marathahalli,3.4,15.1,0.0,4,10880000
1160,3,3,2.0,1.0,6,6,15,Apartment,Semi-Furnished,Under Construction,Marathahalli,6.2,8.6,2.0,2,7850000
1174,2,2,1.0,2.0,23,17,20,Villa,Unfurnished,Ready to Move,Yelahanka,1.3,17.8,1.0,1,5420000
1544,3,4,2.0,1.0,14,5,10,Villa,Furnished,Under Construction,HSR Layout,6.9,8.1,2.0,1,22540000
1069,2,2,1.0,1.0,29,3,3,Independent House,Semi-Furnished,Ready to Move,Whitefield,3.3,18.4,2.0,2,6270000
494,1,2,1.0,0.0,11,2,10,Apartment,Unfurnished,Ready to Move,HSR Layout,5.7,11.1,2.0,0,3520000
1108,2,3,1.0,1.0,4,14,15,Villa,Furnished,Ready to Move,HSR Layout,10.0,13.3,3.0,2,17930000
1123,2,3,3.0,1.0,23,19,20,Apartment,Semi-Furnished,Under Construction,Marathahalli,3.4,9.0,3.0,4,5500000
1212,3,3,2.0,0.0,4,9,10,Apartment,Unfurnished,Under Construction,Marathahalli,3.0,14.2,2.0,6,5650000
1003,3,4,0.0,2.0,3,12,15,Independent House,Furnished,Ready to Move,Marathahalli,2.5,20.0,3.0,2,9060000
1060,2,2,3.0,1.0,4,13,15,Apartment,Unfurnished,Under Construction,Whitefield,3.2,16.7,2.0,5,5910000
651,2,2,2.0,0.0,13,4,7,Villa,Furnished,Ready to Move,Sarjapur Road,1.5,17.4,3.0,1,4960000
566,1,1,0.0,1.0,19,3,5,Apartment,Furnished,Ready to Move,Electronic City,3.7,20.2,5.0,3,3270000
1274,3,4,0.0,2.0,3,10,15,Apartment,Semi-Furnished,Ready to Move,Marathahalli,4.3,16.1,2.0,0,9990000
1741,3,3,1.0,0.0,4,4,5,Villa,Semi-Furnished,Under Construction,Jayanagar,7.2,2.2,1.0,0,23100000
875,2,2,2.0,0.0,18,5,5,Apartment,Furnished,Ready to Move,Electronic City,3.3,17.3,1.0,3,5120000
1710,3,4,2.0,0.0,0,7,10,Apartment,Unfurnished,Under Construction,Koramangala,7.1,6.5,0.0,2,20110000
1256,3,3,1.0,0.0,12,13,15,Independent House,Unfurnished,Under Construction,Whitefield,3.3,20.7,5.0,1,6890000
1679,3,3,1.0,1.0,4,5,10,Apartment,Semi-Furnished,Ready to Move,Hebbal,5.2,8.4,2.0,5,16330000
1976,3,4,1.0,,3,2,20,Villa,Furnished,Ready to Move,Yelahanka,2.9,15.8,2.0,3,16500000
1100,3,4,0.0,1.0,4,3,5,Apartment,Semi-Furnished,Ready to Move,Marathahalli,3.0,10.2,2.0,1,7380000
1481,3,3,1.0,1.0,4,6,7,Apartment,Furnished,Under Construction,Whitefield,3.9,22.8,4.0,5,13430000
1472,2,2,1.0,2.0,11,9,10,Apartment,Unfurnished,Ready to Move,Electronic City,5.6,22.8,5.0,1,7010000
962,2,3,1.0,1.0,21,2,15,Apartment,Furnished,Ready to Move,Sarjapur Road,6.6,15.9,4.0,0,5470000
961,2,2,3.0,2.0,5,2,10,Apartment,Furnished,Ready to Move,Sarjapur Road,3.3,16.3,4.0,1,7220000
1620,3,3,0.0,1.0,14,1,3,Apartment,Semi-Furnished,Ready to Move,Whitefield,3.2,18.6,3.0,3,10600000
2016,4,5,0.0,2.0,10,8,10,Apartment,Furnished,Ready to Move,Whitefield,4.3,16.8,6.0,2,19070000
625,2,2,0.0,1.0,3,10,15,Apartment,Unfurnished,Under Construction,Sarjapur Road,5.4,22.0,1.0,2,2540000
1165,2,2,1.0,1.0,7,3,7,Apartment,Furnished,Ready to Move,Electronic City,3.3,25.5,2.0,5,7370000
839,3,3,2.0,2.0,8,1,3,Apartment,Furnished,Ready to Move,HSR Layout,6.9,8.8,1.0,3,10940000
1833,4,4,2.0,0.0,0,8,10,Apartment,Unfurnished,Ready to Move,Whitefield,3.3,19.1,4.0,1,14280000
2482,4,5,1.0,1.0,4,1,3,Independent House,Semi-Furnished,Under Construction,Jayanagar,4.9,2.6,3.0,2,28740000
1300,3,3,1.0,1.0,39,1,7,Villa,Semi-Furnished,Ready to Move,Hebbal,6.1,11.5,3.0,1,11500000
1722,4,4,1.0,2.0,8,2,3,Villa,Unfurnished,Under Construction,Banashankari,5.0,9.5,2.0,0,15250000
646,1,2,1.0,1.0,3,3,5,Apartment,Unfurnished,Ready to Move,Jayanagar,7.7,9.5,0.0,2,6720000
788,2,2,2.0,1.0,2,1,7,Independent House,Unfurnished,Ready to Move,Jayanagar,4.1,3.3,5.0,2,9300000
415,1,2,1.0,1.0,1,4,5,Villa,Semi-Furnished,Under Construction,Whitefield,7.1,14.9,5.0,1,3420000
1476,3,3,2.0,2.0,4,2,5,Independent House,Semi-Furnished,Under Construction,Jayanagar,7.0,3.0,6.0,0,18600000
529,1,2,2.0,1.0,1,11,15,Apartment,Furnished,Under Construction,Electronic City,0.6,23.7,5.0,1,2810000
1051,3,3,1.0,2.0,1,2,3,Independent House,Semi-Furnished,Ready to Move,Marathahalli,5.5,13.9,4.0,2,7790000
1578,3,3,1.0,0.0,3,2,10,Independent House,Semi-Furnished,Ready to Move,Electronic City,2.8,25.0,1.0,1,10400000
1038,2,2,3.0,1.0,7,1,15,Independent House,Unfurnished,Ready to Move,HSR Layout,6.4,10.1,5.0,3,10800000
1856,4,5,0.0,1.0,1,1,5,Apartment,Semi-Furnished,Ready to Move,Whitefield,3.6,24.8,3.0,1,14880000
894,2,3,1.0,1.0,0,4,5,Apartment,Furnished,Ready to Move,Electronic City,3.2,17.2,4.0,1,6810000
1039,2,3,1.0,1.0,0,5,10,Apartment,Semi-Furnished,Ready to Move,Whitefield,4.3,12.5,2.0,1,8560000
1733,3,3,2.0,0.0,2,4,7,Apartment,Semi-Furnished,Ready to Move,Koramangala,5.5,8.1,1.0,2,25350000
518,1,1,1.0,0.0,1,6,10,Independent House,Semi-Furnished,Ready to Move,Banashankari,6.0,5.6,3.0,4,3990000
1583,3,4,3.0,1.0,6,8,15,Apartment,Semi-Furnished,Ready to Move,Indiranagar,8.8,5.4,1.0,0,23170000
2226,4,5,2.0,0.0,4,3,5,Apartment,Semi-Furnished,Under Construction,Jayanagar,7.3,6.4,7.0,0,23170000
2351,4,5,2.0,1.0,3,2,10,Apartment,Unfurnished,Ready to Move,Yelahanka,4.2,17.0,2.0,0,12490000
2015,4,4,,2.0,14,17,20,Apartment,Semi-Furnished,Ready to Move,Banashankari,4.8,6.6,5.0,0,17420000
776,2,2,2.0,1.0,5,2,3,Apartment,Semi-Furnished,Under Construction,Marathahalli,4.5,11.1,2.0,1,5080000
1270,3,3,1.0,1.0,0,1,3,Independent House,Furnished,Ready to Move,Hebbal,2.8,8.9,5.0,2,15960000
587,1,1,1.0,2.0,2,10,10,Apartment,Semi-Furnished,Ready to Move,Electronic City,2.1,23.8,3.0,2,3460000
1295,2,3,3.0,1.0,28,6,25,Apartment,Unfurnished,Under Construction,Electronic City,3.5,24.3,2.0,1,4610000
496,1,2,0.0,2.0,30,3,5,Apartment,Unfurnished,Ready to Move,Electronic City,3.6,21.2,6.0,3,1950000
1102,2,2,3.0,1.0,2,6,7,Apartment,Furnished,Under Construction,Marathahalli,4.6,12.2,5.0,1,6710000
1868,4,4,1.0,1.0,1,3,3,Apartment,Furnished,Under Construction,Sarjapur Road,5.8,19.7,6.0,3,13100000
970,2,2,3.0,1.0,5,6,7,Villa,Unfurnished,Ready to Move,Electronic City,3.2,17.6,2.0,1,6730000
1824,3,4,1.0,1.0,5,2,3,Villa,Furnished,Ready to Move,Koramangala,8.5,9.8,3.0,3,45100000
1095,2,3,2.0,1.0,4,1,7,Villa,Furnished,Ready to Move,Marathahalli,4.1,15.4,3.0,2,10770000
1052,3,3,0.0,1.0,6,5,10,Villa,Semi-Furnished,Ready to Move,Koramangala,7.6,3.5,4.0,3,21400000
2479,5,6,1.0,2.0,2,14,25,Apartment,Semi-Furnished,Ready to Move,Marathahalli,3.7,16.5,2.0,1,19100000
1188,2,2,2.0,1.0,0,9,15,Independent House,Semi-Furnished,Ready to Move,Sarjapur Road,2.5,19.9,5.0,1,8430000
1439,3,3,2.0,0.0,6,13,15,Independent House,Semi-Furnished,Under Construction,Sarjapur Road,3.5,18.7,4.0,3,7440000
731,2,3,1.0,1.0,21,1,5,Independent House,Unfurnished,Ready to Move,Sarjapur Road,3.3,12.3,4.0,1,4450000
459,1,2,1.0,2.0,1,1,3,Apartment,Semi-Furnished,Ready to Move,Yelahanka,2.8,17.2,2.0,2,2320000
1596,3,4,1.0,1.0,9,4,10,Independent House,Furnished,Under Construction,Jayanagar,4.1,10.4,1.0,4,20020000
2397,4,4,0.0,0.0,4,2,10,Independent House,Furnished,Under Construction,Sarjapur Road,3.5,16.3,2.0,0,21050000
551,1,1,1.0,2.0,2,3,10,Independent House,Semi-Furnished,Ready to Move,Marathahalli,2.7,16.9,3.0,1,4210000
822,1,1,2.0,2.0,15,3,5,Apartment,Semi-Furnished,Under Construction,Koramangala,7.9,6.5,7.0,3,9950000
1106,2,2,1.0,0.0,4,6,10,Villa,Semi-Furnished,Ready to Move,Whitefield,2.7,20.9,6.0,1,9020000
1331,3,3,1.0,2.0,7,2,5,Independent House,Semi-Furnished,Ready to Move,HSR Layout,6.4,10.5,5.0,2,19520000
1171,3,3,3.0,1.0,4,5,7,Villa,Furnished,Ready to Move,Indiranagar,8.2,6.7,2.0,2,30280000
1127,3,3,0.0,2.0,0,3,3,Apartment,Semi-Furnished,Ready to Move,Marathahalli,3.1,15.2,2.0,3,8500000
1493,3,3,2.0,1.0,7,1,20,Independent House,Unfurnished,Ready to Move,Hebbal,5.4,17.7,3.0,2,13230000
1804,4,5,2.0,2.0,4,3,3,Apartment,Unfurnished,Ready to Move,Koramangala,8.6,6.9,2.0,3,24660000
1868,3,4,2.0,2.0,0,10,20,Apartment,Semi-Furnished,Ready to Move,Koramangala,7.9,6.1,1.0,1,31560000
2586,4,5,2.0,0.0,7,18,20,Apartment,Semi-Furnished,Ready to Move,Banashankari,5.5,11.2,2.0,1,20570000
2253,4,4,2.0,0.0,0,4,15,Independent House,Semi-Furnished,Ready to Move,Whitefield,3.7,22.1,2.0,1,17200000
1069,3,3,0.0,1.0,1,6,25,Apartment,Semi-Furnished,Under Construction,Indiranagar,9.3,1.0,3.0,3,16620000
1211,3,3,1.0,0.0,12,1,3,Apartment,Furnished,Ready to Move,Marathahalli,3.9,13.6,4.0,2,9010000
2502,4,4,2.0,1.0,0,3,10,Villa,Semi-Furnished,Ready to Move,Jayanagar,5.2,4.1,0.0,2,41480000
1774,4,4,0.0,2.0,8,9,15,Independent House,Furnished,Under Construction,Whitefield,3.1,21.0,4.0,4,16060000
673,1,1,0.0,1.0,23,2,5,Apartment,Unfurnished,Under Construction,Whitefield,6.1,18.3,3.0,0,3740000
602,1,2,2.0,1.0,1,4,10,Independent House,Furnished,Ready to Move,Whitefield,6.7,21.8,2.0,2,5750000
2828,5,6,2.0,1.0,4,7,7,Independent House,Unfurnished,Ready to Move,Marathahalli,5.1,12.7,6.0,1,22530000
816,2,2,1.0,1.0,6,3,7,Apartment,Semi-Furnished,Under Construction,Jayanagar,5.8,11.1,4.0,2,7760000
1962,4,5,3.0,0.0,4,5,20,Apartment,Semi-Furnished,Ready to Move,HSR Layout,8.5,15.0,2.0,2,21640000
986,2,2,2.0,1.0,7,6,10,Apartment,Semi-Furnished,Ready to Move,Marathahalli,4.9,9.7,1.0,0,6340000
1146,2,3,3.0,2.0,4,1,3,Apartment,Furnished,Ready to Move,Hebbal,5.5,13.0,6.0,2,11710000
452,1,2,3.0,2.0,1,16,20,Apartment,Unfurnished,Ready to Move,Whitefield,7.1,18.6,1.0,2,2980000
900,2,3,1.0,2.0,0,1,5,Independent House,Semi-Furnished,Under Construction,Jayanagar,5.4,6.8,4.0,1,9480000
958,2,2,2.0,2.0,10,2,20,Independent House,Furnished,Under Construction,Sarjapur Road,4.8,19.8,0.0,2,6090000
1585,3,3,2.0,1.0,2,9,25,Apartment,Unfurnished,Ready to Move,HSR Layout,5.1,6.2,3.0,3,16970000
1145,3,3,2.0,1.0,15,11,20,Apartment,Furnished,Under Construction,Electronic City,2.4,19.1,1.0,2,5490000
2062,5,5,2.0,1.0,10,2,10,Apartment,Semi-Furnished,Ready to Move,Marathahalli,7.9,11.5,2.0,3,15960000
1078,2,3,1.0,0.0,0,2,15,Apartment,Furnished,Ready to Move,Yelahanka,3.8,14.3,1.0,1,6730000
974,3,4,1.0,1.0,1,2,10,Apartment,Semi-Furnished,Ready to Move,Hebbal,7.8,10.4,2.0,3,9350000
1759,3,4,1.0,0.0,2,7,10,Independent House,Semi-Furnished,Ready to Move,Marathahalli,4.8,16.4,2.0,4,14540000
1356,3,3,2.0,1.0,7,3,7,Independent House,Semi-Furnished,Ready to Move,Sarjapur Road,4.3,18.7,4.0,2,10050000
966,3,4,2.0,1.0,13,4,7,Apartment,Furnished,Under Construction,Electronic City,2.4,19.4,2.0,0,5270000
497,1,1,1.0,1.0,0,8,15,Independent House,Unfurnished,Ready to Move,Marathahalli,5.5,13.0,1.0,0,3470000
591,1,1,2.0,1.0,2,8,10,Apartment,Semi-Furnished,Under Construction,Indiranagar,8.7,1.0,2.0,0,6970000
491,1,2,2.0,1.0,3,1,10,Villa,Unfurnished,Ready to Move,Koramangala,8.1,10.1,0.0,4,7660000
953,2,2,1.0,1.0,1,1,10,Apartment,Semi-Furnished,Ready to Move,Sarjapur Road,3.3,18.1,0.0,1,6250000
1607,3,3,0.0,2.0,6,4,15,Apartment,Unfurnished,Under Construction,Jayanagar,6.5,9.0,4.0,7,16530000
911,2,2,1.0,0.0,5,2,15,Independent House,Furnished,Ready to Move,Electronic City,3.4,24.4,3.0,1,6430000
1625,4,5,3.0,1.0,3,5,5,Apartment,Semi-Furnished,Ready to Move,Yelahanka,3.2,15.9,5.0,0,9560000
1880,4,5,2.0,1.0,5,3,7,Villa,Semi-Furnished,Ready to Move,Whitefield,4.3,12.9,3.0,2,20290000
3592,5,5,1.0,2.0,3,2,7,Apartment,Furnished,Ready to Move,Electronic City,1.0,20.3,2.0,4,26680000
2674,4,5,0.0,1.0,3,2,10,Apartment,Semi-Furnished,Ready to Move,Whitefield,5.1,21.1,2.0,2,21700000
566,2,3,2.0,1.0,2,2,3,Apartment,Unfurnished,Ready to Move,Sarjapur Road,3.5,18.2,5.0,7,3240000
1705,3,4,2.0,0.0,6,9,15,Apartment,Semi-Furnished,Ready to Move,Sarjapur Road,0.0,21.1,0.0,4,10080000
997,2,2,2.0,1.0,4,1,5,Villa,Furnished,Ready to Move,Electronic City,1.0,22.0,4.0,3,8170000
2369,4,5,1.0,1.0,1,6,7,Apartment,Unfurnished,Under Construction,Marathahalli,3.3,19.5,2.0,3,15090000
1779,4,5,0.0,2.0,0,5,15,Villa,Semi-Furnished,Under Construction,Electronic City,5.3,18.8,6.0,1,12680000
1292,4,4,3.0,1.0,1,3,3,Villa,Semi-Furnished,Ready to Move,Sarjapur Road,4.6,19.6,5.0,4,10600000
1061,2,2,1.0,0.0,0,10,10,Villa,Semi-Furnished,Under Construction,Indiranagar,7.6,1.9,3.0,2,17400000
1136,3,3,1.0,1.0,4,14,20,Apartment,Furnished,Under Construction,Electronic City,3.0,24.7,2.0,3,6590000
397,1,1,2.0,0.0,2,7,10,Independent House,Semi-Furnished,Ready to Move,Yelahanka,4.7,13.7,4.0,3,2210000
404,1,1,3.0,2.0,4,9,15,Apartment,Unfurnished,Ready to Move,HSR Layout,5.4,4.7,2.0,0,3900000
1568,3,3,2.0,2.0,3,12,15,Apartment,Furnished,Ready to Move,Koramangala,6.4,1.0,2.0,2,25970000
976,2,2,2.0,1.0,6,1,5,Apartment,Semi-Furnished,Under Construction,Marathahalli,5.3,12.6,4.0,3,6420000
3238,5,5,1.0,1.0,10,2,10,Apartment,Semi-Furnished,Ready to Move,Banashankari,6.3,12.7,1.0,2,29110000
623,1,1,0.0,2.0,5,2,7,Apartment,Unfurnished,Ready to Move,Electronic City,2.4,24.2,5.0,4,2870000
1831,4,5,1.0,0.0,0,1,5,Villa,Furnished,Ready to Move,Whitefield,5.1,21.3,4.0,4,21760000
1380,3,4,2.0,1.0,0,4,5,Apartment,Unfurnished,Under Construction,Electronic City,3.3,21.8,5.0,0,6560000
1795,4,4,1.0,2.0,1,4,10,Apartment,Semi-Furnished,Ready to Move,Jayanagar,5.8,2.6,2.0,1,24810000
1915,4,4,2.0,1.0,4,7,15,Independent House,Unfurnished,Ready to Move,Koramangala,9.8,1.2,3.0,3,34920000
1613,4,4,1.0,0.0,0,10,20,Apartment,Furnished,Under Construction,Marathahalli,3.0,12.3,2.0,1,13420000
1024,2,2,1.0,1.0,3,7,7,Apartment,Furnished,Under Construction,Banashankari,5.8,6.1,6.0,2,8970000
2430,4,4,1.0,2.0,17,1,7,Apartment,Semi-Furnished,Under Construction,Indiranagar,8.8,3.0,5.0,3,29940000
794,2,3,2.0,0.0,0,8,10,Independent House,Semi-Furnished,Under Construction,Electronic City,3.1,19.1,3.0,1,5030000
690,1,1,1.0,1.0,23,11,15,Apartment,Furnished,Under Construction,Electronic City,2.5,22.0,3.0,4,3050000
971,2,3,2.0,2.0,15,3,7,Apartment,Furnished,Under Construction,Whitefield,2.9,17.7,3.0,4,6520000
2096,4,5,1.0,2.0,14,2,7,Apartment,Furnished,Under Construction,Yelahanka,2.6,19.4,3.0,1,10820000
924,3,3,2.0,1.0,15,3,10,Villa,Furnished,Under Construction,Electronic City,2.6,25.4,4.0,2,6110000
1277,4,4,2.0,1.0,0,1,7,Villa,Semi-Furnished,Ready to Move,Electronic City,3.5,23.8,2.0,0,10550000
1440,3,3,0.0,1.0,1,15,15,Independent House,Semi-Furnished,Ready to Move,Marathahalli,2.2,15.5,4.0,2,11210000
1100,2,2,2.0,1.0,1,5,10,Apartment,Furnished,Ready to Move,Indiranagar,8.4,1.0,2.0,1,21360000
1731,4,4,2.0,1.0,0,5,5,Apartment,Furnished,Ready to Move,Marathahalli,4.6,20.9,2.0,3,14100000
733,1,2,2.0,2.0,3,4,5,Apartment,Furnished,Under Construction,Whitefield,3.3,19.2,5.0,2,5980000
2293,4,5,2.0,0.0,14,5,20,Apartment,Unfurnished,Ready to Move,Hebbal,6.1,14.4,5.0,2,17840000
777,2,3,1.0,0.0,2,1,5,Apartment,Semi-Furnished,Under Construction,Yelahanka,4.3,18.5,2.0,3,3380000
1408,3,3,0.0,1.0,2,2,3,Apartment,Semi-Furnished,Under Construction,Marathahalli,2.2,10.9,1.0,1,8260000
1420,2,2,1.0,1.0,9,10,15,Apartment,Furnished,Ready to Move,Banashankari,3.5,6.1,0.0,2,14020000
713,2,2,3.0,1.0,0,2,10,Villa,Unfurnished,Ready to Move,Koramangala,6.0,5.2,2.0,1,13600000
1050,2,2,0.0,2.0,3,1,10,Apartment,Furnished,Ready to Move,Indiranagar,9.3,1.0,2.0,2,19040000
888,2,2,2.0,1.0,2,2,10,Villa,Semi-Furnished,Ready to Move,Marathahalli,4.2,13.7,2.0,1,7390000
1084,2,3,2.0,1.0,15,25,25,Apartment,Semi-Furnished,Ready to Move,Marathahalli,1.6,6.8,1.0,2,6280000
1190,2,2,2.0,1.0,5,1,5,Apartment,Semi-Furnished,Ready to Move,Electronic City,2.4,22.0,3.0,2,6370000
1291,3,4,1.0,1.0,8,5,10,Apartment,Semi-Furnished,Under Construction,Electronic City,3.8,26.1,4.0,3,6010000
1713,3,4,1.0,1.0,1,4,10,Apartment,Semi-Furnished,Ready to Move,Koramangala,8.2,4.0,3.0,1,25380000
2021,3,3,1.0,1.0,21,1,3,Apartment,Furnished,Ready to Move,Electronic City,5.1,17.6,2.0,1,10900000
2026,4,5,0.0,0.0,3,2,7,Apartment,Semi-Furnished,Ready to Move,Koramangala,6.3,2.3,3.0,1,28630000
1619,3,3,0.0,1.0,9,6,15,Independent House,Semi-Furnished,Ready to Move,Sarjapur Road,3.7,19.8,8.0,2,12000000
1234,3,3,0.0,1.0,24,9,10,Villa,Semi-Furnished,Ready to Move,HSR Layout,4.8,10.5,3.0,1,14810000
1405,3,4,2.0,1.0,5,8,20,Apartment,Furnished,Ready to Move,Whitefield,4.5,21.4,4.0,1,11720000
916,2,2,1.0,1.0,5,10,10,Independent House,Semi-Furnished,Ready to Move,Jayanagar,6.4,5.5,2.0,1,11920000
1623,3,4,1.0,1.0,0,4,15,Villa,Semi-Furnished,Under Construction,Marathahalli,4.4,11.7,2.0,4,12900000
682,1,2,1.0,1.0,3,6,15,Villa,Furnished,Under Construction,Yelahanka,2.4,16.4,2.0,3,4080000
1956,4,5,1.0,2.0,15,9,10,Independent House,Semi-Furnished,Ready to Move,Marathahalli,5.1,14.2,2.0,1,18970000
1829,3,4,1.0,1.0,1,10,15,Apartment,Unfurnished,Under Construction,Electronic City,2.3,25.1,6.0,1,8160000
1240,2,2,1.0,1.0,19,10,10,Apartment,Furnished,Ready to Move,Hebbal,3.5,10.6,3.0,3,10970000
1637,3,3,2.0,0.0,8,4,10,Apartment,Semi-Furnished,Under Construction,Jayanagar,7.0,6.1,2.0,3,14950000
493,1,1,0.0,1.0,4,9,10,Apartment,Semi-Furnished,Ready to Move,Whitefield,7.1,19.6,5.0,2,3060000
833,2,2,3.0,2.0,6,4,5,Apartment,Semi-Furnished,Ready to Move,Jayanagar,4.4,12.8,5.0,3,9010000
460,1,1,0.0,1.0,1,8,15,Apartment,Furnished,Ready to Move,Yelahanka,1.3,13.7,1.0,0,2510000
1665,3,4,3.0,1.0,1,3,7,Independent House,Unfurnished,Under Construction,Electronic City,3.7,20.8,2.0,3,8650000
1060,3,3,2.0,1.0,2,9,10,Independent House,Unfurnished,Ready to Move,HSR Layout,8.0,7.1,3.0,3,11370000
2270,4,5,2.0,0.0,3,5,5,Independent House,Semi-Furnished,Under Construction,Koramangala,8.5,7.9,4.0,5,33770000
431,1,2,3.0,1.0,19,5,10,Independent House,Semi-Furnished,Ready to Move,Koramangala,7.1,8.1,4.0,2,5810000
1630,3,3,0.0,1.0,3,1,25,Independent House,Unfurnished,Ready to Move,Indiranagar,9.3,4.3,2.0,0,29280000
1404,3,3,1.0,1.0,5,11,15,Apartment,Semi-Furnished,Ready to Move,Marathahalli,4.8,17.6,3.0,2,9910000
1203,2,2,1.0,2.0,1,8,10,Apartment,Unfurnished,Under Construction,Whitefield,3.3,21.0,2.0,2,6840000
1719,3,3,1.0,1.0,10,5,10,Apartment,Furnished,Ready to Move,Yelahanka,4.2,18.1,5.0,5,10830000
707,1,1,1.0,1.0,6,5,10,Independent House,Semi-Furnished,Ready to Move,Sarjapur Road,3.6,15.0,4.0,6,5450000
1227,2,2,2.0,1.0,4,2,5,Apartment,Unfurnished,Under Construction,Marathahalli,1.4,14.5,2.0,0,6410000
1440,3,4,0.0,2.0,23,1,7,Villa,Unfurnished,Ready to Move,Hebbal,4.8,17.6,3.0,2,14610000
1075,3,3,1.0,1.0,17,6,7,Apartment,Furnished,Ready to Move,Whitefield,3.5,24.4,4.0,3,9000000
750,2,3,1.0,,8,11,20,Apartment,Furnished,Ready to Move,Indiranagar,10.0,7.4,2.0,3,14380000
553,2,3,2.0,1.0,20,2,7,Villa,Furnished,Ready to Move,Marathahalli,2.0,16.9,5.0,3,4830000
744,2,2,3.0,1.0,6,3,10,Apartment,Semi-Furnished,Ready to Move,Hebbal,4.3,19.3,3.0,1,6510000
963,2,2,1.0,0.0,14,7,20,Apartment,Furnished,Under Construction,Hebbal,5.4,14.4,2.0,1,8060000
843,2,3,1.0,0.0,4,2,10,Apartment,Semi-Furnished,Under Construction,HSR Layout,10.0,8.0,5.0,3,7960000
915,2,3,1.0,0.0,0,7,7,Apartment,Unfurnished,Under Construction,Yelahanka,5.9,19.6,1.0,2,4010000
1537,3,3,2.0,2.0,41,4,7,Villa,Semi-Furnished,Ready to Move,Koramangala,7.9,3.8,5.0,2,21260000
892,2,2,0.0,1.0,1,7,7,Apartment,Semi-Furnished,Ready to Move,Yelahanka,3.5,17.5,5.0,1,4430000
1085,3,3,3.0,1.0,2,11,15,Apartment,Unfurnished,Under Construction,Banashankari,5.6,8.4,3.0,1,6510000
1385,3,3,1.0,1.0,1,2,7,Apartment,Furnished,Under Construction,Koramangala,6.5,1.9,3.0,0,22370000
779,2,2,1.0,1.0,3,11,15,Independent House,Furnished,Ready to Move,Sarjapur Road,3.7,18.9,1.0,3,7280000
520,1,1,3.0,1.0,2,10,20,Apartment,Unfurnished,Ready to Move,Whitefield,6.4,22.9,0.0,1,3310000
2537,4,5,3.0,1.0,7,5,7,Villa,Furnished,Under Construction,Electronic City,3.5,24.2,5.0,1,18730000
520,1,1,2.0,0.0,45,2,5,Villa,Semi-Furnished,Ready to Move,Jayanagar,9.6,7.4,2.0,0,5130000
1286,2,2,0.0,1.0,0,9,10,Apartment,Semi-Furnished,Under Construction,Marathahalli,3.3,13.4,3.0,3,8150000
707,1,1,2.0,1.0,12,5,7,Independent House,Furnished,Ready to Move,Yelahanka,2.9,11.0,2.0,4,3690000
1237,3,4,1.0,1.0,1,9,10,Villa,Semi-Furnished,Ready to Move,Marathahalli,3.9,13.9,4.0,1,13060000
1088,3,3,1.0,1.0,0,6,10,Apartment,Semi-Furnished,Ready to Move,Indiranagar,6.7,6.7,0.0,5,16770000
2770,5,6,1.0,1.0,8,3,7,Apartment,Unfurnished,Under Construction,Hebbal,6.7,5.5,2.0,1,20290000
2461,4,4,1.0,1.0,16,20,20,Independent House,Semi-Furnished,Ready to Move,Banashankari,4.2,7.8,2.0,2,21130000
856,2,2,2.0,1.0,1,4,7,Independent House,Semi-Furnished,Under Construction,Whitefield,4.7,19.7,6.0,0,6040000
1122,2,2,1.0,0.0,3,1,7,Apartment,Semi-Furnished,Ready to Move,Banashankari,3.8,5.3,5.0,4,7100000
1179,2,3,3.0,1.0,1,4,20,Apartment,Semi-Furnished,Ready to Move,Whitefield,6.9,22.3,3.0,1,8990000
802,2,2,1.0,2.0,18,4,5,Independent House,Semi-Furnished,Ready to Move,Hebbal,6.8,14.8,0.0,3,6680000
821,2,3,0.0,2.0,2,5,5,Villa,Semi-Furnished,Ready to Move,HSR Layout,6.4,15.4,2.0,0,12900000
1085,2,3,2.0,2.0,4,12,20,Independent House,Semi-Furnished,Ready to Move,Koramangala,6.2,3.9,0.0,3,17850000
978,2,3,2.0,0.0,18,1,5,Apartment,Unfurnished,Ready to Move,Indiranagar,9.8,8.9,1.0,2,11290000
819,2,2,3.0,1.0,6,5,5,Villa,Unfurnished,Ready to Move,Marathahalli,5.6,11.5,3.0,1,6350000
883,2,3,2.0,1.0,21,9,10,Apartment,Semi-Furnished,Under Construction,Electronic City,1.9,20.9,6.0,2,3860000
2760,5,5,1.0,1.0,20,2,3,Apartment,Unfurnished,Under Construction,Whitefield,4.1,22.0,5.0,2,16030000
961,3,3,3.0,0.0,4,4,10,Villa,Unfurnished,Ready to Move,Marathahalli,4.1,12.0,1.0,2,8600000
3228,5,5,3.0,1.0,6,8,10,Independent House,Unfurnished,Ready to Move,Yelahanka,4.6,15.5,2.0,1,18160000
859,2,3,1.0,1.0,2,9,10,Apartment,Unfurnished,Under Construction,Electronic City,3.1,24.5,0.0,1,4510000
620,3,3,2.0,1.0,37,1,7,Apartment,Semi-Furnished,Ready to Move,HSR Layout,7.8,10.0,2.0,0,5760000
945,2,2,2.0,2.0,2,8,20,Villa,Semi-Furnished,Ready to Move,Indiranagar,7.5,2.2,3.0,3,21350000
809,2,2,1.0,1.0,12,5,7,Apartment,Unfurnished,Ready to Move,Whitefield,2.8,18.2,2.0,2,4830000
1270,2,2,3.0,0.0,3,10,10,Independent House,Unfurnished,Under Construction,Hebbal,7.7,11.2,5.0,1,10660000
1765,4,4,0.0,0.0,3,18,20,Independent House,Unfurnished,Ready to Move,Hebbal,3.0,13.8,2.0,4,17350000
2185,5,5,2.0,2.0,0,4,7,Apartment,Semi-Furnished,Ready to Move,Marathahalli,2.9,13.0,3.0,2,16740000
605,1,1,1.0,1.0,6,3,5,Independent House,Furnished,Ready to Move,Electronic City,4.5,14.7,2.0,0,3980000
824,2,2,1.0,0.0,2,3,3,Independent House,Unfurnished,Under Construction,Hebbal,4.2,14.4,3.0,1,6220000
801,2,3,2.0,1.0,1,5,25,Independent House,Semi-Furnished,Under Construction,Jayanagar,5.8,7.9,5.0,3,8300000
1046,2,2,1.0,1.0,2,15,15,Villa,Unfurnished,Ready to Move,Hebbal,4.7,8.8,5.0,5,10010000
752,2,2,1.0,1.0,2,5,20,Independent House,Unfurnished,Under Construction,Marathahalli,0.8,10.6,5.0,1,4420000
673,2,2,3.0,2.0,5,6,10,Apartment,Semi-Furnished,Ready to Move,Hebbal,6.7,16.1,1.0,1,6100000
1883,3,4,2.0,1.0,3,4,7,Apartment,Semi-Furnished,Ready to Move,Marathahalli,4.3,13.3,4.0,4,13800000
1060,2,2,2.0,0.0,0,2,5,Independent House,Unfurnished,Ready to Move,Electronic City,2.1,24.3,4.0,4,5300000
899,2,2,1.0,2.0,6,8,20,Apartment,Unfurnished,Ready to Move,Banashankari,2.1,5.9,1.0,4,6990000
549,1,1,1.0,1.0,12,1,10,Apartment,Unfurnished,Under Construction,Jayanagar,4.6,8.0,1.0,0,3780000
1046,2,3,2.0,1.0,6,3,7,Independent House,Furnished,Ready to Move,Marathahalli,1.6,11.2,3.0,1,7870000
3345,5,5,2.0,1.0,29,7,10,Independent House,Semi-Furnished,Ready to Move,HSR Layout,6.7,11.3,2.0,4,40940000
806,2,2,1.0,2.0,0,3,5,Apartment,Unfurnished,Ready to Move,Marathahalli,4.4,15.1,4.0,1,5690000
2146,4,4,2.0,0.0,13,1,7,Independent House,Furnished,Under Construction,Marathahalli,4.9,7.8,2.0,3,17030000
1797,4,4,0.0,1.0,5,10,10,Villa,Unfurnished,Ready to Move,Koramangala,9.1,4.4,2.0,1,33930000
2694,5,5,0.0,0.0,5,2,5,Apartment,Unfurnished,Under Construction,Whitefield,5.3,17.8,2.0,3,18180000
1444,3,4,1.0,2.0,5,4,5,Independent House,Unfurnished,Ready to Move,Marathahalli,6.3,17.3,6.0,3,11190000
1398,3,3,1.0,1.0,3,4,10,Apartment,Unfurnished,Ready to Move,Sarjapur Road,5.5,18.7,2.0,2,8490000
2294,4,5,0.0,1.0,3,7,10,Apartment,Unfurnished,Under Construction,Jayanagar,8.1,5.3,3.0,0,22620000
603,1,1,2.0,1.0,7,5,5,Apartment,Furnished,Under Construction,HSR Layout,6.7,14.6,1.0,5,6160000
977,3,3,1.0,1.0,0,3,3,Apartment,Furnished,Ready to Move,Marathahalli,5.1,8.3,3.0,5,8940000
2039,5,5,2.0,2.0,7,5,25,Apartment,Semi-Furnished,Ready to Move,Whitefield,3.7,25.8,3.0,0,18430000
1296,3,3,2.0,1.0,10,3,3,Independent House,Semi-Furnished,Under Construction,Indiranagar,8.3,10.6,4.0,1,19700000
3824,5,6,2.0,2.0,3,3,3,Independent House,Semi-Furnished,Ready to Move,Koramangala,10.0,2.8,2.0,5,70440000
1161,3,3,1.0,1.0,1,2,7,Apartment,Semi-Furnished,Ready to Move,Koramangala,7.2,6.7,2.0,2,20710000
1916,4,5,1.0,0.0,1,5,5,Independent House,Furnished,Ready to Move,HSR Layout,5.4,11.5,7.0,2,31010000
1249,3,4,2.0,2.0,0,1,10,Apartment,Semi-Furnished,Ready to Move,Electronic City,2.8,14.5,2.0,2,6490000
1244,3,3,1.0,1.0,0,18,20,Apartment,Unfurnished,Ready to Move,Whitefield,3.5,19.7,2.0,0,8560000
1449,3,4,2.0,1.0,1,6,10,Independent House,Unfurnished,Ready to Move,Electronic City,2.6,18.2,2.0,3,7400000
2560,4,4,1.0,2.0,0,6,15,Apartment,Furnished,Ready to Move,Jayanagar,7.0,1.9,2.0,2,39900000
2182,4,4,1.0,1.0,2,11,20,Apartment,Unfurnished,Under Construction,Indiranagar,9.1,4.1,5.0,2,29780000
1678,4,5,2.0,0.0,2,1,5,Villa,Furnished,Ready to Move,Electronic City,4.7,21.2,4.0,4,15550000
2170,3,3,3.0,2.0,42,6,10,Apartment,Semi-Furnished,Under Construction,Hebbal,8.3,15.6,0.0,2,11960000
964,2,2,0.0,1.0,38,1,10,Independent House,Semi-Furnished,Under Construction,Koramangala,7.4,1.7,4.0,0,9770000
486,1,2,0.0,1.0,1,4,7,Apartment,Unfurnished,Under Construction,Jayanagar,6.6,4.8,1.0,1,4490000
2564,4,5,2.0,1.0,1,7,15,Apartment,Semi-Furnished,Ready to Move,Whitefield,1.6,24.1,3.0,1,22050000
1268,3,3,0.0,1.0,5,12,15,Apartment,Semi-Furnished,Ready to Move,Whitefield,2.4,19.4,7.0,1,9390000
1265,2,3,0.0,1.0,1,3,7,Apartment,Semi-Furnished,Ready to Move,Marathahalli,3.8,12.5,2.0,1,8850000
784,2,2,1.0,1.0,5,2,3,Apartment,Semi-Furnished,Ready to Move,Jayanagar,7.4,8.6,3.0,0,9570000
2572,4,5,1.0,1.0,4,3,3,Apartment,Semi-Furnished,Under Construction,Yelahanka,3.7,17.6,2.0,1,13960000
2080,4,4,2.0,2.0,3,3,7,Independent House,Semi-Furnished,Ready to Move,Jayanagar,7.6,6.3,0.0,2,30700000
2516,4,5,1.0,1.0,13,1,3,Independent House,Furnished,Under Construction,Banashankari,6.6,10.8,4.0,1,27590000
1932,3,3,,1.0,14,8,15,Apartment,Furnished,Ready to Move,Whitefield,6.9,16.3,4.0,2,17160000
734,2,3,2.0,2.0,35,6,7,Apartment,Furnished,Ready to Move,Whitefield,4.0,18.3,2.0,0,4760000
1192,2,3,3.0,1.0,2,2,10,Apartment,Semi-Furnished,Ready to Move,Whitefield,3.1,26.0,0.0,4,8550000
395,1,1,1.0,1.0,17,3,7,Independent House,Unfurnished,Ready to Move,Koramangala,9.0,1.0,3.0,2,5030000
1581,4,4,0.0,1.0,6,12,15,Independent House,Unfurnished,Ready to Move,Jayanagar,8.1,4.0,4.0,2,19180000
461,1,2,3.0,1.0,7,15,20,Apartment,Semi-Furnished,Ready to Move,Marathahalli,4.2,10.4,1.0,4,2720000
1541,3,4,0.0,1.0,18,6,15,Villa,Semi-Furnished,Under Construction,Whitefield,4.1,20.2,5.0,1,10830000
1409,3,3,2.0,1.0,22,7,10,Apartment,Semi-Furnished,Under Construction,Yelahanka,2.2,17.8,3.0,1,5740000
1353,3,3,0.0,1.0,10,3,3,Apartment,Semi-Furnished,Ready to Move,Hebbal,4.9,15.3,2.0,3,11490000
2058,4,5,2.0,0.0,3,6,7,Apartment,Furnished,Ready to Move,HSR Layout,7.4,8.8,0.0,5,29240000
615,1,1,3.0,2.0,5,6,7,Apartment,Unfurnished,Ready to Move,Whitefield,3.3,17.2,3.0,3,4220000
1587,3,3,1.0,2.0,7,7,25,Apartment,Furnished,Ready to Move,Koramangala,6.8,1.0,3.0,4,28140000
670,1,2,1.0,1.0,14,8,10,Apartment,Semi-Furnished,Ready to Move,Koramangala,8.9,4.1,3.0,1,7040000
750,1,1,1.0,0.0,8,4,10,Villa,Unfurnished,Ready to Move,Koramangala,6.7,10.4,4.0,2,10660000
945,2,2,1.0,1.0,3,5,15,Apartment,Furnished,Ready to Move,Jayanagar,6.9,4.2,3.0,2,11120000
492,1,1,1.0,1.0,4,6,10,Apartment,Furnished,Ready to Move,HSR Layout,6.5,9.8,5.0,0,5570000
1571,3,4,2.0,2.0,0,1,10,Apartment,Furnished,Under Construction,Electronic City,3.3,22.4,2.0,3,7970000
1079,3,3,1.0,1.0,20,4,5,Apartment,Furnished,Ready to Move,Banashankari,3.7,6.7,3.0,1,9570000
475,1,2,1.0,0.0,0,1,3,Apartment,Furnished,Ready to Move,Sarjapur Road,6.3,22.3,2.0,2,2790000
659,1,2,1.0,2.0,6,3,15,Apartment,Semi-Furnished,Under Construction,Yelahanka,3.6,19.6,2.0,3,2510000
1365,3,3,1.0,1.0,16,2,15,Apartment,Semi-Furnished,Under Construction,Koramangala,7.2,6.5,0.0,2,14220000
1516,4,5,0.0,1.0,4,3,7,Apartment,Unfurnished,Under Construction,Electronic City,3.8,24.9,4.0,0,7860000
666,2,2,2.0,0.0,12,7,10,Apartment,Unfurnished,Ready to Move,Jayanagar,9.4,3.9,3.0,2,6500000
1413,3,4,2.0,2.0,13,3,7,Apartment,Semi-Furnished,Under Construction,Whitefield,4.5,16.6,1.0,4,8550000
1719,3,3,1.0,0.0,0,4,10,Villa,Semi-Furnished,Under Construction,Whitefield,6.6,18.0,1.0,2,14110000
1715,3,4,1.0,1.0,4,4,5,Independent House,Semi-Furnished,Under Construction,Marathahalli,2.3,14.8,5.0,1,12510000
971,2,2,2.0,1.0,9,10,15,Apartment,Semi-Furnished,Ready to Move,Marathahalli,2.7,13.0,3.0,1,5350000
1962,3,3,1.0,2.0,4,9,10,Apartment,Furnished,Ready to Move,Electronic City,0.1,23.7,3.0,1,12420000
1370,3,4,0.0,0.0,6,7,10,Apartment,Semi-Furnished,Under Construction,Indiranagar,10.0,5.3,3.0,3,21270000
1361,3,3,2.0,1.0,7,1,3,Apartment,Furnished,Ready to Move,Electronic City,0.8,18.0,1.0,1,9280000
681,3,4,1.0,0.0,1,1,10,Apartment,Furnished,Ready to Move,Whitefield,4.6,23.7,2.0,1,5180000
2549,5,5,1.0,2.0,4,3,5,Apartment,Semi-Furnished,Ready to Move,Electronic City,5.9,20.5,1.0,2,19010000
1111,2,2,3.0,1.0,0,2,7,Apartment,Unfurnished,Ready to Move,Koramangala,9.5,6.4,4.0,2,14400000
3675,5,6,1.0,1.0,1,3,7,Independent House,Unfurnished,Ready to Move,Whitefield,4.9,17.5,1.0,2,35440000
1167,3,3,3.0,0.0,5,2,7,Apartment,Semi-Furnished,Ready to Move,Banashankari,6.6,5.4,2.0,1,9650000
1529,3,4,1.0,1.0,6,5,5,Apartment,Semi-Furnished,Under Construction,Marathahalli,3.0,11.2,1.0,0,9260000
665,1,1,2.0,1.0,1,6,20,Apartment,Semi-Furnished,Ready to Move,Sarjapur Road,4.4,13.7,2.0,2,4010000
952,2,2,1.0,1.0,11,6,7,Independent House,Furnished,Ready to Move,Electronic City,3.2,17.8,2.0,1,7340000
760,3,4,0.0,2.0,3,1,10,Independent House,Semi-Furnished,Under Construction,Electronic City,3.1,23.1,4.0,3,5320000
1469,3,3,2.0,0.0,20,5,10,Apartment,Semi-Furnished,Ready to Move,HSR Layout,6.6,7.2,3.0,2,14440000
633,1,1,2.0,1.0,3,4,10,Independent House,Furnished,Ready to Move,Whitefield,6.1,21.0,4.0,2,5640000
1134,3,4,1.0,2.0,1,4,10,Apartment,Semi-Furnished,Ready to Move,Koramangala,10.0,4.3,3.0,1,17650000
522,1,1,2.0,2.0,11,14,15,Independent House,Unfurnished,Ready to Move,Hebbal,4.6,14.6,4.0,1,5000000
2152,5,5,1.0,1.0,6,14,15,Independent House,Unfurnished,Under Construction,Marathahalli,2.4,10.9,4.0,1,15690000
971,4,5,2.0,1.0,3,4,7,Apartment,Unfurnished,Under Construction,Jayanagar,5.4,9.2,3.0,1,10250000
662,1,2,2.0,1.0,3,7,10,Villa,Furnished,Ready to Move,Indiranagar,10.0,2.3,3.0,2,15050000
1998,4,4,0.0,0.0,1,5,5,Apartment,Semi-Furnished,Ready to Move,Yelahanka,5.2,7.8,7.0,1,12110000
2639,4,4,1.0,0.0,3,3,3,Apartment,Semi-Furnished,Ready to Move,Whitefield,2.7,20.6,4.0,1,20340000
1112,2,3,1.0,1.0,0,1,10,Apartment,Semi-Furnished,Ready to Move,HSR Layout,8.8,7.4,5.0,0,12880000
1300,3,3,3.0,2.0,5,15,20,Villa,Semi-Furnished,Ready to Move,Electronic City,2.3,26.5,1.0,1,9320000
934,2,2,1.0,0.0,18,9,10,Apartment,Semi-Furnished,Under Construction,Hebbal,6.0,12.9,3.0,3,5480000
1558,3,4,2.0,0.0,12,8,10,Apartment,Furnished,Ready to Move,Banashankari,3.6,7.7,2.0,1,12420000
1133,2,2,0.0,1.0,0,2,5,Villa,Semi-Furnished,Ready to Move,HSR Layout,9.6,10.6,3.0,2,18950000
1011,2,2,2.0,1.0,17,2,10,Apartment,Furnished,Ready to Move,Yelahanka,2.1,14.5,4.0,0,4540000
1160,2,3,2.0,1.0,4,3,7,Apartment,Furnished,Ready to Move,Hebbal,3.4,17.1,2.0,1,12890000
893,2,3,2.0,1.0,1,6,15,Apartment,Unfurnished,Ready to Move,HSR Layout,5.6,8.4,2.0,2,9470000
1601,4,5,3.0,0.0,11,4,5,Apartment,Semi-Furnished,Ready to Move,Electronic City,7.3,23.4,4.0,2,10150000
937,2,2,0.0,1.0,3,3,10,Apartment,Furnished,Under Construction,Electronic City,3.7,19.5,4.0,0,4700000
988,2,2,1.0,2.0,2,14,20,Apartment,Furnished,Ready to Move,Banashankari,3.1,8.0,2.0,3,8920000
1519,4,5,3.0,1.0,1,20,20,Independent House,Unfurnished,Ready to Move,Koramangala,6.8,1.0,4.0,3,25440000
1025,3,3,1.0,2.0,5,3,20,Villa,Unfurnished,Ready to Move,Hebbal,2.4,12.7,0.0,2,10770000
1525,3,4,2.0,1.0,0,3,7,Apartment,Semi-Furnished,Under Construction,Electronic City,4.1,22.2,3.0,1,8940000
2572,5,5,2.0,2.0,12,3,20,Apartment,Unfurnished,Ready to Move,Sarjapur Road,1.8,19.6,0.0,2,14620000
1933,4,5,2.0,1.0,5,15,15,Apartment,Unfurnished,Under Construction,Indiranagar,10.0,6.4,1.0,2,28130000
881,2,2,1.0,2.0,4,20,20,Villa,Unfurnished,Ready to Move,Marathahalli,5.2,14.1,2.0,3,7890000
1825,3,3,1.0,1.0,0,12,20,Apartment,Unfurnished,Under Construction,Hebbal,4.8,18.1,7.0,2,13460000
3506,5,5,2.0,1.0,13,10,20,Apartment,Semi-Furnished,Ready to Move,Hebbal,6.9,11.9,3.0,1,31980000
714,2,3,1.0,1.0,5,4,5,Independent House,Furnished,Ready to Move,Hebbal,6.4,12.1,4.0,3,7190000
848,2,2,2.0,1.0,4,2,5,Apartment,Unfurnished,Under Construction,Whitefield,4.6,19.7,1.0,5,4960000
1111,2,3,1.0,0.0,11,8,10,Apartment,Semi-Furnished,Ready to Move,Sarjapur Road,2.5,18.6,3.0,1,6680000
1064,2,2,,2.0,0,4,10,Independent House,Semi-Furnished,Ready to Move,Koramangala,8.6,3.1,4.0,2,17520000
1388,3,3,1.0,,3,3,7,Villa,Furnished,Ready to Move,Electronic City,3.9,20.9,3.0,1,11200000
1081,3,4,3.0,1.0,6,3,10,Apartment,Semi-Furnished,Under Construction,Jayanagar,7.4,8.3,1.0,0,10640000
2417,5,5,1.0,1.0,4,1,3,Villa,Unfurnished,Ready to Move,Electronic City,3.5,21.9,0.0,3,17960000
1255,3,3,2.0,0.0,1,1,3,Apartment,Furnished,Ready to Move,Jayanagar,7.2,9.2,4.0,1,18030000
1002,2,2,3.0,1.0,2,3,7,Villa,Furnished,Ready to Move,Banashankari,5.1,2.3,2.0,0,12300000
737,1,2,2.0,1.0,2,5,5,Apartment,Semi-Furnished,Ready to Move,Koramangala,10.0,8.6,5.0,0,9660000
2415,5,6,3.0,2.0,38,5,15,Independent House,Unfurnished,Ready to Move,Marathahalli,2.1,16.7,7.0,4,11750000
755,2,2,0.0,0.0,3,13,20,Independent House,Unfurnished,Ready to Move,Electronic City,1.8,21.8,2.0,7,4730000
929,2,2,2.0,2.0,1,4,10,Independent House,Unfurnished,Ready to Move,Koramangala,8.1,3.8,5.0,1,12680000
2412,4,4,1.0,1.0,13,5,10,Independent House,Unfurnished,Ready to Move,Koramangala,6.9,5.9,2.0,1,34820000
994,3,4,2.0,2.0,4,1,3,Apartment,Unfurnished,Under Construction,Yelahanka,3.3,12.9,3.0,1,4150000
1226,2,2,2.0,0.0,4,9,10,Apartment,Unfurnished,Ready to Move,Yelahanka,1.3,16.1,1.0,1,4540000
1931,4,5,1.0,1.0,6,11,15,Apartment,Semi-Furnished,Ready to Move,Yelahanka,1.6,16.5,4.0,2,9070000
2388,5,5,1.0,1.0,7,6,10,Villa,Furnished,Under Construction,Banashankari,7.8,1.9,4.0,1,23490000
373,1,2,2.0,1.0,7,5,5,Independent House,Semi-Furnished,Ready to Move,HSR Layout,6.0,11.0,2.0,0,4670000
2282,4,4,0.0,0.0,0,9,15,Apartment,Unfurnished,Ready to Move,Electronic City,1.6,17.9,2.0,1,12090000
917,2,3,2.0,1.0,13,8,25,Independent House,Furnished,Ready to Move,Marathahalli,3.8,17.2,1.0,2,7530000
1447,3,3,0.0,0.0,1,3,7,Independent House,Furnished,Under Construction,Indiranagar,10.0,9.0,3.0,2,27330000
1639,4,4,3.0,1.0,2,2,5,Independent House,Unfurnished,Under Construction,Electronic City,5.1,26.5,3.0,0,8180000
2621,5,6,1.0,1.0,1,6,7,Independent House,Unfurnished,Under Construction,Electronic City,1.1,21.0,0.0,3,13140000
857,2,3,2.0,1.0,11,2,3,Apartment,Unfurnished,Ready to Move,Marathahalli,2.8,13.0,1.0,3,4940000
930,2,2,0.0,2.0,7,2,20,Apartment,Semi-Furnished,Under Construction,Marathahalli,4.3,8.1,5.0,2,5250000
476,1,2,1.0,1.0,11,19,20,Apartment,Unfurnished,Ready to Move,Koramangala,7.9,6.0,2.0,0,4640000
970,3,3,1.0,1.0,8,3,10,Apartment,Unfurnished,Under Construction,Indiranagar,6.3,1.0,2.0,1,11530000
850,1,1,1.0,1.0,0,13,15,Villa,Semi-Furnished,Ready to Move,Jayanagar,4.5,1.7,0.0,0,12530000
690,2,2,0.0,1.0,2,1,10,Independent House,Semi-Furnished,Ready to Move,Marathahalli,2.4,13.1,1.0,8,5680000
569,1,1,2.0,2.0,5,5,7,Independent House,Semi-Furnished,Ready to Move,HSR Layout,3.7,6.7,2.0,6,7050000
613,2,3,0.0,2.0,2,8,10,Villa,Semi-Furnished,Ready to Move,Sarjapur Road,3.0,15.1,1.0,2,5280000
330,1,1,2.0,2.0,1,9,15,Apartment,Unfurnished,Ready to Move,Whitefield,6.1,20.1,4.0,3,2180000
2039,4,4,1.0,2.0,16,7,15,Apartment,Semi-Furnished,Ready to Move,Electronic City,2.3,24.6,0.0,2,12220000
983,2,2,1.0,2.0,11,1,3,Apartment,Semi-Furnished,Ready to Move,Hebbal,6.6,13.6,1.0,1,8550000
1189,2,2,1.0,1.0,3,8,10,Apartment,Semi-Furnished,Ready to Move,Jayanagar,6.7,6.6,2.0,2,13460000
2159,4,5,2.0,2.0,11,1,7,Apartment,Semi-Furnished,Ready to Move,HSR Layout,6.1,13.4,1.0,4,19880000
1358,3,4,1.0,2.0,7,12,15,Apartment,Unfurnished,Ready to Move,Sarjapur Road,1.2,18.4,,5,7370000
769,2,2,1.0,0.0,0,9,10,Apartment,Unfurnished,Under Construction,Jayanagar,8.4,4.4,4.0,1,6530000
714,1,1,1.0,0.0,3,1,7,Apartment,Unfurnished,Ready to Move,Hebbal,5.2,9.7,4.0,4,6050000
1660,3,4,0.0,1.0,2,11,15,Villa,Unfurnished,Ready to Move,Sarjapur Road,1.3,19.7,3.0,0,11410000
713,2,2,0.0,2.0,1,2,10,Apartment,Unfurnished,Ready to Move,Marathahalli,4.6,10.7,4.0,1,4830000
1410,3,3,0.0,1.0,2,5,7,Apartment,Unfurnished,Under Construction,Indiranagar,7.8,6.0,6.0,2,15710000
977,2,2,1.0,1.0,22,3,20,Apartment,Semi-Furnished,Ready to Move,Koramangala,8.1,2.7,6.0,3,9920000
884,2,2,2.0,1.0,5,2,5,Independent House,Unfurnished,Ready to Move,HSR Layout,6.7,7.5,5.0,0,10870000
1616,3,4,1.0,0.0,15,3,3,Apartment,Furnished,Under Construction,Electronic City,5.2,19.4,2.0,3,8290000
1632,3,3,1.0,2.0,1,3,5,Apartment,Furnished,Ready to Move,Marathahalli,2.3,16.9,3.0,2,16300000
1923,4,5,0.0,2.0,1,5,5,Villa,Semi-Furnished,Ready to Move,Jayanagar,7.5,3.4,1.0,3,38100000
519,1,1,2.0,2.0,17,3,10,Apartment,Semi-Furnished,Ready to Move,HSR Layout,8.3,9.2,8.0,1,4780000
1819,3,3,1.0,0.0,5,9,10,Independent House,Furnished,Ready to Move,Whitefield,8.1,18.6,3.0,1,16420000
652,1,2,2.0,2.0,18,2,7,Apartment,Semi-Furnished,Ready to Move,Jayanagar,8.2,9.2,6.0,1,6830000
1420,3,4,2.0,1.0,0,5,5,Apartment,Furnished,Ready to Move,HSR Layout,6.9,14.6,2.0,3,19360000
1348,4,5,2.0,1.0,19,4,5,Apartment,Furnished,Under Construction,Sarjapur Road,4.1,20.7,1.0,0,8860000
1015,2,2,1.0,1.0,4,5,10,Villa,Furnished,Ready to Move,Whitefield,6.7,18.9,3.0,3,12940000
2279,4,5,1.0,1.0,1,5,10,Apartment,Semi-Furnished,Ready to Move,Marathahalli,3.6,15.0,4.0,2,16330000
628,3,3,1.0,2.0,9,1,7,Apartment,Unfurnished,Ready to Move,Yelahanka,4.2,13.3,1.0,1,3010000
2100,4,4,3.0,1.0,12,2,5,Apartment,Unfurnished,Ready to Move,Koramangala,10.0,4.6,3.0,2,25920000
1283,3,4,2.0,2.0,0,3,3,Apartment,Semi-Furnished,Ready to Move,Indiranagar,8.5,1.0,3.0,1,24050000
908,2,3,1.0,1.0,34,2,3,Apartment,Semi-Furnished,Under Construction,Whitefield,1.3,20.7,6.0,2,3930000
777,2,3,3.0,1.0,9,2,5,Villa,Unfurnished,Ready to Move,Marathahalli,2.7,13.8,1.0,1,6240000
921,2,3,1.0,1.0,3,12,15,Villa,Unfurnished,Ready to Move,Jayanagar,7.1,7.3,1.0,4,12980000
1214,2,2,1.0,1.0,1,6,7,Apartment,Semi-Furnished,Under Construction,Electronic City,2.1,22.0,2.0,1,5360000
1275,3,3,0.0,2.0,3,2,3,Apartment,Semi-Furnished,Ready to Move,Jayanagar,6.1,8.5,1.0,6,14220000
1670,3,4,1.0,1.0,1,2,10,Villa,Semi-Furnished,Ready to Move,Yelahanka,2.6,13.7,1.0,4,11550000
2348,5,5,2.0,1.0,5,9,10,Apartment,Semi-Furnished,Ready to Move,Koramangala,8.8,6.3,5.0,2,36270000
1094,2,2,2.0,2.0,12,4,7,Apartment,Semi-Furnished,Ready to Move,Whitefield,2.9,21.4,5.0,2,6080000
1400,3,3,2.0,1.0,8,1,5,Apartment,Unfurnished,Ready to Move,Hebbal,4.1,15.3,6.0,2,9090000
2140,4,4,1.0,0.0,4,9,15,Villa,Furnished,Ready to Move,Marathahalli,6.1,17.5,3.0,0,21120000
2002,4,5,2.0,1.0,1,6,10,Independent House,Unfurnished,Ready to Move,Yelahanka,2.3,13.1,2.0,2,12310000
1071,2,2,2.0,1.0,25,5,7,Villa,Furnished,Under Construction,Marathahalli,5.1,15.6,0.0,2,7850000
681,3,3,1.0,2.0,2,5,7,Apartment,Furnished,Ready to Move,Hebbal,5.0,8.5,2.0,2,6750000
680,2,3,1.0,0.0,2,5,5,Apartment,Semi-Furnished,Under Construction,Indiranagar,8.6,8.5,3.0,3,8720000
1029,2,2,2.0,1.0,8,6,15,Independent House,Semi-Furnished,Ready to Move,Sarjapur Road,4.8,15.4,3.0,0,7720000
561,2,3,2.0,0.0,11,7,10,Apartment,Semi-Furnished,Under Construction,Yelahanka,0.2,14.9,3.0,2,2450000
1787,4,4,2.0,0.0,33,3,3,Independent House,Furnished,Ready to Move,Marathahalli,4.7,14.7,2.0,1,11590000
1384,3,4,0.0,1.0,27,1,7,Independent House,Unfurnished,Ready to Move,Koramangala,8.8,6.2,4.0,4,16430000
1168,3,3,0.0,1.0,19,18,20,Apartment,Semi-Furnished,Ready to Move,HSR Layout,7.6,11.1,0.0,5,12390000
2412,5,5,2.0,1.0,4,4,10,Independent House,Unfurnished,Under Construction,Koramangala,7.4,6.3,1.0,3,34370000
579,1,1,2.0,1.0,1,3,7,Apartment,Furnished,Ready to Move,HSR Layout,6.3,10.0,3.0,1,7670000
1682,3,3,1.0,1.0,7,5,10,Independent House,Furnished,Ready to Move,Electronic City,0.0,22.7,2.0,2,11310000
1131,3,4,2.0,1.0,0,3,5,Apartment,Semi-Furnished,Ready to Move,Jayanagar,5.7,1.0,4.0,4,13410000
840,2,2,3.0,0.0,1,3,10,Apartment,Semi-Furnished,Ready to Move,Marathahalli,4.3,17.1,3.0,3,5630000
1195,3,4,3.0,2.0,0,9,10,Villa,Unfurnished,Ready to Move,Indiranagar,10.0,4.1,1.0,3,24180000
489,2,2,2.0,0.0,1,2,20,Independent House,Semi-Furnished,Ready to Move,Marathahalli,6.8,12.7,7.0,2,3790000
2056,4,5,1.0,0.0,5,4,10,Apartment,Furnished,Ready to Move,Whitefield,3.8,25.8,5.0,0,18340000
1127,2,3,2.0,1.0,3,4,7,Apartment,Semi-Furnished,Under Construction,Whitefield,5.6,11.9,4.0,1,7730000
1143,2,2,0.0,2.0,3,5,15,Apartment,Semi-Furnished,Ready to Move,Koramangala,7.8,4.3,1.0,3,15580000
1156,3,3,2.0,2.0,14,2,20,Apartment,Furnished,Ready to Move,Jayanagar,4.2,1.0,1.0,2,14260000
712,2,3,0.0,1.0,8,4,10,Apartment,Semi-Furnished,Ready to Move,HSR Layout,7.2,11.0,1.0,0,6730000
954,2,2,2.0,0.0,22,3,3,Apartment,Furnished,Ready to Move,HSR Layout,9.1,7.9,2.0,3,9560000
1107,2,2,2.0,1.0,4,3,20,Apartment,Semi-Furnished,Ready to Move,Electronic City,2.8,13.2,3.0,1,5560000
979,2,3,2.0,2.0,2,5,5,Apartment,Unfurnished,Under Construction,Hebbal,3.6,15.3,3.0,1,6910000
1481,3,4,2.0,1.0,1,3,5,Apartment,Semi-Furnished,Ready to Move,Whitefield,4.4,16.1,1.0,1,11530000
1719,3,4,0.0,1.0,8,6,7,Apartment,Furnished,Ready to Move,Marathahalli,3.8,16.8,8.0,0,14840000
1193,3,3,2.0,0.0,14,4,7,Apartment,Semi-Furnished,Under Construction,Marathahalli,7.9,11.1,1.0,5,6320000
1338,3,3,1.0,0.0,1,1,15,Independent House,Semi-Furnished,Under Construction,Hebbal,6.5,10.6,1.0,3,11660000
1260,2,3,1.0,1.0,16,3,7,Apartment,Furnished,Ready to Move,Yelahanka,3.2,9.1,4.0,2,6140000
912,2,2,3.0,0.0,5,3,3,Independent House,Furnished,Under Construction,Whitefield,0.0,21.3,2.0,1,8820000
1045,3,3,2.0,1.0,1,7,10,Villa,Furnished,Ready to Move,Koramangala,7.8,2.3,2.0,2,25430000
1732,4,5,2.0,1.0,8,2,10,Villa,Semi-Furnished,Ready to Move,Yelahanka,5.8,14.9,3.0,2,11510000
771,2,2,1.0,1.0,5,14,15,Villa,Semi-Furnished,Under Construction,Indiranagar,8.8,4.7,3.0,3,12370000
1017,2,2,2.0,0.0,0,5,7,Independent House,Furnished,Under Construction,Jayanagar,7.9,1.1,2.0,4,12490000
1149,3,4,2.0,1.0,4,3,3,Apartment,Semi-Furnished,Ready to Move,Marathahalli,4.6,16.1,4.0,2,8740000
1475,3,3,2.0,2.0,12,1,10,Apartment,Semi-Furnished,Ready to Move,Marathahalli,3.3,12.3,4.0,3,11060000
1193,3,3,3.0,0.0,6,3,5,Villa,Semi-Furnished,Under Construction,Yelahanka,5.5,22.9,5.0,5,7270000
316,1,1,1.0,1.0,2,1,3,Apartment,Semi-Furnished,Ready to Move,Banashankari,5.0,6.6,7.0,3,2350000
1485,3,3,2.0,2.0,21,11,15,Independent House,Unfurnished,Ready to Move,Sarjapur Road,2.6,16.8,5.0,2,8110000
566,1,2,2.0,1.0,2,2,7,Apartment,Unfurnished,Under Construction,HSR Layout,6.4,5.9,2.0,0,5030000
1544,3,3,1.0,0.0,2,4,10,Villa,Semi-Furnished,Ready to Move,Yelahanka,5.1,11.2,5.0,3,10340000
1730,4,4,1.0,0.0,3,3,10,Apartment,Semi-Furnished,Ready to Move,Whitefield,2.1,22.6,6.0,7,13980000
1181,3,3,3.0,1.0,17,5,7,Apartment,Furnished,Ready to Move,HSR Layout,6.7,13.2,4.0,2,15870000
1026,2,3,0.0,1.0,5,2,3,Apartment,Unfurnished,Ready to Move,Yelahanka,3.1,14.3,3.0,2,4220000
3650,5,6,1.0,1.0,9,6,7,Villa,Semi-Furnished,Ready to Move,HSR Layout,4.0,10.4,6.0,1,62180000
2004,4,4,1.0,2.0,29,5,5,Independent House,Furnished,Ready to Move,HSR Layout,7.5,13.7,1.0,1,26870000
1518,3,3,0.0,1.0,12,7,25,Apartment,Semi-Furnished,Ready to Move,Koramangala,8.4,4.9,5.0,4,21120000
888,2,3,2.0,1.0,1,5,15,Independent House,Semi-Furnished,Under Construction,Hebbal,6.3,13.5,4.0,3,8600000
656,2,2,1.0,2.0,12,6,10,Apartment,Furnished,Ready to Move,Jayanagar,8.4,6.3,3.0,3,7140000
2386,4,4,1.0,1.0,11,1,3,Apartment,Semi-Furnished,Under Construction,Marathahalli,3.9,12.0,5.0,2,15160000
1654,3,3,2.0,1.0,2,4,5,Apartment,Semi-Furnished,Ready to Move,HSR Layout,5.5,11.2,3.0,2,19610000
2284,4,4,1.0,0.0,3,11,15,Apartment,Furnished,Ready to Move,Sarjapur Road,1.5,23.6,3.0,1,18290000
915,2,3,2.0,1.0,9,10,20,Apartment,Unfurnished,Under Construction,Sarjapur Road,2.7,16.4,3.0,1,4260000
1063,2,3,2.0,1.0,2,3,3,Apartment,Semi-Furnished,Ready to Move,Electronic City,3.3,24.6,1.0,4,5890000
3300,5,6,2.0,1.0,1,1,20,Villa,Furnished,Ready to Move,Electronic City,1.9,22.5,5.0,1,31030000
1853,3,4,2.0,0.0,9,2,7,Villa,Semi-Furnished,Under Construction,HSR Layout,7.2,8.2,3.0,1,22170000
1137,2,3,0.0,1.0,17,1,5,Apartment,Furnished,Ready to Move,Banashankari,3.3,10.7,5.0,2,9360000
962,2,3,0.0,0.0,0,3,5,Apartment,Unfurnished,Ready to Move,Marathahalli,1.4,16.3,2.0,1,6420000
1033,3,3,1.0,0.0,4,10,15,Apartment,Semi-Furnished,Under Construction,Yelahanka,2.1,17.7,2.0,6,4020000
567,1,1,0.0,0.0,7,3,10,Apartment,Semi-Furnished,Ready to Move,Electronic City,3.6,27.2,3.0,1,2590000
1471,3,4,1.0,0.0,9,4,15,Apartment,Semi-Furnished,Ready to Move,Hebbal,3.1,17.5,5.0,2,11250000
1084,2,2,1.0,1.0,44,1,5,Apartment,Unfurnished,Under Construction,Sarjapur Road,2.3,18.2,2.0,4,2860000
1779,3,3,2.0,2.0,9,4,10,Independent House,Unfurnished,Under Construction,Sarjapur Road,2.7,17.7,2.0,2,9350000
931,2,2,1.0,2.0,7,4,5,Independent House,Furnished,Ready to Move,Banashankari,3.9,3.7,5.0,4,9290000
3976,5,5,1.0,2.0,36,3,3,Apartment,Furnished,Ready to Move,Electronic City,3.8,26.6,1.0,2,23020000
615,2,2,1.0,0.0,0,3,5,Apartment,Semi-Furnished,Under Construction,Koramangala,9.0,3.8,5.0,2,7790000
1517,3,3,1.0,0.0,0,5,15,Apartment,Semi-Furnished,Ready to Move,Marathahalli,3.3,12.2,4.0,4,9850000
462,1,1,2.0,1.0,6,10,10,Independent House,Semi-Furnished,Ready to Move,Sarjapur Road,2.1,15.2,4.0,2,3540000
865,3,4,2.0,2.0,3,3,5,Apartment,Furnished,Ready to Move,Marathahalli,4.2,11.2,2.0,3,7040000
2687,5,6,2.0,1.0,0,1,7,Apartment,Semi-Furnished,Ready to Move,HSR Layout,7.1,15.3,2.0,0,35360000
1417,4,5,2.0,1.0,2,8,15,Villa,Furnished,Ready to Move,Jayanagar,9.1,8.7,7.0,3,28470000
1354,3,4,2.0,0.0,8,3,7,Apartment,Furnished,Under Construction,Electronic City,5.1,17.5,2.0,1,7820000
1409,3,3,2.0,0.0,17,19,20,Apartment,Semi-Furnished,Ready to Move,Indiranagar,6.8,1.0,2.0,1,21060000
2447,4,4,0.0,1.0,0,12,20,Apartment,Unfurnished,Ready to Move,Marathahalli,3.8,14.4,1.0,2,16690000
1396,4,4,0.0,1.0,6,4,10,Apartment,Semi-Furnished,Ready to Move,Sarjapur Road,4.4,15.0,3.0,2,9890000
3308,5,6,2.0,0.0,2,7,10,Apartment,Furnished,Ready to Move,HSR Layout,5.1,9.2,1.0,1,49560000
968,2,2,1.0,2.0,8,2,10,Apartment,Semi-Furnished,Ready to Move,Electronic City,2.8,26.7,1.0,4,5500000
3376,5,6,1.0,2.0,6,2,7,Apartment,Furnished,Ready to Move,HSR Layout,7.3,13.2,3.0,1,49790000
867,2,2,0.0,2.0,20,3,7,Apartment,Furnished,Under Construction,Koramangala,8.4,1.0,4.0,0,9890000
696,2,3,1.0,2.0,0,1,5,Independent House,Semi-Furnished,Under Construction,Hebbal,5.0,9.0,5.0,2,5950000
416,1,1,2.0,0.0,5,12,20,Apartment,Semi-Furnished,Ready to Move,Yelahanka,2.0,16.7,3.0,2,1620000
704,2,3,1.0,2.0,1,9,15,Apartment,Semi-Furnished,Under Construction,Electronic City,1.2,25.4,1.0,1,3850000
1533,3,3,1.0,1.0,6,2,3,Villa,Unfurnished,Ready to Move,Sarjapur Road,3.2,15.5,5.0,2,11480000
2590,4,4,1.0,2.0,15,6,10,Independent House,Semi-Furnished,Under Construction,Yelahanka,2.9,17.1,2.0,2,14780000
1241,3,3,2.0,0.0,19,6,7,Independent House,Unfurnished,Under Construction,Hebbal,2.8,10.6,2.0,3,7600000
1576,3,4,2.0,1.0,4,11,15,Apartment,Furnished,Ready to Move,Koramangala,8.1,9.3,3.0,1,26830000
973,3,3,1.0,0.0,13,2,7,Apartment,Furnished,Ready to Move,Banashankari,5.3,9.9,4.0,1,7850000
1450,3,4,2.0,0.0,2,6,10,Villa,Unfurnished,Ready to Move,Electronic City,2.3,21.4,2.0,0,9090000
1077,2,3,1.0,2.0,0,3,5,Villa,Semi-Furnished,Ready to Move,Electronic City,3.9,17.5,1.0,3,7830000
1420,4,5,2.0,2.0,15,4,10,Apartment,Semi-Furnished,Ready to Move,Whitefield,4.7,16.8,3.0,3,13000000
1342,3,3,2.0,1.0,1,6,7,Independent House,Furnished,Ready to Move,Indiranagar,8.2,1.0,2.0,6,31340000
1600,3,3,3.0,1.0,0,2,5,Apartment,Semi-Furnished,Ready to Move,Whitefield,3.7,20.8,4.0,2,11870000
578,3,3,1.0,1.0,3,1,10,Independent House,Unfurnished,Ready to Move,HSR Layout,5.8,12.0,9.0,2,6330000
2534,4,5,0.0,1.0,3,1,10,Independent House,Unfurnished,Under Construction,Electronic City,2.0,24.1,3.0,1,13570000
1017,2,3,1.0,2.0,0,23,25,Villa,Unfurnished,Ready to Move,Hebbal,5.5,10.2,2.0,0,12320000
1086,2,3,0.0,1.0,13,1,10,Independent House,Furnished,Ready to Move,Yelahanka,1.7,19.8,4.0,3,6280000
1284,3,3,1.0,1.0,4,5,10,Villa,Semi-Furnished,Ready to Move,Electronic City,2.2,26.8,4.0,2,8810000
917,3,3,1.0,2.0,5,10,20,Apartment,Furnished,Ready to Move,Hebbal,5.7,10.0,0.0,1,8730000
2213,4,5,1.0,1.0,2,11,15,Apartment,Semi-Furnished,Ready to Move,Hebbal,4.6,15.5,1.0,5,22810000
934,2,2,3.0,1.0,5,8,10,Apartment,Semi-Furnished,Under Construction,Sarjapur Road,3.8,18.4,1.0,1,4650000
956,2,3,1.0,2.0,11,6,10,Apartment,Furnished,Ready to Move,Koramangala,5.4,2.4,3.0,0,16040000
2435,4,4,3.0,2.0,18,14,20,Villa,Furnished,Ready to Move,Sarjapur Road,2.9,21.7,2.0,0,22690000
1613,3,3,2.0,2.0,28,3,10,Apartment,Unfurnished,Ready to Move,Yelahanka,5.5,12.4,1.0,2,6780000
1937,3,4,2.0,1.0,4,14,15,Apartment,Unfurnished,Under Construction,Sarjapur Road,1.0,13.5,3.0,2,10840000
979,2,2,3.0,1.0,36,2,3,Apartment,Unfurnished,Ready to Move,Electronic City,6.0,20.8,2.0,2,3530000
818,2,2,2.0,1.0,2,14,15,Independent House,Furnished,Under Construction,Jayanagar,7.1,5.3,9.0,3,11960000
1347,3,4,2.0,0.0,0,7,7,Apartment,Furnished,Ready to Move,Marathahalli,3.2,9.1,7.0,2,11070000
1028,2,3,1.0,1.0,11,2,5,Apartment,Unfurnished,Under Construction,Jayanagar,6.4,7.5,1.0,3,8890000
2406,4,5,1.0,1.0,1,4,15,Apartment,Unfurnished,Ready to Move,Whitefield,6.2,17.7,4.0,0,21290000
989,3,4,3.0,1.0,0,9,10,Villa,Semi-Furnished,Ready to Move,Electronic City,0.0,18.1,1.0,1,7550000
951,2,2,1.0,2.0,20,1,7,Apartment,Semi-Furnished,Under Construction,Hebbal,7.1,13.9,1.0,3,6790000
1850,3,3,0.0,2.0,12,1,7,Villa,Semi-Furnished,Ready to Move,Hebbal,5.4,10.7,2.0,4,23860000
1332,3,3,2.0,0.0,0,5,5,Apartment,Furnished,Ready to Move,Koramangala,9.5,7.2,3.0,1,22210000
1126,2,2,2.0,1.0,12,1,3,Apartment,Furnished,Ready to Move,Banashankari,2.0,9.4,2.0,4,8540000
1043,2,2,2.0,2.0,14,6,7,Independent House,Unfurnished,Ready to Move,Electronic City,3.0,21.4,0.0,4,5660000
1131,2,3,0.0,1.0,18,4,5,Apartment,Unfurnished,Under Construction,Marathahalli,0.5,17.3,2.0,5,4790000
1173,3,3,2.0,2.0,6,3,7,Apartment,Semi-Furnished,Under Construction,Sarjapur Road,5.5,19.3,1.0,3,6530000
1174,3,4,1.0,2.0,9,7,15,Apartment,Semi-Furnished,Ready to Move,Hebbal,3.5,11.9,4.0,0,9760000
1405,3,3,3.0,1.0,11,3,5,Apartment,Furnished,Ready to Move,Yelahanka,1.5,17.5,3.0,3,7750000
970,3,3,0.0,1.0,9,2,3,Apartment,Semi-Furnished,Ready to Move,Electronic City,0.4,23.6,2.0,1,4890000
1324,3,3,2.0,1.0,8,20,20,Apartment,Semi-Furnished,Ready to Move,Hebbal,5.7,8.7,4.0,4,11950000
1470,3,4,0.0,1.0,6,10,15,Apartment,Semi-Furnished,Ready to Move,Koramangala,8.1,11.1,2.0,2,20530000
1899,3,3,0.0,1.0,5,2,3,Apartment,Unfurnished,Ready to Move,Sarjapur Road,2.5,18.2,4.0,4,10590000
1026,2,2,1.0,2.0,44,3,3,Villa,Semi-Furnished,Under Construction,Sarjapur Road,4.1,18.3,4.0,2,5270000
2250,4,5,1.0,2.0,3,7,10,Independent House,Furnished,Ready to Move,Marathahalli,2.8,8.7,1.0,2,23440000
1726,3,3,2.0,1.0,0,7,7,Apartment,Furnished,Under Construction,HSR Layout,3.7,10.4,5.0,3,22310000
1614,4,4,0.0,2.0,11,2,15,Apartment,Unfurnished,Ready to Move,Yelahanka,2.5,16.5,3.0,2,8290000
1353,3,4,1.0,1.0,1,7,7,Apartment,Semi-Furnished,Ready to Move,Koramangala,10.0,1.0,3.0,2,20490000
1410,2,2,1.0,2.0,6,14,25,Apartment,Semi-Furnished,Ready to Move,Whitefield,5.8,16.9,2.0,2,10690000
1377,3,3,2.0,0.0,0,9,10,Apartment,Semi-Furnished,Ready to Move,Sarjapur Road,4.3,15.3,4.0,2,9350000
1162,2,3,0.0,1.0,7,2,3,Apartment,Semi-Furnished,Under Construction,Indiranagar,9.0,4.1,4.0,1,14500000
1669,3,3,1.0,1.0,23,4,7,Apartment,Furnished,Under Construction,Hebbal,4.5,12.6,1.0,1,11610000
986,3,3,2.0,1.0,10,6,10,Apartment,Unfurnished,Ready to Move,Electronic City,4.4,21.3,1.0,0,5290000
2124,4,4,3.0,0.0,1,3,5,Apartment,Semi-Furnished,Ready to Move,Koramangala,8.8,4.9,4.0,3,35750000
1441,3,3,2.0,2.0,28,1,3,Independent House,Furnished,Ready to Move,Hebbal,4.9,14.0,3.0,2,13270000
1492,3,3,2.0,1.0,2,2,3,Apartment,Furnished,Ready to Move,Jayanagar,7.0,7.6,3.0,3,21610000
806,2,2,0.0,2.0,4,2,10,Villa,Unfurnished,Ready to Move,Koramangala,5.6,5.1,3.0,2,12690000
2174,5,5,2.0,1.0,5,6,10,Independent House,Semi-Furnished,Under Construction,Sarjapur Road,2.9,18.9,3.0,4,14740000
1809,4,4,2.0,0.0,37,2,3,Apartment,Unfurnished,Ready to Move,Jayanagar,4.9,6.9,2.0,3,13920000
1372,3,4,3.0,1.0,0,9,10,Apartment,Furnished,Ready to Move,Marathahalli,2.2,13.6,2.0,3,12170000
1175,2,3,1.0,2.0,9,2,10,Apartment,Semi-Furnished,Under Construction,Indiranagar,9.4,3.0,3.0,0,15820000
1908,3,4,3.0,1.0,3,15,20,Apartment,Unfurnished,Ready to Move,Hebbal,3.1,11.7,3.0,0,16380000
1215,2,2,1.0,0.0,0,9,15,Apartment,Semi-Furnished,Ready to Move,Hebbal,6.2,14.0,3.0,7,10540000
1640,3,3,2.0,2.0,21,10,20,Villa,Semi-Furnished,Under Construction,Sarjapur Road,5.2,19.9,1.0,3,9710000
759,2,2,1.0,1.0,7,2,25,Apartment,Unfurnished,Ready to Move,Whitefield,4.2,21.5,5.0,2,5220000
1285,3,4,1.0,1.0,11,6,7,Apartment,Furnished,Ready to Move,Hebbal,4.1,10.6,0.0,3,13360000
1458,3,3,1.0,1.0,2,5,10,Villa,Unfurnished,Ready to Move,Marathahalli,5.5,13.4,5.0,3,10320000
829,2,2,1.0,1.0,11,3,7,Independent House,Semi-Furnished,Under Construction,Sarjapur Road,4.5,17.4,4.0,0,4830000
1561,3,3,2.0,1.0,14,2,10,Apartment,Semi-Furnished,Ready to Move,Electronic City,5.1,20.2,2.0,3,8280000
2288,4,4,2.0,2.0,4,5,5,Villa,Furnished,Ready to Move,Yelahanka,1.4,18.7,4.0,0,20120000
1051,2,2,2.0,2.0,6,7,10,Apartment,Unfurnished,Ready to Move,Sarjapur Road,3.3,12.5,4.0,2,6310000
1687,3,3,1.0,1.0,28,3,3,Apartment,Semi-Furnished,Ready to Move,Whitefield,4.0,26.1,2.0,0,10970000
778,2,2,3.0,1.0,15,4,5,Apartment,Unfurnished,Under Construction,Electronic City,3.6,28.2,2.0,0,3130000
652,1,2,2.0,0.0,4,3,5,Apartment,Furnished,Ready to Move,Yelahanka,3.9,16.2,3.0,2,3130000
817,2,2,1.0,0.0,8,7,20,Independent House,Unfurnished,Ready to Move,Whitefield,4.5,21.2,2.0,2,6890000
1136,3,4,2.0,1.0,12,5,5,Apartment,Semi-Furnished,Ready to Move,Banashankari,6.7,10.5,0.0,2,10300000
1051,2,2,1.0,1.0,0,15,20,Apartment,Semi-Furnished,Under Construction,Marathahalli,3.4,11.7,2.0,3,6980000
2486,4,4,0.0,0.0,7,5,5,Apartment,Unfurnished,Ready to Move,Marathahalli,2.4,15.7,2.0,1,17650000
1536,3,3,1.0,1.0,33,2,10,Apartment,Unfurnished,Ready to Move,HSR Layout,5.3,14.0,3.0,1,10740000
552,1,1,2.0,1.0,23,1,7,Apartment,Unfurnished,Ready to Move,HSR Layout,5.1,4.6,2.0,1,4430000
1486,3,3,1.0,2.0,14,2,7,Apartment,Furnished,Under Construction,Yelahanka,2.3,11.7,3.0,3,7730000
975,2,2,1.0,1.0,0,19,25,Independent House,Semi-Furnished,Under Construction,HSR Layout,5.9,12.3,4.0,2,9490000
1084,3,3,3.0,1.0,40,1,5,Apartment,Furnished,Ready to Move,Sarjapur Road,3.3,17.2,3.0,3,5750000
713,2,2,1.0,1.0,7,2,5,Apartment,Unfurnished,Ready to Move,Electronic City,3.7,20.8,3.0,4,3250000
935,2,2,1.0,1.0,2,8,10,Apartment,Unfurnished,Ready to Move,Koramangala,7.3,3.0,4.0,1,12480000
1422,3,3,3.0,1.0,8,13,15,Apartment,Furnished,Ready to Move,Whitefield,5.9,16.6,2.0,6,13290000
2806,5,5,1.0,1.0,15,12,25,Apartment,Semi-Furnished,Ready to Move,Jayanagar,3.8,4.8,3.0,0,32650000
1078,2,2,2.0,1.0,0,13,15,Independent House,Furnished,Ready to Move,Banashankari,1.3,4.0,3.0,0,12340000
1913,4,5,1.0,1.0,19,3,10,Independent House,Furnished,Ready to Move,Electronic City,4.8,25.9,7.0,4,15100000
1056,2,2,2.0,2.0,20,7,7,Apartment,Furnished,Under Construction,Electronic City,4.7,22.4,0.0,2,5040000
1942,4,4,1.0,1.0,0,6,10,Apartment,Unfurnished,Under Construction,Electronic City,5.2,22.3,2.0,2,8510000
1910,3,4,3.0,1.0,18,9,10,Independent House,Unfurnished,Ready to Move,Jayanagar,7.6,8.0,3.0,1,19330000
965,2,3,1.0,2.0,23,2,5,Apartment,Unfurnished,Ready to Move,Indiranagar,8.7,13.4,5.0,2,13110000
1394,2,3,2.0,0.0,0,10,10,Apartment,Furnished,Ready to Move,Yelahanka,2.6,12.8,2.0,2,7420000
1016,2,3,3.0,1.0,2,3,5,Apartment,Semi-Furnished,Ready to Move,Jayanagar,4.3,1.0,4.0,1,11350000
909,2,3,3.0,2.0,3,9,10,Villa,Semi-Furnished,Ready to Move,Jayanagar,6.9,5.9,9.0,4,14360000
779,2,3,0.0,1.0,3,7,7,Apartment,Furnished,Under Construction,Koramangala,5.8,1.0,2.0,1,10150000
995,3,3,2.0,1.0,11,5,7,Independent House,Semi-Furnished,Under Construction,Banashankari,8.4,7.0,3.0,4,8060000
2244,5,6,1.0,1.0,3,8,10,Independent House,Unfurnished,Under Construction,HSR Layout,4.8,12.6,2.0,6,21370000
453,1,2,2.0,1.0,25,2,3,Apartment,Semi-Furnished,Ready to Move,Whitefield,4.2,24.6,2.0,2,2850000
1510,3,4,1.0,1.0,42,3,3,Villa,Unfurnished,Under Construction,Marathahalli,6.3,9.3,3.0,2,8120000
1252,3,4,1.0,0.0,3,3,5,Independent House,Semi-Furnished,Under Construction,Marathahalli,3.5,11.2,2.0,4,9850000
2074,4,4,1.0,1.0,5,5,5,Apartment,Unfurnished,Ready to Move,Electronic City,2.8,23.1,3.0,2,11170000
1758,3,3,2.0,1.0,6,2,5,Apartment,Unfurnished,Under Construction,Indiranagar,4.8,7.3,2.0,0,20260000
1375,3,4,1.0,1.0,6,11,15,Apartment,Furnished,Under Construction,Hebbal,3.0,14.4,4.0,2,12250000
1982,3,3,1.0,1.0,3,6,7,Apartment,Furnished,Under Construction,Koramangala,8.8,8.4,2.0,3,29070000
726,2,3,1.0,1.0,1,3,10,Apartment,Furnished,Ready to Move,Hebbal,7.5,14.2,2.0,2,6930000
533,1,1,3.0,1.0,0,7,10,Apartment,Unfurnished,Ready to Move,Marathahalli,2.7,13.6,2.0,0,2660000
847,2,3,2.0,1.0,0,10,15,Apartment,Furnished,Under Construction,Electronic City,3.6,25.2,7.0,2,5680000
653,1,2,1.0,1.0,18,2,3,Independent House,Semi-Furnished,Ready to Move,Indiranagar,10.0,5.2,3.0,1,9190000
772,3,3,3.0,2.0,2,12,20,Apartment,Furnished,Under Construction,HSR Layout,7.2,10.8,4.0,3,9280000
675,2,2,2.0,1.0,0,24,25,Apartment,Furnished,Ready to Move,Sarjapur Road,5.1,16.5,1.0,3,4920000
1369,3,3,0.0,1.0,7,2,5,Apartment,Furnished,Under Construction,Jayanagar,5.5,6.5,2.0,3,15720000
1244,2,3,1.0,0.0,0,10,10,Apartment,Unfurnished,Ready to Move,Electronic City,5.7,17.1,6.0,1,6110000
2090,4,5,1.0,0.0,0,1,3,Apartment,Furnished,Ready to Move,Marathahalli,3.0,17.1,3.0,1,16940000
1459,4,4,2.0,1.0,7,2,3,Apartment,Semi-Furnished,Under Construction,Banashankari,3.4,5.0,2.0,1,12360000
722,2,2,3.0,1.0,7,6,7,Apartment,Unfurnished,Ready to Move,Indiranagar,10.0,2.3,1.0,3,10480000
1267,2,3,1.0,0.0,0,1,15,Villa,Semi-Furnished,Ready to Move,Yelahanka,2.0,9.0,5.0,3,7420000
1226,3,4,1.0,1.0,4,6,10,Independent House,Unfurnished,Under Construction,Electronic City,3.3,19.5,1.0,2,6320000
446,1,1,1.0,2.0,4,6,7,Apartment,Furnished,Ready to Move,Whitefield,6.8,17.1,0.0,1,3430000
1230,2,2,1.0,1.0,6,6,7,Villa,Furnished,Ready to Move,HSR Layout,5.0,10.7,1.0,2,17250000
1142,2,3,2.0,2.0,10,9,10,Villa,Semi-Furnished,Under Construction,Electronic City,3.0,18.1,4.0,1,7670000
2509,4,4,2.0,0.0,2,4,7,Apartment,Semi-Furnished,Ready to Move,HSR Layout,5.4,8.7,4.0,3,28920000
1619,4,5,0.0,0.0,4,7,20,Independent House,Unfurnished,Ready to Move,Whitefield,3.8,18.0,2.0,3,14590000
972,3,3,2.0,0.0,12,3,10,Independent House,Furnished,Under Construction,Yelahanka,3.1,10.7,2.0,0,5050000
1437,3,4,1.0,2.0,20,8,10,Apartment,Unfurnished,Ready to Move,Hebbal,7.0,12.7,3.0,0,11540000
2134,4,4,3.0,1.0,17,2,10,Apartment,Semi-Furnished,Under Construction,Sarjapur Road,6.1,17.3,3.0,3,11350000
2145,4,5,1.0,1.0,5,18,20,Apartment,Furnished,Ready to Move,Koramangala,8.2,4.1,2.0,1,38100000
3627,5,5,2.0,1.0,5,5,15,Apartment,Semi-Furnished,Ready to Move,Koramangala,6.9,6.5,3.0,4,61030000
620,2,2,0.0,1.0,6,1,5,Villa,Semi-Furnished,Ready to Move,Whitefield,5.4,20.0,2.0,1,6040000
1113,2,2,1.0,1.0,16,7,7,Apartment,Unfurnished,Ready to Move,Sarjapur Road,3.7,17.0,2.0,1,5770000
1092,3,4,2.0,1.0,14,1,7,Independent House,Unfurnished,Under Construction,Yelahanka,3.1,18.8,6.0,0,5090000
1639,3,3,1.0,2.0,2,11,25,Villa,Semi-Furnished,Ready to Move,Indiranagar,7.1,4.0,6.0,1,28540000
497,1,1,3.0,1.0,1,3,7,Villa,Unfurnished,Ready to Move,Whitefield,1.9,18.5,1.0,1,4280000
460,1,1,2.0,1.0,3,2,3,Villa,Semi-Furnished,Under Construction,Jayanagar,6.6,8.0,2.0,1,5570000
1756,4,4,3.0,1.0,2,2,7,Apartment,Semi-Furnished,Under Construction,Electronic City,1.7,19.7,8.0,5,8440000
1421,4,4,3.0,2.0,24,4,7,Apartment,Semi-Furnished,Under Construction,Electronic City,2.5,25.5,2.0,1,6190000
957,2,2,1.0,1.0,2,6,10,Villa,Semi-Furnished,Ready to Move,Marathahalli,6.2,14.5,2.0,2,8220000
1690,4,5,2.0,0.0,1,1,5,Apartment,Semi-Furnished,Ready to Move,Sarjapur Road,3.6,22.7,2.0,3,12540000
1620,3,4,2.0,2.0,18,1,3,Apartment,Semi-Furnished,Ready to Move,Whitefield,6.0,19.8,3.0,1,10570000
2256,4,5,1.0,1.0,0,1,3,Independent House,Unfurnished,Ready to Move,Whitefield,4.8,22.8,1.0,0,20580000
1270,2,3,2.0,2.0,2,1,7,Villa,Unfurnished,Ready to Move,Banashankari,5.5,3.1,7.0,0,13050000
1019,2,2,2.0,1.0,4,7,7,Apartment,Furnished,Ready to Move,HSR Layout,5.5,13.8,5.0,1,12490000
1048,2,3,2.0,1.0,7,10,15,Villa,Semi-Furnished,Under Construction,Whitefield,6.1,22.1,3.0,2,8260000
1792,3,3,0.0,0.0,3,1,7,Independent House,Semi-Furnished,Ready to Move,Koramangala,8.5,2.1,3.0,1,30050000
1224,3,3,2.0,1.0,5,3,3,Apartment,Semi-Furnished,Ready to Move,Whitefield,3.9,22.6,4.0,3,8810000
667,2,2,1.0,1.0,1,3,15,Apartment,Unfurnished,Under Construction,Electronic City,3.8,18.2,4.0,2,2770000
2912,5,5,2.0,1.0,6,10,20,Independent House,Unfurnished,Ready to Move,Hebbal,3.9,10.5,2.0,3,31390000
679,2,2,1.0,1.0,4,2,10,Apartment,Semi-Furnished,Under Construction,Electronic City,2.9,19.4,4.0,2,3690000
1416,2,2,1.0,2.0,15,3,7,Apartment,Semi-Furnished,Under Construction,Indiranagar,8.6,7.8,2.0,1,17540000
1807,3,4,3.0,1.0,4,10,15,Apartment,Semi-Furnished,Ready to Move,Marathahalli,3.2,17.7,2.0,4,11340000
2005,3,3,2.0,0.0,4,3,3,Independent House,Unfurnished,Ready to Move,Jayanagar,9.0,4.7,4.0,0,27610000
961,2,2,3.0,2.0,7,10,20,Apartment,Unfurnished,Ready to Move,Hebbal,4.4,8.2,2.0,2,7590000
1554,3,3,1.0,1.0,1,4,20,Apartment,Semi-Furnished,Under Construction,Hebbal,8.1,9.1,3.0,1,13630000
1271,3,3,2.0,1.0,1,9,10,Apartment,Semi-Furnished,Ready to Move,Whitefield,4.4,20.3,3.0,2,9830000
1647,3,3,2.0,2.0,12,5,7,Independent House,Furnished,Ready to Move,Sarjapur Road,3.3,18.1,2.0,1,14760000
1059,3,3,2.0,0.0,2,3,3,Apartment,Unfurnished,Ready to Move,Indiranagar,7.9,4.0,0.0,2,14870000
300,1,1,0.0,0.0,9,4,25,Apartment,Furnished,Ready to Move,Banashankari,5.3,5.5,4.0,1,2210000
1178,3,4,1.0,1.0,0,1,15,Independent House,Furnished,Under Construction,Indiranagar,10.0,9.9,2.0,3,20970000
1417,4,5,3.0,0.0,13,3,7,Apartment,Semi-Furnished,Under Construction,Banashankari,0.9,6.1,3.0,3,9260000
712,1,1,1.0,2.0,35,1,3,Independent House,Semi-Furnished,Ready to Move,Sarjapur Road,3.7,15.5,1.0,1,4280000
1294,2,2,3.0,2.0,3,9,10,Independent House,Furnished,Ready to Move,HSR Layout,3.4,13.4,4.0,2,20180000
1438,4,5,1.0,1.0,5,10,25,Independent House,Unfurnished,Ready to Move,Jayanagar,8.1,5.2,3.0,1,17990000
1195,2,2,3.0,2.0,4,14,15,Apartment,Semi-Furnished,Under Construction,Banashankari,6.2,9.5,4.0,2,8610000
1666,3,3,2.0,0.0,17,1,3,Villa,Unfurnished,Ready to Move,Hebbal,5.1,9.4,4.0,2,17150000
1920,5,5,2.0,1.0,0,3,7,Independent House,Semi-Furnished,Under Construction,Whitefield,4.6,21.5,1.0,2,17740000
875,2,3,1.0,2.0,8,5,5,Independent House,Unfurnished,Ready to Move,Sarjapur Road,1.5,20.2,2.0,3,5700000
486,1,1,3.0,2.0,8,7,20,Apartment,Furnished,Ready to Move,Electronic City,2.5,18.7,2.0,2,2840000
2299,4,5,1.0,1.0,3,4,7,Independent House,Semi-Furnished,Ready to Move,Whitefield,3.4,18.4,2.0,1,20090000
1508,4,4,2.0,0.0,1,8,15,Apartment,Furnished,Ready to Move,Electronic City,2.7,19.3,3.0,0,12390000
1372,3,3,0.0,1.0,2,1,3,Apartment,Unfurnished,Under Construction,HSR Layout,7.6,8.4,2.0,1,12000000
1207,3,3,2.0,1.0,12,5,5,Apartment,Semi-Furnished,Ready to Move,Hebbal,6.9,16.8,5.0,3,11600000
2189,4,5,2.0,1.0,0,3,10,Independent House,Semi-Furnished,Under Construction,Electronic City,4.2,22.8,3.0,1,14200000
1339,3,4,1.0,0.0,6,7,15,Apartment,Semi-Furnished,Under Construction,Hebbal,4.5,17.8,4.0,2,8730000
848,2,2,2.0,1.0,2,4,5,Apartment,Furnished,Under Construction,Whitefield,3.2,24.4,3.0,4,6580000
526,1,1,0.0,2.0,2,7,7,Independent House,Semi-Furnished,Ready to Move,Electronic City,3.5,25.4,4.0,1,3880000
1970,3,3,3.0,1.0,5,1,10,Apartment,Unfurnished,Ready to Move,HSR Layout,6.8,14.4,4.0,3,19260000
1833,4,4,3.0,0.0,18,11,15,Villa,Furnished,Ready to Move,HSR Layout,6.0,13.5,2.0,1,27260000
1583,4,4,1.0,2.0,7,2,10,Apartment,Semi-Furnished,Under Construction,Whitefield,3.3,25.1,2.0,4,10930000
3126,5,5,0.0,1.0,12,1,3,Apartment,Unfurnished,Ready to Move,Koramangala,8.9,5.6,3.0,1,37920000
1942,4,5,2.0,2.0,7,5,10,Villa,Semi-Furnished,Ready to Move,Jayanagar,7.7,8.1,3.0,5,31130000
1003,3,3,0.0,0.0,9,17,20,Independent House,Semi-Furnished,Under Construction,HSR Layout,4.4,12.0,3.0,3,11930000
1373,2,2,1.0,1.0,4,12,20,Apartment,Semi-Furnished,Ready to Move,Electronic City,2.8,20.7,2.0,2,7420000
1301,3,3,1.0,1.0,20,4,10,Independent House,Semi-Furnished,Ready to Move,Electronic City,4.5,24.5,1.0,1,6930000
1294,3,3,1.0,1.0,5,25,25,Apartment,Semi-Furnished,Ready to Move,Yelahanka,4.5,19.8,1.0,3,6790000
1444,3,3,0.0,1.0,6,1,5,Apartment,Unfurnished,Under Construction,Yelahanka,3.1,14.2,2.0,0,5710000
740,1,2,0.0,1.0,5,5,10,Apartment,Semi-Furnished,Ready to Move,Jayanagar,7.2,3.4,2.0,2,7980000
1328,4,4,0.0,1.0,3,7,15,Apartment,Semi-Furnished,Under Construction,Electronic City,3.7,20.3,2.0,4,8050000
1477,3,4,2.0,1.0,2,3,5,Apartment,Semi-Furnished,Ready to Move,Whitefield,5.8,24.1,1.0,3,13930000
1346,2,2,2.0,1.0,0,18,25,Apartment,Unfurnished,Under Construction,Banashankari,3.0,7.3,5.0,2,8730000
1436,3,3,1.0,2.0,10,1,7,Apartment,Semi-Furnished,Ready to Move,Whitefield,4.7,16.7,2.0,1,11670000
1054,3,3,2.0,2.0,2,7,7,Apartment,Furnished,Ready to Move,HSR Layout,5.0,6.9,2.0,4,14830000
832,2,3,2.0,2.0,3,4,5,Apartment,Furnished,Under Construction,HSR Layout,8.0,7.3,5.0,4,8380000
2082,4,4,1.0,1.0,20,2,7,Apartment,Semi-Furnished,Ready to Move,Electronic City,1.7,19.9,2.0,3,9090000
1202,2,2,2.0,0.0,6,4,10,Independent House,Unfurnished,Ready to Move,Koramangala,8.6,1.0,4.0,3,16310000
885,2,2,2.0,1.0,0,6,7,Villa,Semi-Furnished,Ready to Move,Hebbal,3.7,13.8,1.0,1,9200000
1107,2,3,0.0,2.0,12,3,5,Apartment,Unfurnished,Ready to Move,Koramangala,9.1,3.4,3.0,3,12470000
998,3,3,1.0,0.0,2,2,15,Independent House,Semi-Furnished,Ready to Move,Marathahalli,4.7,15.6,4.0,1,7080000
1991,5,5,1.0,1.0,6,1,3,Independent House,Semi-Furnished,Ready to Move,Koramangala,8.4,1.0,2.0,1,42140000
1806,4,4,2.0,1.0,5,7,15,Apartment,Semi-Furnished,Ready to Move,Whitefield,7.3,23.2,0.0,3,16770000
2575,4,4,1.0,1.0,2,1,7,Apartment,Unfurnished,Ready to Move,Yelahanka,1.9,15.8,8.0,1,12960000
963,2,2,3.0,1.0,0,10,10,Villa,Semi-Furnished,Ready to Move,Koramangala,9.4,5.5,3.0,3,17190000
581,1,1,2.0,2.0,1,5,7,Apartment,Furnished,Under Construction,Hebbal,6.8,16.6,4.0,1,5350000
1477,3,4,1.0,1.0,0,8,10,Independent House,Semi-Furnished,Under Construction,Jayanagar,8.1,7.1,1.0,2,19500000
1160,2,2,0.0,1.0,2,2,15,Villa,Semi-Furnished,Ready to Move,Whitefield,3.3,26.3,6.0,2,11800000
1755,4,5,1.0,1.0,47,3,25,Villa,Unfurnished,Ready to Move,Banashankari,4.3,2.4,7.0,0,11190000
1592,3,4,1.0,1.0,4,7,7,Independent House,Semi-Furnished,Ready to Move,HSR Layout,5.4,9.0,4.0,2,18520000
2334,5,5,1.0,1.0,15,1,10,Apartment,Semi-Furnished,Under Construction,Hebbal,4.6,6.6,4.0,1,17220000
1326,2,2,2.0,2.0,6,1,10,Apartment,Semi-Furnished,Ready to Move,Koramangala,6.7,4.9,2.0,2,17780000
1175,3,4,2.0,,8,15,25,Independent House,Semi-Furnished,Ready to Move,Hebbal,4.5,12.2,6.0,2,11810000
1152,3,4,1.0,1.0,1,6,15,Apartment,Semi-Furnished,Ready to Move,Whitefield,6.5,16.7,7.0,0,8390000
1054,2,3,2.0,1.0,2,3,7,Independent House,Semi-Furnished,Ready to Move,Jayanagar,6.2,12.5,4.0,0,13950000
1422,3,4,0.0,1.0,5,4,10,Independent House,Unfurnished,Ready to Move,Sarjapur Road,3.8,16.9,4.0,3,10010000
1012,2,2,1.0,1.0,17,2,5,Villa,Unfurnished,Ready to Move,Yelahanka,1.9,9.4,3.0,5,5250000
993,2,3,2.0,2.0,0,12,15,Apartment,Furnished,Ready to Move,Yelahanka,3.0,18.0,4.0,2,6490000
742,2,2,1.0,1.0,5,8,15,Apartment,Semi-Furnished,Ready to Move,Hebbal,6.2,14.1,5.0,0,5530000
727,1,1,2.0,2.0,0,21,25,Apartment,Unfurnished,Ready to Move,Yelahanka,3.7,14.6,5.0,1,3640000
1650,3,3,3.0,2.0,4,6,10,Apartment,Furnished,Ready to Move,Koramangala,10.0,6.4,4.0,0,26910000
1208,2,3,2.0,2.0,7,9,10,Villa,Unfurnished,Ready to Move,HSR Layout,4.5,7.1,3.0,0,15810000
491,1,1,0.0,2.0,10,6,7,Independent House,Semi-Furnished,Ready to Move,HSR Layout,5.2,8.7,6.0,3,5780000
1029,2,3,1.0,1.0,1,2,10,Villa,Unfurnished,Ready to Move,Electronic City,2.7,23.2,2.0,0,6220000
987,2,3,0.0,1.0,1,3,7,Apartment,Furnished,Under Construction,Electronic City,5.6,24.8,2.0,3,5240000
1164,2,3,2.0,1.0,5,5,15,Apartment,Semi-Furnished,Ready to Move,Jayanagar,7.1,5.3,3.0,4,12580000
1170,2,3,2.0,1.0,49,2,3,Independent House,Semi-Furnished,Under Construction,Koramangala,5.9,2.6,0.0,1,10650000
1454,3,3,2.0,2.0,3,2,3,Apartment,Semi-Furnished,Ready to Move,Sarjapur Road,5.3,17.9,4.0,3,10640000
974,3,4,2.0,0.0,4,4,15,Apartment,Unfurnished,Ready to Move,Koramangala,8.2,1.0,0.0,3,13050000
1898,3,4,2.0,1.0,4,16,20,Independent House,Semi-Furnished,Under Construction,Electronic City,4.7,21.2,5.0,2,11880000
2222,4,5,2.0,2.0,0,3,10,Villa,Semi-Furnished,Under Construction,Jayanagar,9.0,1.0,5.0,2,37340000
1229,3,4,1.0,0.0,11,4,15,Apartment,Furnished,Ready to Move,Hebbal,3.5,9.5,6.0,3,10750000
1513,3,3,2.0,1.0,2,4,15,Independent House,Furnished,Ready to Move,Sarjapur Road,6.0,13.7,3.0,3,12540000
1395,4,4,2.0,1.0,9,6,7,Apartment,Furnished,Ready to Move,Marathahalli,3.9,15.6,4.0,0,11650000
1150,2,2,1.0,2.0,5,2,5,Independent House,Semi-Furnished,Under Construction,Koramangala,7.4,1.8,1.0,2,19250000
988,3,4,3.0,1.0,7,12,20,Apartment,Semi-Furnished,Under Construction,Jayanagar,6.9,9.7,1.0,4,10080000
908,2,2,3.0,2.0,0,10,20,Apartment,Semi-Furnished,Under Construction,Whitefield,2.5,14.5,5.0,3,6110000
996,2,3,2.0,1.0,17,1,7,Independent House,Semi-Furnished,Ready to Move,Electronic City,3.3,21.3,2.0,1,5970000
1690,3,3,2.0,2.0,2,3,5,Apartment,Semi-Furnished,Under Construction,Electronic City,3.0,22.3,3.0,2,8970000
970,2,3,1.0,1.0,8,1,20,Villa,Furnished,Ready to Move,Whitefield,2.9,21.5,4.0,0,11040000
1070,2,3,1.0,1.0,12,14,15,Independent House,Furnished,Ready to Move,HSR Layout,5.4,16.5,4.0,4,13650000
944,2,2,1.0,1.0,6,3,3,Independent House,Unfurnished,Under Construction,Banashankari,6.4,2.1,0.0,2,8200000
943,2,3,1.0,0.0,3,2,5,Independent House,Furnished,Under Construction,Banashankari,4.4,5.7,3.0,1,8290000
966,2,3,1.0,1.0,30,21,25,Apartment,Semi-Furnished,Ready to Move,Electronic City,1.9,28.0,0.0,2,4680000
1347,3,3,1.0,1.0,2,2,3,Villa,Semi-Furnished,Ready to Move,Whitefield,5.0,17.2,3.0,4,16020000
927,3,3,2.0,0.0,23,4,7,Apartment,Semi-Furnished,Ready to Move,Koramangala,9.1,5.3,4.0,1,9990000
1184,3,3,0.0,2.0,1,9,10,Apartment,Furnished,Under Construction,Electronic City,3.3,19.2,5.0,3,7420000
996,2,3,0.0,1.0,3,4,5,Independent House,Semi-Furnished,Ready to Move,Yelahanka,1.1,11.8,1.0,3,6190000
2660,5,5,1.0,2.0,1,5,5,Apartment,Unfurnished,Ready to Move,Koramangala,4.2,1.6,3.0,0,42270000
1356,3,3,1.0,2.0,0,3,7,Apartment,Semi-Furnished,Ready to Move,Sarjapur Road,2.3,23.9,2.0,2,8910000
888,2,2,1.0,0.0,2,6,7,Apartment,Furnished,Ready to Move,Whitefield,5.9,16.5,3.0,4,7820000
1654,4,4,1.0,1.0,0,6,15,Villa,Furnished,Ready to Move,Banashankari,6.1,7.1,5.0,2,19660000
1261,3,4,1.0,1.0,34,7,10,Independent House,Unfurnished,Ready to Move,Electronic City,2.1,21.2,3.0,2,5880000
1314,3,4,1.0,2.0,11,1,7,Apartment,Semi-Furnished,Under Construction,Sarjapur Road,3.3,20.7,2.0,2,7110000
950,2,2,1.0,2.0,0,3,7,Apartment,Unfurnished,Ready to Move,Electronic City,4.4,25.4,3.0,2,5050000
1510,3,4,3.0,1.0,2,3,3,Independent House,Semi-Furnished,Ready to Move,Marathahalli,3.8,14.3,1.0,3,12050000
1927,4,5,1.0,0.0,8,1,3,Apartment,Semi-Furnished,Ready to Move,Koramangala,9.4,1.0,3.0,4,27730000
1111,3,3,2.0,1.0,4,14,15,Apartment,Semi-Furnished,Ready to Move,Koramangala,7.9,1.3,4.0,1,15160000
1008,3,3,0.0,2.0,14,5,5,Apartment,Unfurnished,Ready to Move,Yelahanka,3.7,12.4,1.0,1,4840000
2127,3,4,1.0,1.0,5,5,10,Apartment,Furnished,Ready to Move,Yelahanka,2.5,19.5,3.0,1,13010000
1548,4,5,1.0,2.0,8,5,15,Apartment,Furnished,Under Construction,Yelahanka,1.8,13.2,2.0,0,8290000
851,2,3,3.0,1.0,7,6,7,Independent House,Semi-Furnished,Ready to Move,Marathahalli,5.7,19.1,3.0,1,6080000
1544,3,3,1.0,0.0,8,1,7,Apartment,Unfurnished,Ready to Move,Hebbal,2.7,13.2,1.0,0,12030000
1018,2,3,2.0,2.0,2,13,20,Independent House,Unfurnished,Under Construction,Whitefield,3.4,23.4,2.0,0,6440000
1545,3,3,2.0,2.0,3,9,20,Independent House,Unfurnished,Ready to Move,Electronic City,3.2,28.8,1.0,1,9030000
1276,3,4,0.0,0.0,0,3,20,Villa,Unfurnished,Ready to Move,Electronic City,4.6,19.2,3.0,2,11190000
576,1,2,3.0,0.0,7,6,10,Apartment,Furnished,Ready to Move,Marathahalli,2.7,9.1,2.0,4,4020000
1417,3,4,1.0,1.0,4,20,25,Apartment,Semi-Furnished,Under Construction,Electronic City,3.5,22.6,2.0,2,6520000
890,2,3,0.0,2.0,11,7,15,Apartment,Unfurnished,Ready to Move,Koramangala,5.9,6.9,4.0,3,10900000
996,2,2,1.0,1.0,1,4,7,Independent House,Unfurnished,Under Construction,Marathahalli,4.7,12.0,1.0,1,6380000
1150,2,3,1.0,0.0,4,10,10,Apartment,Furnished,Under Construction,Hebbal,7.7,12.1,,4,9460000
945,2,2,0.0,1.0,1,4,5,Apartment,Semi-Furnished,Ready to Move,Electronic City,0.4,25.7,4.0,1,5500000
947,2,3,2.0,1.0,7,10,10,Apartment,Semi-Furnished,Ready to Move,Koramangala,6.9,7.4,1.0,0,13140000
1152,2,2,1.0,1.0,15,6,7,Apartment,Semi-Furnished,Ready to Move,Koramangala,9.3,2.3,1.0,2,13550000
1669,3,4,2.0,1.0,11,7,7,Apartment,Unfurnished,Ready to Move,HSR Layout,10.0,10.8,1.0,3,17280000
1843,3,3,0.0,2.0,23,4,5,Apartment,Furnished,Ready to Move,HSR Layout,7.2,7.2,6.0,5,20910000
908,3,4,3.0,1.0,28,2,7,Apartment,Unfurnished,Ready to Move,Marathahalli,2.9,9.7,3.0,2,4460000
649,1,1,1.0,1.0,11,7,10,Apartment,Semi-Furnished,Under Construction,Marathahalli,3.8,18.1,3.0,3,3430000
2240,4,4,2.0,1.0,2,9,10,Apartment,Unfurnished,Under Construction,Sarjapur Road,1.8,11.6,3.0,2,11760000
1152,3,4,2.0,1.0,1,3,7,Villa,Semi-Furnished,Ready to Move,Electronic City,4.5,22.6,1.0,2,9440000
577,1,2,1.0,1.0,4,13,15,Apartment,Furnished,Under Construction,Hebbal,6.6,10.9,2.0,2,4880000
2420,4,4,0.0,1.0,40,4,10,Apartment,Furnished,Ready to Move,HSR Layout,8.4,11.6,3.0,5,21530000
792,2,2,1.0,1.0,4,9,10,Apartment,Semi-Furnished,Ready to Move,Indiranagar,8.2,2.9,1.0,1,12640000
1523,3,3,1.0,2.0,1,3,7,Apartment,Semi-Furnished,Ready to Move,Hebbal,3.8,15.4,3.0,1,14720000
1643,3,4,1.0,2.0,23,7,15,Independent House,Unfurnished,Ready to Move,Koramangala,10.0,3.3,2.0,5,17860000
746,2,3,2.0,1.0,3,7,10,Apartment,Furnished,Under Construction,Whitefield,6.4,24.4,3.0,2,4350000
1943,4,5,1.0,2.0,9,15,20,Villa,Semi-Furnished,Under Construction,Yelahanka,1.5,16.7,5.0,1,11900000
1007,2,2,,2.0,12,1,5,Independent House,Semi-Furnished,Ready to Move,Electronic City,2.8,18.9,4.0,1,6120000
462,1,1,0.0,2.0,14,2,7,Independent House,Semi-Furnished,Ready to Move,Sarjapur Road,4.9,19.6,3.0,2,3160000
1648,4,5,2.0,1.0,13,1,5,Apartment,Unfurnished,Ready to Move,Whitefield,4.0,21.3,4.0,3,10150000
1945,4,4,1.0,1.0,14,4,5,Apartment,Furnished,Ready to Move,Sarjapur Road,3.7,17.7,1.0,0,14250000
1624,3,3,1.0,1.0,8,4,7,Villa,Semi-Furnished,Ready to Move,Electronic City,1.1,19.8,6.0,3,12410000
1580,3,3,0.0,1.0,4,14,20,Apartment,Semi-Furnished,Ready to Move,Whitefield,2.6,22.6,5.0,3,12450000
455,1,2,0.0,1.0,8,5,10,Independent House,Furnished,Ready to Move,Marathahalli,3.9,11.1,1.0,3,3520000
1582,3,4,2.0,1.0,14,5,7,Villa,Unfurnished,Ready to Move,HSR Layout,5.3,7.4,2.0,2,19290000
458,1,1,2.0,1.0,3,12,15,Villa,Unfurnished,Ready to Move,Electronic City,1.6,23.6,3.0,2,2690000
372,1,2,2.0,2.0,2,1,3,Apartment,Semi-Furnished,Ready to Move,Whitefield,3.9,19.4,4.0,4,2680000
1297,3,3,2.0,2.0,3,7,7,Villa,Unfurnished,Ready to Move,Koramangala,6.7,1.0,2.0,3,23640000
1163,2,2,3.0,1.0,6,7,10,Villa,Semi-Furnished,Under Construction,HSR Layout,6.4,7.1,2.0,1,15760000
622,1,1,1.0,0.0,0,6,10,Independent House,Semi-Furnished,Ready to Move,Whitefield,5.8,21.2,0.0,1,4990000
949,2,2,1.0,1.0,12,8,10,Apartment,Unfurnished,Ready to Move,Yelahanka,2.5,15.2,2.0,2,4310000
870,2,2,1.0,1.0,1,4,5,Apartment,Unfurnished,Ready to Move,Whitefield,3.7,19.7,2.0,3,6340000
875,2,3,0.0,1.0,1,1,7,Apartment,Unfurnished,Ready to Move,Indiranagar,10.0,5.8,2.0,6,12060000
561,1,1,1.0,2.0,1,19,20,Apartment,Unfurnished,Ready to Move,Koramangala,9.1,5.4,3.0,2,6870000
746,2,2,1.0,2.0,6,25,25,Apartment,Unfurnished,Ready to Move,Electronic City,4.5,22.3,2.0,1,3880000
1302,3,3,1.0,1.0,2,2,7,Independent House,Unfurnished,Under Construction,Yelahanka,0.0,6.0,5.0,4,6550000
1913,4,4,1.0,1.0,3,7,10,Apartment,Semi-Furnished,Under Construction,Koramangala,7.3,3.8,4.0,1,26100000
1021,3,3,2.0,2.0,21,2,5,Independent House,Furnished,Under Construction,Banashankari,3.8,6.5,3.0,3,7930000
1165,3,3,3.0,2.0,15,7,7,Apartment,Unfurnished,Ready to Move,HSR Layout,5.1,10.1,3.0,3,11400000
595,1,2,1.0,1.0,15,15,15,Apartment,Semi-Furnished,Under Construction,Sarjapur Road,5.2,21.2,3.0,1,2650000
551,1,2,2.0,0.0,6,3,10,Apartment,Unfurnished,Ready to Move,Jayanagar,5.9,2.8,5.0,1,5000000
891,2,3,2.0,1.0,16,2,15,Apartment,Semi-Furnished,Ready to Move,Yelahanka,0.9,16.2,3.0,3,4400000
1144,3,3,,2.0,12,4,10,Independent House,Furnished,Ready to Move,Jayanagar,7.0,7.4,3.0,1,19610000
1841,3,4,1.0,1.0,24,2,10,Apartment,Semi-Furnished,Ready to Move,Jayanagar,6.7,5.1,1.0,3,17600000
1165,3,3,2.0,1.0,0,3,3,Villa,Unfurnished,Ready to Move,Koramangala,6.6,1.0,2.0,3,20810000
997,2,2,1.0,0.0,0,14,15,Apartment,Semi-Furnished,Ready to Move,Koramangala,9.5,1.0,2.0,2,15480000
857,2,2,2.0,0.0,1,14,25,Independent House,Furnished,Ready to Move,Yelahanka,3.8,15.9,4.0,1,5430000
1410,3,3,2.0,1.0,21,7,10,Apartment,Semi-Furnished,Under Construction,Electronic City,4.1,20.1,4.0,2,7730000
1036,2,3,2.0,1.0,7,5,5,Apartment,Unfurnished,Ready to Move,Electronic City,4.1,16.2,0.0,2,4560000
1016,3,3,1.0,1.0,4,24,25,Apartment,Furnished,Ready to Move,Sarjapur Road,5.3,15.6,3.0,2,8050000
1398,3,3,2.0,0.0,5,6,7,Apartment,Semi-Furnished,Ready to Move,Electronic City,3.1,18.1,2.0,2,7790000
1733,3,3,1.0,1.0,14,2,7,Apartment,Furnished,Under Construction,Banashankari,2.8,10.2,1.0,0,12970000
2704,4,5,1.0,2.0,21,1,3,Independent House,Unfurnished,Ready to Move,Sarjapur Road,3.4,13.5,3.0,2,17380000
1947,4,5,1.0,0.0,10,3,5,Villa,Semi-Furnished,Ready to Move,Marathahalli,1.5,18.3,3.0,2,17170000
1411,3,3,2.0,2.0,11,1,5,Villa,Semi-Furnished,Ready to Move,Yelahanka,1.4,22.5,6.0,3,8380000
2019,3,4,3.0,0.0,3,6,10,Apartment,Semi-Furnished,Ready to Move,Whitefield,6.8,17.8,2.0,2,14970000
1165,2,3,2.0,0.0,5,3,10,Apartment,Unfurnished,Under Construction,HSR Layout,4.7,8.2,6.0,2,7970000
1753,4,4,0.0,1.0,17,1,10,Apartment,Semi-Furnished,Under Construction,Indiranagar,6.9,7.8,2.0,2,21150000
1226,3,4,0.0,2.0,12,9,10,Independent House,Semi-Furnished,Under Construction,HSR Layout,7.3,13.3,1.0,1,14110000
1131,2,2,0.0,1.0,9,3,10,Independent House,Semi-Furnished,Ready to Move,Sarjapur Road,5.0,16.5,2.0,1,8270000
757,2,2,0.0,1.0,0,1,15,Independent House,Semi-Furnished,Ready to Move,Yelahanka,0.5,14.7,2.0,2,4170000
1156,2,3,1.0,1.0,0,16,20,Independent House,Semi-Furnished,Under Construction,Indiranagar,9.0,3.7,3.0,3,18780000
1493,3,3,1.0,0.0,1,4,7,Apartment,Semi-Furnished,Ready to Move,Electronic City,2.5,19.4,4.0,2,8290000
1544,3,3,,1.0,6,3,5,Apartment,Unfurnished,Ready to Move,Banashankari,5.2,10.7,5.0,4,11820000
901,2,3,2.0,2.0,6,6,7,Apartment,Semi-Furnished,Under Construction,Indiranagar,8.2,5.5,8.0,0,12010000
480,1,1,2.0,0.0,22,2,3,Apartment,Unfurnished,Ready to Move,Indiranagar,6.6,2.8,3.0,8,5270000
2584,4,4,2.0,1.0,9,3,20,Apartment,Furnished,Ready to Move,Electronic City,2.6,22.2,3.0,1,16780000
1330,3,3,1.0,2.0,2,2,5,Apartment,Semi-Furnished,Ready to Move,Yelahanka,3.9,14.9,5.0,1,7880000
1835,4,4,1.0,0.0,1,6,10,Villa,Semi-Furnished,Ready to Move,Jayanagar,9.6,13.5,4.0,2,34180000
934,2,2,1.0,1.0,15,2,5,Independent House,Furnished,Under Construction,Sarjapur Road,4.3,17.3,2.0,2,5350000
1454,3,4,1.0,1.0,4,7,10,Villa,Unfurnished,Ready to Move,Hebbal,4.4,14.2,3.0,2,15180000
1111,3,3,2.0,1.0,8,1,3,Independent House,Semi-Furnished,Ready to Move,Electronic City,1.6,23.3,2.0,1,6870000
842,2,3,1.0,0.0,6,15,15,Apartment,Semi-Furnished,Under Construction,Indiranagar,8.4,4.5,1.0,3,11310000
832,2,2,2.0,1.0,0,10,25,Apartment,Furnished,Under Construction,Hebbal,4.4,13.3,4.0,3,6530000
1110,2,3,3.0,1.0,0,3,7,Villa,Furnished,Under Construction,Electronic City,3.8,22.6,3.0,3,8090000
781,2,3,1.0,1.0,3,3,7,Apartment,Furnished,Under Construction,Hebbal,4.9,19.5,3.0,1,6940000
1816,5,5,1.0,2.0,3,3,7,Apartment,Unfurnished,Ready to Move,Yelahanka,3.7,15.7,3.0,3,10020000
333,1,2,3.0,0.0,8,8,10,Apartment,Unfurnished,Under Construction,Marathahalli,3.5,6.2,1.0,4,1560000
670,2,3,2.0,1.0,8,3,5,Apartment,Unfurnished,Ready to Move,Sarjapur Road,6.2,24.6,3.0,0,3410000
1781,3,3,2.0,1.0,27,10,15,Apartment,Semi-Furnished,Under Construction,Hebbal,5.9,10.5,1.0,3,11570000
953,2,2,2.0,1.0,15,1,5,Apartment,Semi-Furnished,Ready to Move,Hebbal,3.9,12.3,6.0,2,7630000
1540,3,4,0.0,0.0,5,3,3,Apartment,Semi-Furnished,Ready to Move,Electronic City,4.8,20.4,2.0,1,8710000
1051,2,3,0.0,1.0,5,1,10,Villa,Semi-Furnished,Ready to Move,Whitefield,2.6,18.2,2.0,4,10050000
1415,3,3,1.0,2.0,8,3,5,Apartment,Furnished,Under Construction,Electronic City,2.1,18.6,,1,8000000
935,2,2,0.0,2.0,0,5,10,Apartment,Unfurnished,Ready to Move,Marathahalli,,8.0,5.0,2,5530000
1692,3,3,1.0,0.0,50,2,5,Apartment,Furnished,Under Construction,Indiranagar,10.0,2.8,1.0,3,15220000
1440,3,3,1.0,2.0,5,1,15,Apartment,Unfurnished,Ready to Move,Sarjapur Road,3.4,19.5,6.0,2,8620000
2559,4,5,2.0,2.0,19,2,10,Villa,Unfurnished,Ready to Move,Electronic City,2.4,17.1,3.0,1,17670000
2248,4,4,2.0,1.0,27,6,10,Independent House,Furnished,Under Construction,Marathahalli,4.2,15.5,2.0,3,14000000
1227,3,3,1.0,0.0,6,2,5,Villa,Semi-Furnished,Ready to Move,Koramangala,8.8,11.0,5.0,1,22170000
855,2,3,0.0,2.0,0,5,5,Apartment,Furnished,Ready to Move,Sarjapur Road,6.1,18.9,4.0,0,6760000
1196,3,3,2.0,1.0,6,6,10,Apartment,Semi-Furnished,Under Construction,Jayanagar,4.4,1.8,4.0,1,10850000
1740,3,3,0.0,2.0,7,5,7,Apartment,Furnished,Under Construction,HSR Layout,8.2,11.2,3.0,3,21090000
1837,4,4,2.0,1.0,12,7,7,Apartment,Unfurnished,Ready to Move,HSR Layout,3.2,12.9,2.0,0,18010000
798,2,2,2.0,1.0,0,8,10,Apartment,Semi-Furnished,Under Construction,Sarjapur Road,5.0,21.9,4.0,0,4250000
1010,2,2,1.0,1.0,5,5,5,Apartment,Furnished,Ready to Move,Indiranagar,10.0,5.6,4.0,1,19570000
1372,3,3,0.0,2.0,20,4,15,Apartment,Semi-Furnished,Ready to Move,HSR Layout,8.2,11.8,2.0,1,14010000
1005,2,2,2.0,1.0,37,14,20,Villa,Unfurnished,Ready to Move,Banashankari,5.5,10.6,7.0,0,6820000
1309,2,3,1.0,0.0,1,6,7,Apartment,Unfurnished,Ready to Move,Sarjapur Road,2.1,19.8,0.0,1,7560000
1123,2,3,1.0,1.0,16,20,20,Villa,Furnished,Ready to Move,Banashankari,5.8,9.0,1.0,3,11750000
1407,3,3,1.0,1.0,1,8,20,Apartment,Semi-Furnished,Ready to Move,Indiranagar,7.1,3.1,1.0,2,21030000
2011,5,5,3.0,1.0,14,2,5,Apartment,Semi-Furnished,Ready to Move,Indiranagar,7.3,7.9,1.0,2,29340000
1260,3,4,1.0,1.0,2,1,5,Independent House,Furnished,Ready to Move,Yelahanka,2.3,14.4,7.0,0,7370000
1085,2,2,3.0,1.0,25,9,10,Independent House,Furnished,Ready to Move,Jayanagar,6.1,13.8,0.0,4,15220000
727,2,3,0.0,1.0,9,5,10,Apartment,Semi-Furnished,Ready to Move,Sarjapur Road,4.0,16.1,3.0,1,4730000
785,1,2,0.0,0.0,4,3,7,Apartment,Furnished,Ready to Move,HSR Layout,5.3,12.4,5.0,1,7820000
1404,3,3,2.0,1.0,2,3,7,Apartment,Semi-Furnished,Ready to Move,Indiranagar,9.2,1.2,4.0,2,23190000
1413,3,3,1.0,0.0,2,1,7,Apartment,Semi-Furnished,Ready to Move,Koramangala,5.9,2.6,2.0,2,17830000
823,2,2,1.0,1.0,9,2,10,Independent House,Unfurnished,Ready to Move,HSR Layout,6.4,8.2,2.0,0,7720000
1539,3,3,0.0,1.0,18,2,3,Independent House,Unfurnished,Ready to Move,Whitefield,3.9,15.9,3.0,0,10140000
1075,3,4,1.0,1.0,11,4,15,Villa,Furnished,Under Construction,Whitefield,5.9,18.3,4.0,1,10760000
1361,2,3,1.0,0.0,14,10,20,Apartment,Semi-Furnished,Ready to Move,Banashankari,6.3,9.1,1.0,3,9050000
1200,2,2,2.0,1.0,12,2,15,Villa,Semi-Furnished,Ready to Move,HSR Layout,6.1,9.3,2.0,2,14730000
3351,5,5,2.0,1.0,30,5,5,Apartment,Semi-Furnished,Ready to Move,Marathahalli,1.1,17.6,0.0,1,22790000
685,2,2,3.0,1.0,11,1,3,Independent House,Semi-Furnished,Ready to Move,Hebbal,2.8,9.2,5.0,2,6310000
1457,3,3,2.0,1.0,1,6,10,Independent House,Unfurnished,Ready to Move,Jayanagar,8.4,8.1,2.0,1,19950000
1738,3,4,2.0,1.0,12,17,25,Apartment,Furnished,Under Construction,Koramangala,7.8,2.2,0.0,4,25350000
1566,3,4,2.0,1.0,3,14,15,Apartment,Semi-Furnished,Ready to Move,Sarjapur Road,6.3,21.4,1.0,0,9910000
1119,3,3,2.0,1.0,43,10,10,Apartment,Furnished,Ready to Move,Marathahalli,5.3,16.4,3.0,2,6760000
1217,3,3,1.0,1.0,3,3,5,Apartment,Semi-Furnished,Ready to Move,Sarjapur Road,4.0,21.0,1.0,2,7400000
1819,4,4,1.0,2.0,2,2,15,Independent House,Semi-Furnished,Ready to Move,Sarjapur Road,3.9,17.5,2.0,2,15130000
1758,4,4,2.0,0.0,2,7,15,Apartment,Semi-Furnished,Ready to Move,Banashankari,2.9,12.0,3.0,3,14100000
1828,3,3,1.0,0.0,8,8,20,Apartment,Unfurnished,Ready to Move,Marathahalli,3.1,9.0,3.0,1,10810000
585,2,2,3.0,1.0,0,2,10,Apartment,Unfurnished,Under Construction,Electronic City,4.0,23.3,,1,2560000
1074,2,2,1.0,1.0,24,9,10,Independent House,Unfurnished,Under Construction,Marathahalli,3.5,14.4,5.0,2,5560000
1038,3,4,1.0,1.0,2,1,10,Apartment,Furnished,Under Construction,Whitefield,5.0,22.5,4.0,0,8340000
1130,3,3,2.0,1.0,2,18,20,Independent House,Furnished,Ready to Move,Yelahanka,4.5,15.8,4.0,3,7760000
568,2,2,1.0,1.0,0,3,10,Independent House,Semi-Furnished,Ready to Move,Whitefield,4.1,17.0,4.0,3,5260000
489,1,2,3.0,2.0,2,2,7,Independent House,Unfurnished,Ready to Move,Electronic City,2.7,18.7,2.0,4,2740000
1823,3,4,3.0,1.0,4,1,10,Apartment,Unfurnished,Under Construction,Hebbal,3.7,12.0,3.0,2,12420000
1000,2,2,2.0,1.0,3,8,20,Apartment,Unfurnished,Ready to Move,Marathahalli,5.3,13.2,2.0,1,5670000
960,2,2,2.0,0.0,0,3,7,Apartment,Furnished,Under Construction,Banashankari,3.2,6.9,3.0,2,7010000
1942,4,5,2.0,2.0,7,5,10,Villa,Semi-Furnished,Ready to Move,Jayanagar,7.7,8.1,3.0,5,31130000
838,2,2,2.0,1.0,6,6,7,Apartment,Semi-Furnished,Under Construction,Electronic City,4.9,23.7,1.0,3,4600000
805,2,2,3.0,0.0,2,6,15,Apartment,Semi-Furnished,Ready to Move,Hebbal,6.0,10.6,4.0,1,6300000
794,2,3,2.0,0.0,0,8,10,Independent House,Semi-Furnished,Under Construction,Electronic City,3.1,19.1,3.0,1,5030000
1074,2,2,1.0,1.0,24,9,10,Independent House,Unfurnished,Under Construction,Marathahalli,3.5,14.4,5.0,2,5560000
833,2,2,3.0,2.0,6,4,5,Apartment,Semi-Furnished,Ready to Move,Jayanagar,4.4,12.8,5.0,3,9010000
3278,5,5,1.0,1.0,13,1,10,Independent House,Semi-Furnished,Ready to Move,Whitefield,4.1,17.4,7.0,1,30420000
870,2,3,1.0,1.0,30,1,10,Independent House,Unfurnished,Ready to Move,Marathahalli,3.6,14.3,2.0,2,5040000
1755,3,3,1.0,2.0,7,3,10,Apartment,Unfurnished,Under Construction,Banashankari,6.2,5.6,1.0,3,11620000
1243,3,4,1.0,1.0,10,5,10,Apartment,Furnished,Under Construction,Marathahalli,4.1,15.6,3.0,1,8490000
2450,5,6,0.0,2.0,3,7,10,Independent House,Unfurnished,Ready to Move,Marathahalli,5.3,8.1,4.0,1,20380000
1799,4,4,2.0,1.0,3,4,7,Villa,Semi-Furnished,Ready to Move,Yelahanka,1.5,17.2,3.0,0,12350000
1645,4,4,2.0,1.0,9,1,15,Apartment,Semi-Furnished,Ready to Move,Electronic City,3.2,26.5,3.0,2,8640000
679,1,1,1.0,2.0,0,1,5,Apartment,Unfurnished,Ready to Move,Sarjapur Road,3.1,18.5,5.0,2,3710000
