area_sqft,bhk,bathrooms,balconies,parking,age_years,floor,total_floors,property_type,furnishing,availability,location,amenities_score,distance_to_center_km,nearby_schools,nearby_hospitals,price,property_type_encoded,furnishing_encoded,availability_encoded,location_encoded
1269.0,2,3,1,1,0,2,7,Apartment,Furnished,Under Construction,Electronic City,3.0,24.3,1,4,6990000,0,0,1,1
949.0,2,2,2,1,1,3,3,Apartment,Semi-Furnished,Ready to Move,Banashankari,3.9,14.6,6,2,9030000,0,1,0,0
794.0,2,2,0,1,0,6,7,Independent House,Unfurnished,Under Construction,Sarjapur Road,5.1,18.5,1,1,4050000,1,2,1,8
1434.0,3,4,1,1,4,7,15,Apartment,Furnished,Ready to Move,Marathahalli,2.8,13.7,3,2,10820000,0,0,0,7
1245.0,3,3,1,1,24,4,7,Independent House,Unfurnished,Ready to Move,Koramangala,8.2,5.4,3,1,12370000,1,2,0,6
1753.0,4,4,1,1,16,3,7,Apartment,Semi-Furnished,Ready to Move,Koramangala,6.4,3.1,3,1,20120000,0,1,0,6
597.0,1,1,1,1,8,6,7,Independent House,Semi-Furnished,Ready to Move,Whitefield,5.3,17.3,3,1,4190000,1,1,0,9
950.0,3,4,1,1,15,4,10,Independent House,Semi-Furnished,Ready to Move,Hebbal,6.2,12.3,5,1,9720000,1,1,0,3
995.0,3,3,2,1,7,4,7,Apartment,Semi-Furnished,Under Construction,Marathahalli,2.1,15.4,7,3,4700000,0,1,1,7
1405.0,3,4,2,1,3,10,10,Apartment,Unfurnished,Ready to Move,Sarjapur Road,1.5,19.6,3,1,7910000,0,2,0,8
1991.0,4,5,3,1,1,2,25,Apartment,Furnished,Ready to Move,Whitefield,4.8,21.3,1,3,20850000,0,0,0,9
1496.0,3,4,0,1,8,1,3,Villa,Unfurnished,Ready to Move,Banashankari,7.6,11.2,5,4,14440000,2,2,0,0
2712.875,4,4,1,1,1,5,5,Apartment,Unfurnished,Ready to Move,Hebbal,6.3,13.6,3,1,23770000,0,2,0,3
969.0,2,3,2,1,4,5,5,Villa,Semi-Furnished,Ready to Move,HSR Layout,6.0,10.8,5,1,13880000,2,1,0,2
1567.0,3,3,1,1,13,5,7,Apartment,Furnished,Ready to Move,Koramangala,6.7,1.0,5,0,24320000,0,0,0,6
442.0,1,1,1,1,1,1,3,Apartment,Semi-Furnished,Under Construction,Koramangala,6.2,4.7,7,2,5250000,0,1,1,6
634.0,1,1,1,1,1,8,10,Apartment,Semi-Furnished,Ready to Move,Electronic City,4.4,21.5,1,3,3360000,0,1,0,1
849.0,2,2,1,1,2,8,20,Apartment,Semi-Furnished,Ready to Move,Jayanagar,8.1,2.6,6,1,9620000,0,1,0,5
963.0,2,3,1,1,6,1,3,Apartment,Unfurnished,Ready to Move,Indiranagar,7.7,6.5,1,2,12450000,0,2,0,4
929.0,2,2,1,1,2,4,7,Independent House,Semi-Furnished,Ready to Move,HSR Layout,6.0,11.6,1,5,14340000,1,1,0,2
1146.0,2,2,3,1,5,9,15,Villa,Semi-Furnished,Ready to Move,Marathahalli,4.1,15.3,3,3,10220000,2,1,0,7
405.0,1,1,0,1,2,2,5,Apartment,Furnished,Under Construction,Koramangala,10.0,5.7,3,4,6530000,0,0,1,6
1086.0,4,5,3,1,5,3,3,Independent House,Unfurnished,Under Construction,HSR Layout,6.4,10.4,1,2,13620000,1,2,1,2
526.0,1,1,2,1,2,4,10,Villa,Semi-Furnished,Ready to Move,Electronic City,1.9,21.3,2,3,3590000,2,1,0,1
1531.0,3,4,1,1,24,1,3,Independent House,Semi-Furnished,Ready to Move,Indiranagar,6.9,10.3,1,3,22330000,1,1,0,4
978.0,2,3,2,1,5,10,15,Apartment,Semi-Furnished,Ready to Move,Hebbal,3.6,12.4,2,0,8410000,0,1,0,3
2492.0,4,5,2,1,10,2,3,Apartment,Semi-Furnished,Ready to Move,Koramangala,9.9,1.0,5,4,39970000,0,1,0,6
2174.0,4,4,1,1,9,7,10,Apartment,Semi-Furnished,Ready to Move,Jayanagar,7.4,1.0,3,0,28790000,0,1,0,5
1242.0,3,4,1,1,5,12,15,Villa,Unfurnished,Under Construction,Marathahalli,3.5,17.6,1,5,9330000,2,2,1,7
748.0,3,3,1,1,2,1,5,Apartment,Furnished,Ready to Move,Whitefield,0.0,14.5,3,4,6080000,0,0,0,9
523.0,1,2,2,1,5,5,5,Apartment,Semi-Furnished,Ready to Move,Marathahalli,2.7,12.4,4,1,2720000,0,1,0,7
2712.875,4,6,1,1,9,4,5,Apartment,Semi-Furnished,Under Construction,Koramangala,8.5,1.0,4,0,45000000,0,1,1,6
1843.0,4,4,1,1,4,5,20,Apartment,Semi-Furnished,Under Construction,Whitefield,4.9,19.1,2,0,12670000,0,1,1,9
2011.0,4,5,1,1,0,11,15,Villa,Semi-Furnished,Ready to Move,Yelahanka,3.5,17.2,3,4,15290000,2,1,0,10
1517.0,3,3,1,1,0,2,5,Apartment,Semi-Furnished,Ready to Move,Banashankari,2.6,6.0,2,3,13880000,0,1,0,0
757.0,2,2,1,1,3,12,15,Apartment,Semi-Furnished,Under Construction,Hebbal,5.3,9.6,4,2,4810000,0,1,1,3
2249.0,4,4,1,1,1,3,15,Villa,Unfurnished,Ready to Move,Electronic City,1.9,24.2,4,1,16310000,2,2,0,1
1261.0,2,3,2,1,18,14,25,Independent House,Semi-Furnished,Under Construction,Whitefield,4.3,27.9,2,3,8920000,1,1,1,9
1351.0,3,4,2,1,1,4,7,Villa,Unfurnished,Ready to Move,Sarjapur Road,2.5,19.6,3,1,9840000,2,2,0,8
425.0,1,2,2,1,4,14,20,Independent House,Semi-Furnished,Ready to Move,Indiranagar,10.0,2.3,1,2,7450000,1,1,0,4
1973.0,4,5,2,1,9,4,7,Independent House,Semi-Furnished,Ready to Move,Koramangala,8.5,6.6,1,1,34490000,1,1,0,6
527.0,2,2,2,1,13,11,20,Apartment,Unfurnished,Ready to Move,Jayanagar,6.5,11.2,0,2,4390000,0,2,0,5
1014.0,2,3,2,1,5,3,3,Apartment,Semi-Furnished,Under Construction,Whitefield,6.4,23.2,5,2,6830000,0,1,1,9
1526.0,3,3,0,1,1,5,5,Villa,Unfurnished,Under Construction,Yelahanka,2.4,11.4,3,3,7270000,2,2,1,10
1869.0,3,4,3,1,2,2,15,Villa,Furnished,Under Construction,HSR Layout,4.2,11.6,2,3,31060000,2,0,1,2
1345.0,3,4,0,1,4,9,15,Villa,Unfurnished,Ready to Move,Marathahalli,5.6,12.6,4,0,11170000,2,2,0,7
1027.0,2,2,1,1,3,3,7,Apartment,Furnished,Under Construction,Electronic City,3.7,22.2,3,0,6140000,0,0,1,1
455.0,1,1,0,1,3,10,10,Apartment,Semi-Furnished,Under Construction,Jayanagar,6.2,4.9,2,6,3840000,0,1,1,5
1300.0,3,3,0,1,1,6,7,Apartment,Unfurnished,Under Construction,Jayanagar,5.7,8.2,3,0,12260000,0,2,1,5
1945.0,4,6,2,1,19,1,3,Apartment,Unfurnished,Ready to Move,Koramangala,8.8,2.9,4,0,23970000,0,2,0,6
1922.0,4,4,1,1,0,1,3,Apartment,Unfurnished,Ready to Move,Banashankari,5.9,12.3,4,3,14590000,0,2,0,0
1314.0,3,3,2,1,4,2,3,Independent House,Unfurnished,Ready to Move,Sarjapur Road,2.5,18.0,6,1,8070000,1,2,0,8
2119.0,4,5,1,1,24,8,10,Apartment,Unfurnished,Ready to Move,Yelahanka,3.8,15.3,2,2,8550000,0,2,0,10
831.0,2,2,1,1,8,1,7,Apartment,Semi-Furnished,Ready to Move,Yelahanka,3.4,17.7,1,1,3960000,0,1,0,10
1423.0,3,3,1,1,3,2,5,Apartment,Unfurnished,Ready to Move,Marathahalli,2.8,15.1,5,2,9000000,0,2,0,7
1306.0,3,4,2,1,1,11,20,Villa,Semi-Furnished,Under Construction,Yelahanka,3.0,17.8,1,1,8290000,2,1,1,10
887.0,2,2,1,1,24,1,5,Apartment,Semi-Furnished,Ready to Move,Whitefield,3.5,19.6,4,5,5790000,0,1,0,9
1422.0,3,4,1,1,0,10,10,Apartment,Semi-Furnished,Ready to Move,Koramangala,9.9,8.0,1,1,19290000,0,1,0,6
1411.0,3,3,1,1,9,14,20,Apartment,Unfurnished,Ready to Move,Whitefield,3.4,23.0,4,1,9770000,0,2,0,9
1094.0,2,2,3,1,16,4,5,Apartment,Furnished,Under Construction,Electronic City,5.6,22.0,3,1,5910000,0,0,1,1
927.0,2,2,0,1,0,5,5,Independent House,Semi-Furnished,Ready to Move,Electronic City,3.5,24.5,3,1,6680000,1,1,0,1
511.0,1,1,1,1,10,1,10,Independent House,Semi-Furnished,Ready to Move,HSR Layout,3.7,9.2,2,3,4630000,1,1,0,2
1349.0,3,4,1,1,24,6,10,Apartment,Unfurnished,Ready to Move,Hebbal,1.7,13.7,2,2,5830000,0,2,0,3
814.0,2,3,0,1,8,7,10,Apartment,Semi-Furnished,Ready to Move,Electronic City,3.0,24.5,5,3,4430000,0,1,0,1
881.0,2,2,1,1,4,3,10,Villa,Semi-Furnished,Ready to Move,HSR Layout,8.3,10.7,5,1,13110000,2,1,0,2
1968.0,3,3,0,1,16,8,20,Apartment,Furnished,Ready to Move,Jayanagar,8.5,3.5,6,2,19350000,0,0,0,5
1144.0,3,3,2,1,6,1,3,Apartment,Furnished,Ready to Move,Koramangala,8.2,1.0,1,5,17890000,0,0,0,6
1321.0,3,3,2,1,11,11,15,Apartment,Semi-Furnished,Ready to Move,Hebbal,3.9,12.9,0,2,11770000,0,1,0,3
1291.0,3,3,2,1,7,2,5,Independent House,Furnished,Under Construction,Whitefield,3.7,17.8,4,3,11780000,1,0,1,9
1901.0,4,5,1,1,0,2,7,Apartment,Semi-Furnished,Ready to Move,Banashankari,5.0,11.2,3,5,17870000,0,1,0,0
1867.0,4,4,2,1,1,1,3,Apartment,Unfurnished,Under Construction,Sarjapur Road,5.3,13.5,2,1,10440000,0,2,1,8
2111.0,4,4,2,1,0,4,7,Villa,Semi-Furnished,Ready to Move,Koramangala,8.9,8.0,3,0,47080000,2,1,0,6
921.0,3,3,3,1,0,12,15,Apartment,Unfurnished,Ready to Move,Whitefield,5.8,20.2,4,3,7030000,0,2,0,9
1147.0,2,2,0,1,0,1,3,Apartment,Semi-Furnished,Ready to Move,Hebbal,6.0,9.4,1,5,10870000,0,1,0,3
2712.875,4,6,1,1,4,1,7,Independent House,Unfurnished,Under Construction,Sarjapur Road,5.1,16.6,0,3,23380000,1,2,1,8
713.0,2,2,2,1,1,7,7,Apartment,Semi-Furnished,Ready to Move,Sarjapur Road,0.3,17.4,5,2,4470000,0,1,0,8
518.0,2,2,3,1,15,3,5,Villa,Semi-Furnished,Ready to Move,Sarjapur Road,2.3,19.4,6,2,4140000,2,1,0,8
764.0,2,2,3,1,11,10,15,Apartment,Semi-Furnished,Ready to Move,Whitefield,2.7,16.3,2,6,4970000,0,1,0,9
523.0,1,2,2,1,6,14,15,Apartment,Semi-Furnished,Under Construction,Electronic City,1.5,19.1,1,5,2370000,0,1,1,1
2712.875,4,5,1,1,5,14,15,Apartment,Semi-Furnished,Ready to Move,Whitefield,4.3,19.0,4,1,42150000,0,1,0,9
1552.0,3,4,0,1,2,10,10,Apartment,Furnished,Under Construction,Hebbal,2.8,11.9,3,1,16670000,0,0,1,3
893.0,3,3,3,1,5,8,10,Apartment,Semi-Furnished,Ready to Move,Marathahalli,2.6,16.1,1,3,6160000,0,1,0,7
1206.0,3,4,1,1,8,1,7,Independent House,Semi-Furnished,Ready to Move,Electronic City,3.2,22.8,2,0,8110000,1,1,0,1
1385.0,3,4,1,1,12,8,10,Apartment,Furnished,Ready to Move,Whitefield,1.9,18.8,3,1,9790000,0,0,0,9
577.0,1,1,3,1,0,3,7,Apartment,Unfurnished,Ready to Move,Electronic City,2.6,22.7,2,4,2730000,0,2,0,1
1031.0,3,4,0,1,9,12,25,Apartment,Furnished,Ready to Move,Electronic City,4.3,22.5,1,3,7010000,0,0,0,1
1362.0,3,4,2,1,10,14,25,Independent House,Semi-Furnished,Ready to Move,Sarjapur Road,1.8,17.2,0,1,9460000,1,1,0,8
813.0,2,2,2,1,6,14,20,Apartment,Unfurnished,Under Construction,Marathahalli,5.2,14.3,5,1,4500000,0,2,1,7
1090.0,3,3,0,1,1,7,7,Apartment,Unfurnished,Ready to Move,Yelahanka,1.8,9.5,2,4,5220000,0,2,0,10
999.0,2,3,1,1,6,7,7,Apartment,Semi-Furnished,Ready to Move,Indiranagar,9.1,7.8,4,1,16400000,0,1,0,4
1097.0,2,3,0,1,5,12,20,Apartment,Unfurnished,Under Construction,Whitefield,2.7,21.6,1,3,5400000,0,2,1,9
1109.0,2,3,2,1,5,4,15,Apartment,Unfurnished,Under Construction,Sarjapur Road,4.3,22.5,4,1,5990000,0,2,1,8
1059.0,2,3,1,1,4,13,15,Independent House,Semi-Furnished,Ready to Move,Sarjapur Road,3.2,15.6,4,4,7900000,1,1,0,8
1801.0,4,5,0,1,0,5,7,Apartment,Semi-Furnished,Ready to Move,Jayanagar,7.4,7.7,4,2,24310000,0,1,0,5
2285.0,4,5,3,1,1,11,15,Apartment,Semi-Furnished,Ready to Move,Sarjapur Road,2.8,12.3,1,1,16270000,0,1,0,8
1008.0,2,2,1,1,0,10,10,Apartment,Unfurnished,Ready to Move,Jayanagar,7.5,1.0,2,2,10000000,0,2,0,5
1437.0,3,3,1,1,2,5,7,Independent House,Unfurnished,Ready to Move,Jayanagar,7.9,5.3,3,1,19350000,1,2,0,5
1228.0,3,4,1,1,2,11,20,Apartment,Semi-Furnished,Ready to Move,Indiranagar,8.8,3.3,1,1,17660000,0,1,0,4
855.0,2,2,1,1,2,1,7,Apartment,Semi-Furnished,Ready to Move,Whitefield,3.6,23.1,4,1,7110000,0,1,0,9
964.0,2,2,3,1,1,2,10,Apartment,Furnished,Under Construction,Whitefield,4.0,23.5,2,2,7820000,0,0,1,9
2712.875,4,6,1,1,10,2,10,Apartment,Semi-Furnished,Under Construction,Whitefield,2.4,23.9,3,0,28940000,0,1,1,9
1484.0,3,3,1,1,13,3,10,Apartment,Furnished,Under Construction,Marathahalli,4.3,15.8,3,6,8710000,0,0,1,7
2457.0,4,5,2,1,3,1,3,Apartment,Unfurnished,Ready to Move,Electronic City,4.3,23.9,1,5,12750000,0,2,0,1
791.0,2,2,2,1,2,4,10,Apartment,Semi-Furnished,Under Construction,Jayanagar,9.0,2.2,3,1,7470000,0,1,1,5
1262.0,3,4,1,1,14,10,10,Apartment,Semi-Furnished,Ready to Move,Yelahanka,5.0,20.2,1,4,6210000,0,1,0,10
1363.0,2,3,2,1,7,10,10,Apartment,Semi-Furnished,Ready to Move,HSR Layout,4.9,13.8,5,2,16670000,0,1,0,2
874.0,2,2,2,1,2,12,15,Apartment,Furnished,Under Construction,Electronic City,3.7,17.9,1,1,5190000,0,0,1,1
1653.0,3,3,1,1,10,1,7,Apartment,Semi-Furnished,Ready to Move,Sarjapur Road,3.5,19.4,4,1,10350000,0,1,0,8
878.0,2,2,2,1,3,3,20,Independent House,Semi-Furnished,Ready to Move,HSR Layout,8.2,8.4,4,2,11210000,1,1,0,2
999.0,2,2,3,1,7,1,7,Independent House,Furnished,Under Construction,Whitefield,3.3,25.5,2,1,8190000,1,0,1,9
1100.0,2,2,1,1,24,5,10,Independent House,Unfurnished,Under Construction,HSR Layout,7.7,7.1,2,0,8270000,1,2,1,2
487.0,1,1,2,1,2,1,3,Independent House,Unfurnished,Ready to Move,Koramangala,6.5,4.3,1,4,7010000,1,2,0,6
1220.0,3,3,3,1,21,1,5,Villa,Semi-Furnished,Under Construction,Yelahanka,2.8,16.6,3,1,6410000,2,1,1,10
1864.0,3,3,2,1,3,13,15,Villa,Unfurnished,Ready to Move,Hebbal,3.7,11.8,5,2,17830000,2,2,0,3
658.0,1,1,0,1,6,2,3,Apartment,Semi-Furnished,Under Construction,Marathahalli,1.1,20.4,3,0,4030000,0,1,1,7
1100.0,2,3,1,1,4,14,25,Villa,Furnished,Ready to Move,Yelahanka,1.6,21.1,3,1,7330000,2,0,0,10
1099.0,2,3,2,1,12,3,5,Apartment,Semi-Furnished,Under Construction,Hebbal,4.6,7.1,2,4,7750000,0,1,1,3
1528.0,3,4,1,1,0,14,20,Apartment,Semi-Furnished,Under Construction,Koramangala,10.0,5.5,5,1,20160000,0,1,1,6
771.0,1,2,3,1,7,4,10,Independent House,Unfurnished,Ready to Move,Yelahanka,1.4,16.0,5,2,3890000,1,2,0,10
1412.0,3,3,1,1,11,9,10,Apartment,Semi-Furnished,Under Construction,Jayanagar,5.8,8.5,6,1,14970000,0,1,1,5
613.0,1,2,1,1,5,3,3,Apartment,Unfurnished,Under Construction,Hebbal,2.8,12.6,2,3,4380000,0,2,1,3
674.0,2,2,2,1,0,5,7,Independent House,Semi-Furnished,Ready to Move,Yelahanka,4.7,13.6,5,5,3910000,1,1,0,10
1670.0,4,5,1,1,2,3,5,Apartment,Unfurnished,Under Construction,Electronic City,4.8,18.9,0,1,8900000,0,2,1,1
1063.0,3,4,1,1,9,9,10,Apartment,Semi-Furnished,Under Construction,Whitefield,3.8,18.8,2,1,6960000,0,1,1,9
690.0,1,2,0,1,18,5,10,Independent House,Semi-Furnished,Ready to Move,HSR Layout,5.8,9.6,3,3,7710000,1,1,0,2
978.0,4,5,2,1,4,5,15,Villa,Semi-Furnished,Ready to Move,Indiranagar,5.7,5.6,7,0,22080000,2,1,0,4
1287.0,3,4,2,1,6,6,20,Apartment,Unfurnished,Ready to Move,Hebbal,2.8,10.3,5,4,9840000,0,2,0,3
802.0,4,5,2,1,2,3,10,Apartment,Unfurnished,Ready to Move,Hebbal,3.6,17.1,3,2,6030000,0,2,0,3
1167.0,3,3,1,1,4,4,5,Apartment,Semi-Furnished,Ready to Move,Whitefield,5.3,21.6,3,2,9320000,0,1,0,9
1262.0,3,4,0,1,3,5,7,Independent House,Furnished,Ready to Move,Jayanagar,2.9,8.6,0,3,20580000,1,0,0,5
2712.875,4,5,2,1,8,1,15,Apartment,Semi-Furnished,Under Construction,Electronic City,4.1,21.6,4,2,19240000,0,1,1,1
1025.0,2,3,3,1,24,1,5,Apartment,Semi-Furnished,Under Construction,HSR Layout,6.8,6.9,6,4,8070000,0,1,1,2
1166.0,3,3,1,1,13,10,10,Apartment,Furnished,Under Construction,Whitefield,1.6,22.7,1,5,8470000,0,0,1,9
1698.0,3,3,2,1,1,2,3,Apartment,Unfurnished,Under Construction,Electronic City,2.9,19.0,3,1,9010000,0,2,1,1
551.0,1,2,1,1,6,2,5,Independent House,Semi-Furnished,Ready to Move,Yelahanka,4.7,9.9,2,2,3020000,1,1,0,10
554.0,1,1,1,1,0,7,10,Apartment,Semi-Furnished,Ready to Move,Electronic City,1.7,23.7,5,3,3180000,0,1,0,1
721.0,2,3,2,1,2,1,10,Villa,Unfurnished,Ready to Move,Jayanagar,5.8,3.7,4,2,9790000,2,2,0,5
1122.0,3,3,0,1,1,4,10,Apartment,Furnished,Ready to Move,Sarjapur Road,7.8,17.0,3,2,9170000,0,0,0,8
1168.0,3,4,1,1,3,2,10,Villa,Semi-Furnished,Ready to Move,Electronic City,3.8,24.1,1,4,8270000,2,1,0,1
1413.0,3,4,1,1,9,3,5,Independent House,Unfurnished,Ready to Move,Banashankari,4.3,5.2,4,3,11560000,1,2,0,0
558.0,1,2,1,1,5,4,7,Apartment,Unfurnished,Ready to Move,Banashankari,4.0,3.2,1,2,3890000,0,2,0,0
1832.0,3,3,2,1,21,2,10,Apartment,Semi-Furnished,Ready to Move,HSR Layout,6.9,13.7,1,0,15570000,0,1,0,2
2154.0,4,4,0,1,1,10,10,Apartment,Semi-Furnished,Under Construction,Jayanagar,7.7,5.8,2,2,28020000,0,1,1,5
435.0,2,3,2,1,3,1,3,Independent House,Furnished,Ready to Move,Electronic City,0.1,25.8,0,1,3220000,1,0,0,1
1473.0,3,3,1,1,3,4,10,Apartment,Semi-Furnished,Ready to Move,HSR Layout,3.0,11.9,1,1,17180000,0,1,0,2
993.0,3,3,2,1,2,9,10,Independent House,Semi-Furnished,Ready to Move,Whitefield,2.8,22.0,4,1,8870000,1,1,0,9
1129.0,3,4,0,1,24,2,3,Villa,Unfurnished,Ready to Move,Marathahalli,3.8,14.5,2,2,6410000,2,2,0,7
1172.0,3,3,2,1,3,11,15,Independent House,Unfurnished,Under Construction,Jayanagar,6.8,6.5,2,4,10690000,1,2,1,5
1734.0,4,4,2,1,22,9,10,Villa,Semi-Furnished,Ready to Move,Whitefield,1.8,23.4,2,2,16490000,2,1,0,9
688.0,2,2,3,1,3,4,5,Apartment,Furnished,Ready to Move,HSR Layout,6.0,12.4,3,0,9300000,0,0,0,2
2081.0,4,4,3,1,1,9,10,Apartment,Semi-Furnished,Ready to Move,Yelahanka,2.9,14.2,2,3,11950000,0,1,0,10
681.0,2,3,1,1,1,3,10,Apartment,Semi-Furnished,Ready to Move,HSR Layout,5.1,11.5,4,4,6650000,0,1,0,2
1017.0,2,2,0,1,15,1,20,Independent House,Semi-Furnished,Ready to Move,Koramangala,7.2,2.1,4,4,16270000,1,1,0,6
796.0,1,2,2,1,0,1,15,Independent House,Semi-Furnished,Ready to Move,Indiranagar,7.6,4.1,5,3,15040000,1,1,0,4
1027.0,3,3,2,1,24,6,7,Villa,Unfurnished,Under Construction,Banashankari,5.4,9.7,4,1,7440000,2,2,1,0
895.0,2,2,0,1,4,3,5,Apartment,Semi-Furnished,Ready to Move,HSR Layout,6.3,8.1,4,3,9940000,0,1,0,2
470.0,2,2,0,1,2,14,20,Apartment,Semi-Furnished,Ready to Move,Marathahalli,2.3,14.4,2,1,3540000,0,1,0,7
892.0,2,2,2,1,7,8,15,Independent House,Semi-Furnished,Under Construction,Sarjapur Road,5.1,19.1,5,2,5990000,1,1,1,8
2257.0,4,5,3,1,1,4,5,Apartment,Semi-Furnished,Ready to Move,HSR Layout,4.3,9.0,4,3,30100000,0,1,0,2
2288.0,4,5,3,1,0,3,3,Apartment,Unfurnished,Ready to Move,Sarjapur Road,1.1,20.2,4,2,16140000,0,2,0,8
1421.0,3,3,1,1,14,8,15,Villa,Semi-Furnished,Ready to Move,Electronic City,3.0,20.7,3,2,10280000,2,1,0,1
1648.0,3,4,1,1,4,14,15,Apartment,Semi-Furnished,Ready to Move,Marathahalli,3.6,16.8,3,2,10440000,0,1,0,7
2112.0,3,3,0,1,5,2,5,Apartment,Unfurnished,Under Construction,Marathahalli,4.1,14.4,1,3,14090000,0,2,1,7
1275.0,2,2,1,1,1,8,10,Apartment,Semi-Furnished,Under Construction,Jayanagar,4.9,6.5,7,1,14420000,0,1,1,5
1790.0,4,4,2,1,0,1,7,Apartment,Semi-Furnished,Ready to Move,Whitefield,5.7,17.3,3,0,15630000,0,1,0,9
674.0,2,3,2,1,3,2,7,Independent House,Furnished,Under Construction,Hebbal,7.6,11.3,2,1,6910000,1,0,1,3
872.0,2,2,1,1,5,3,7,Apartment,Furnished,Ready to Move,Electronic City,3.3,22.6,4,1,5750000,0,0,0,1
770.0,2,3,0,1,11,6,10,Apartment,Semi-Furnished,Ready to Move,Koramangala,8.5,7.1,3,3,8780000,0,1,0,6
1526.0,3,3,1,1,5,14,15,Apartment,Unfurnished,Under Construction,Whitefield,1.2,19.0,2,2,8780000,0,2,1,9
1069.0,3,3,3,1,12,3,10,Independent House,Semi-Furnished,Ready to Move,Marathahalli,3.3,17.1,2,0,8190000,1,1,0,7
1379.0,3,3,1,1,0,7,7,Apartment,Semi-Furnished,Under Construction,Marathahalli,3.0,11.7,5,2,8600000,0,1,1,7
1109.0,2,3,1,1,0,9,20,Apartment,Semi-Furnished,Ready to Move,Whitefield,3.0,21.0,7,0,7250000,0,1,0,9
1371.0,3,4,2,1,1,3,3,Apartment,Unfurnished,Ready to Move,Jayanagar,5.7,4.5,2,1,13770000,0,2,0,5
770.0,2,2,2,1,11,14,15,Apartment,Semi-Furnished,Under Construction,HSR Layout,5.5,14.6,6,1,7140000,0,1,1,2
1173.0,2,3,3,1,11,8,15,Apartment,Semi-Furnished,Under Construction,Marathahalli,1.8,18.1,7,2,6540000,0,1,1,7
343.0,1,1,1,1,1,3,7,Independent House,Semi-Furnished,Under Construction,Koramangala,7.3,4.9,5,2,5360000,1,1,1,6
1308.0,3,4,1,1,0,5,5,Independent House,Furnished,Ready to Move,Sarjapur Road,2.1,16.4,5,2,10710000,1,0,0,8
942.0,2,3,1,1,9,2,20,Apartment,Semi-Furnished,Ready to Move,Electronic City,4.5,17.4,3,3,5150000,0,1,0,1
1404.0,3,4,3,1,15,5,10,Apartment,Semi-Furnished,Under Construction,Yelahanka,3.5,17.1,3,1,5840000,0,1,1,10
1450.0,3,4,2,1,11,1,3,Independent House,Semi-Furnished,Under Construction,Koramangala,8.5,4.6,2,4,21210000,1,1,1,6
1570.0,3,3,2,1,1,14,20,Apartment,Unfurnished,Ready to Move,Electronic City,4.8,24.6,1,1,8460000,0,2,0,1
1390.0,3,4,0,1,7,3,7,Independent House,Semi-Furnished,Under Construction,Whitefield,3.1,15.6,3,1,8710000,1,1,1,9
880.0,2,2,2,1,11,2,7,Apartment,Semi-Furnished,Under Construction,Yelahanka,3.4,16.4,3,3,3730000,0,1,1,10
872.0,2,2,1,1,2,1,10,Independent House,Furnished,Ready to Move,Yelahanka,4.6,17.3,4,1,5440000,1,0,0,10
1228.0,3,3,0,1,6,5,10,Independent House,Semi-Furnished,Ready to Move,HSR Layout,5.0,7.3,5,1,14350000,1,1,0,2
1620.0,3,3,0,1,3,6,7,Independent House,Semi-Furnished,Ready to Move,Marathahalli,1.0,14.3,5,2,12660000,1,1,0,7
1741.0,4,4,2,1,2,5,5,Villa,Semi-Furnished,Ready to Move,Hebbal,4.0,9.8,2,5,22520000,2,1,0,3
2338.0,4,4,1,1,24,7,10,Apartment,Semi-Furnished,Ready to Move,Jayanagar,8.1,3.5,1,3,21170000,0,1,0,5
953.0,2,2,2,1,19,2,10,Independent House,Semi-Furnished,Under Construction,Jayanagar,5.2,4.4,7,2,9540000,1,1,1,5
850.0,2,2,2,1,4,6,20,Apartment,Semi-Furnished,Ready to Move,HSR Layout,5.6,9.2,5,3,7720000,0,1,0,2
1573.0,3,4,0,1,1,8,10,Apartment,Unfurnished,Ready to Move,Whitefield,3.2,23.7,0,0,11940000,0,2,0,9
811.0,2,2,2,1,10,6,10,Villa,Furnished,Ready to Move,Yelahanka,2.7,15.0,5,4,6510000,2,0,0,10
620.0,1,2,1,1,2,3,3,Independent House,Semi-Furnished,Ready to Move,Yelahanka,1.4,13.5,2,0,3640000,1,1,0,10
2085.0,4,4,1,1,1,14,20,Independent House,Semi-Furnished,Under Construction,Marathahalli,1.8,16.4,5,3,16640000,1,1,1,7
836.0,2,2,2,1,3,3,7,Apartment,Unfurnished,Ready to Move,Electronic City,2.7,25.1,2,4,4920000,0,2,0,1
2211.0,4,4,2,1,6,7,10,Independent House,Semi-Furnished,Ready to Move,Electronic City,2.9,24.5,4,5,13170000,1,1,0,1
1553.0,3,3,1,1,0,2,20,Villa,Semi-Furnished,Ready to Move,Sarjapur Road,5.3,22.1,4,1,14440000,2,1,0,8
1724.0,3,4,2,1,6,3,15,Apartment,Unfurnished,Under Construction,Yelahanka,3.1,16.6,1,1,6620000,0,2,1,10
1133.0,2,3,2,1,0,7,10,Apartment,Furnished,Under Construction,Yelahanka,1.2,16.5,5,1,6020000,0,0,1,10
1043.0,2,2,1,1,17,9,15,Apartment,Semi-Furnished,Under Construction,Sarjapur Road,2.6,15.9,2,4,4750000,0,1,1,8
1084.0,3,3,1,1,20,14,20,Apartment,Furnished,Ready to Move,Marathahalli,5.1,18.2,2,5,8230000,0,0,0,7
1415.0,2,3,2,1,10,5,15,Independent House,Semi-Furnished,Under Construction,Whitefield,3.7,19.7,2,2,10500000,1,1,1,9
683.0,2,2,0,1,5,2,10,Villa,Unfurnished,Ready to Move,Koramangala,6.4,3.1,1,4,11790000,2,2,0,6
1130.0,2,2,2,1,2,5,10,Villa,Semi-Furnished,Ready to Move,Yelahanka,3.1,14.8,1,3,6620000,2,1,0,10
1031.0,2,3,2,1,10,5,5,Independent House,Semi-Furnished,Ready to Move,Marathahalli,2.8,15.9,7,4,8370000,1,1,0,7
726.0,2,2,1,1,21,6,10,Apartment,Semi-Furnished,Ready to Move,Whitefield,5.1,20.3,2,0,4230000,0,1,0,9
1365.0,3,4,3,1,1,7,7,Independent House,Semi-Furnished,Ready to Move,Whitefield,4.9,20.6,3,1,12440000,1,1,0,9
935.0,2,3,1,1,5,5,7,Apartment,Semi-Furnished,Ready to Move,Marathahalli,2.3,13.0,2,6,5890000,0,1,0,7
693.0,1,1,3,1,3,5,10,Independent House,Unfurnished,Ready to Move,Whitefield,7.0,19.4,6,0,5640000,1,2,0,9
1200.0,3,3,1,1,3,2,5,Apartment,Furnished,Under Construction,Koramangala,7.8,3.6,5,0,15520000,0,0,1,6
2653.0,4,5,2,1,4,2,3,Independent House,Semi-Furnished,Ready to Move,Jayanagar,2.7,10.3,2,2,43260000,1,1,0,5
506.0,2,2,1,1,24,3,7,Apartment,Semi-Furnished,Under Construction,Sarjapur Road,4.2,12.6,3,1,2750000,0,1,1,8
1279.0,2,3,2,1,2,6,7,Apartment,Unfurnished,Ready to Move,Marathahalli,0.1,15.3,7,6,7600000,0,2,0,7
1100.0,3,4,1,1,5,3,7,Independent House,Semi-Furnished,Ready to Move,HSR Layout,7.9,13.3,6,3,13390000,1,1,0,2
2130.0,4,4,1,1,24,14,20,Apartment,Semi-Furnished,Ready to Move,Sarjapur Road,3.8,12.5,3,1,10540000,0,1,0,8
1371.0,3,3,0,1,5,8,15,Villa,Furnished,Ready to Move,HSR Layout,6.1,9.8,0,4,23800000,2,0,0,2
1372.0,3,3,2,1,15,4,7,Apartment,Semi-Furnished,Under Construction,Electronic City,3.2,24.9,3,3,6300000,0,1,1,1
1103.0,2,2,1,1,0,5,5,Villa,Semi-Furnished,Under Construction,Sarjapur Road,4.4,15.7,2,1,8380000,2,1,1,8
1867.0,3,4,2,1,24,9,10,Apartment,Unfurnished,Ready to Move,Marathahalli,3.2,14.8,1,1,10830000,0,2,0,7
577.0,1,2,2,1,1,4,10,Apartment,Furnished,Ready to Move,Hebbal,4.9,9.2,3,0,4970000,0,0,0,3
1583.0,3,3,3,1,24,1,10,Apartment,Semi-Furnished,Ready to Move,Marathahalli,4.1,14.1,2,1,8340000,0,1,0,7
1492.0,3,3,0,1,1,3,5,Apartment,Furnished,Ready to Move,Jayanagar,2.2,9.8,6,1,19580000,0,0,0,5
2712.875,4,6,2,1,4,2,3,Apartment,Semi-Furnished,Under Construction,Whitefield,5.1,25.1,2,1,26360000,0,1,1,9
862.0,2,2,1,1,2,3,7,Apartment,Unfurnished,Ready to Move,Electronic City,4.4,22.8,2,2,3630000,0,2,0,1
668.0,1,2,2,1,4,5,10,Apartment,Semi-Furnished,Ready to Move,HSR Layout,6.9,6.2,7,1,6100000,0,1,0,2
1710.0,3,3,2,1,2,10,15,Apartment,Semi-Furnished,Ready to Move,HSR Layout,6.8,9.1,4,2,19770000,0,1,0,2
1703.0,3,4,0,1,24,3,20,Apartment,Semi-Furnished,Ready to Move,Banashankari,6.9,2.6,4,0,12490000,0,1,0,0
1215.0,3,4,1,1,2,7,7,Independent House,Unfurnished,Under Construction,Electronic City,3.1,21.1,3,2,6440000,1,2,1,1
918.0,2,3,1,1,8,11,15,Apartment,Furnished,Ready to Move,Yelahanka,2.9,18.9,3,3,5370000,0,0,0,10
995.0,2,3,1,1,1,14,25,Apartment,Unfurnished,Ready to Move,Marathahalli,2.9,9.9,4,2,5520000,0,2,0,7
1016.0,3,4,3,1,13,5,15,Villa,Furnished,Under Construction,Hebbal,2.0,11.4,4,0,10610000,2,0,1,3
1253.0,2,3,1,1,6,8,15,Apartment,Unfurnished,Ready to Move,Jayanagar,7.2,3.6,3,5,12010000,0,2,0,5
1995.0,4,5,3,1,24,14,20,Villa,Furnished,Ready to Move,Marathahalli,3.1,19.4,4,1,18670000,2,0,0,7
1479.0,3,4,1,1,4,4,7,Apartment,Furnished,Ready to Move,Jayanagar,3.7,7.2,1,1,21690000,0,0,0,5
1238.0,3,4,3,1,1,3,3,Apartment,Semi-Furnished,Under Construction,Koramangala,7.8,6.6,3,2,17740000,0,1,1,6
1028.0,3,3,2,1,3,4,25,Apartment,Furnished,Under Construction,Sarjapur Road,3.4,18.9,3,2,7510000,0,0,1,8
1230.0,3,3,2,1,10,2,10,Villa,Furnished,Under Construction,HSR Layout,5.9,12.3,5,3,17900000,2,0,1,2
991.0,2,3,0,1,8,2,15,Villa,Unfurnished,Ready to Move,Whitefield,4.4,23.2,4,3,7900000,2,2,0,9
2269.0,4,4,2,1,12,14,15,Apartment,Furnished,Ready to Move,Marathahalli,1.5,14.1,3,3,17290000,0,0,0,7
980.0,2,3,0,1,0,2,7,Apartment,Unfurnished,Ready to Move,Koramangala,9.4,2.4,1,1,11500000,0,2,0,6
1497.0,3,3,1,1,6,3,10,Independent House,Unfurnished,Under Construction,Yelahanka,3.5,13.2,3,2,7340000,1,2,1,10
885.0,2,2,2,1,21,9,10,Apartment,Semi-Furnished,Ready to Move,Banashankari,6.4,13.3,7,2,5970000,0,1,0,0
1538.0,3,4,2,1,0,5,5,Apartment,Unfurnished,Ready to Move,Yelahanka,2.0,18.5,2,4,6970000,0,2,0,10
1231.0,2,3,0,1,0,4,5,Independent House,Unfurnished,Under Construction,Electronic City,3.9,15.3,1,1,6560000,1,2,1,1
1083.0,2,2,1,1,10,4,10,Villa,Furnished,Ready to Move,Whitefield,1.4,19.3,3,0,8950000,2,0,0,9
2712.875,4,6,2,1,3,3,5,Apartment,Furnished,Ready to Move,Yelahanka,1.6,17.2,3,3,21810000,0,0,0,10
1005.0,2,3,0,1,8,1,7,Independent House,Furnished,Under Construction,Indiranagar,6.5,10.0,3,2,14720000,1,0,1,4
979.0,3,3,1,1,6,3,5,Independent House,Semi-Furnished,Under Construction,Banashankari,4.9,4.7,5,2,7940000,1,1,1,0
2214.0,4,5,2,1,24,10,15,Apartment,Furnished,Ready to Move,Banashankari,2.9,9.3,3,1,17460000,0,0,0,0
600.0,1,1,0,1,17,14,20,Apartment,Unfurnished,Ready to Move,Hebbal,4.2,10.8,3,0,3560000,0,2,0,3
1396.0,3,3,2,1,9,6,10,Apartment,Furnished,Ready to Move,HSR Layout,6.2,6.4,1,1,17060000,0,0,0,2
1033.0,2,2,2,1,2,4,7,Independent House,Semi-Furnished,Ready to Move,Electronic City,2.6,26.0,7,5,6830000,1,1,0,1
734.0,1,1,2,1,2,8,25,Villa,Furnished,Ready to Move,Hebbal,2.9,9.1,2,1,8120000,2,0,0,3
1087.0,2,2,1,1,17,3,3,Apartment,Semi-Furnished,Under Construction,Electronic City,5.7,24.9,0,6,5330000,0,1,1,1
2503.0,4,5,2,1,7,3,7,Independent House,Furnished,Ready to Move,Koramangala,8.0,1.0,2,3,56920000,1,0,0,6
560.0,1,1,0,1,12,5,7,Apartment,Furnished,Under Construction,Jayanagar,9.0,4.5,2,1,5890000,0,0,1,5
1173.0,3,4,1,1,4,3,7,Apartment,Furnished,Under Construction,Yelahanka,1.3,17.7,0,1,6740000,0,0,1,10
1383.0,3,3,1,1,0,3,5,Apartment,Semi-Furnished,Ready to Move,Sarjapur Road,3.0,20.2,2,1,9360000,0,1,0,8
1678.0,4,5,2,1,3,4,7,Apartment,Furnished,Ready to Move,Marathahalli,4.0,15.3,3,2,13680000,0,0,0,7
721.0,1,2,2,1,1,4,7,Independent House,Furnished,Ready to Move,Whitefield,6.5,23.0,4,1,7030000,1,0,0,9
1621.0,3,3,0,1,12,10,10,Apartment,Unfurnished,Under Construction,Marathahalli,6.3,13.1,4,1,8630000,0,2,1,7
1545.0,3,4,0,1,9,7,7,Independent House,Semi-Furnished,Under Construction,Banashankari,3.9,12.2,7,1,12720000,1,1,1,0
1746.0,3,4,1,1,0,8,10,Apartment,Unfurnished,Ready to Move,Koramangala,6.8,5.1,2,1,23550000,0,2,0,6
1191.0,4,5,0,1,7,9,10,Apartment,Furnished,Under Construction,Jayanagar,6.5,8.2,2,3,16780000,0,0,1,5
2235.0,4,5,2,1,16,3,5,Independent House,Unfurnished,Ready to Move,Yelahanka,4.7,17.1,5,2,10950000,1,2,0,10
405.0,1,1,2,1,9,13,15,Apartment,Furnished,Under Construction,Sarjapur Road,3.7,19.5,4,1,2280000,0,0,1,8
1397.0,3,3,3,1,5,4,10,Apartment,Semi-Furnished,Ready to Move,Sarjapur Road,4.0,15.0,2,1,9860000,0,1,0,8
890.0,2,2,3,1,2,4,5,Apartment,Unfurnished,Under Construction,Sarjapur Road,5.3,15.2,2,1,4650000,0,2,1,8
1075.0,2,2,2,1,17,2,5,Independent House,Furnished,Under Construction,Electronic City,4.8,20.4,5,2,6490000,1,0,1,1
1463.0,3,3,0,1,4,1,15,Apartment,Unfurnished,Under Construction,HSR Layout,7.8,11.5,3,4,10220000,0,2,1,2
1205.0,2,3,1,1,15,14,15,Apartment,Semi-Furnished,Under Construction,Hebbal,5.9,10.2,0,2,9400000,0,1,1,3
835.0,2,2,1,1,12,10,10,Apartment,Furnished,Ready to Move,Hebbal,7.0,11.1,3,2,7570000,0,0,0,3
2712.875,4,6,1,1,13,4,7,Apartment,Semi-Furnished,Ready to Move,Hebbal,3.2,11.8,4,0,29860000,0,1,0,3
567.0,1,1,2,1,24,8,10,Independent House,Semi-Furnished,Ready to Move,Yelahanka,6.4,20.3,7,3,2280000,1,1,0,10
1345.0,4,4,3,1,11,5,10,Apartment,Semi-Furnished,Ready to Move,Jayanagar,8.3,7.8,0,5,17100000,0,1,0,5
1142.0,3,3,2,1,0,2,20,Apartment,Furnished,Ready to Move,Jayanagar,6.4,1.6,3,0,17630000,0,0,0,5
1358.0,3,3,0,1,1,4,10,Apartment,Unfurnished,Ready to Move,Hebbal,6.7,12.5,5,1,10050000,0,2,0,3
2444.0,4,5,1,1,0,4,7,Apartment,Unfurnished,Ready to Move,Marathahalli,3.5,13.1,2,3,18290000,0,2,0,7
1038.0,2,3,2,1,1,2,3,Independent House,Semi-Furnished,Ready to Move,Sarjapur Road,4.4,17.3,1,0,6760000,1,1,0,8
728.0,2,2,2,1,0,5,5,Apartment,Semi-Furnished,Ready to Move,Hebbal,5.9,12.0,3,0,6520000,0,1,0,3
923.0,2,3,1,1,5,2,10,Independent House,Semi-Furnished,Ready to Move,Yelahanka,4.3,19.4,3,2,4960000,1,1,0,10
1333.0,2,3,2,1,0,5,5,Apartment,Unfurnished,Ready to Move,Electronic City,2.6,19.6,3,1,7360000,0,2,0,1
2044.0,4,4,2,1,5,4,10,Apartment,Semi-Furnished,Ready to Move,Electronic City,4.7,22.6,4,1,14470000,0,1,0,1
1869.0,4,5,1,1,18,8,10,Independent House,Furnished,Under Construction,Whitefield,3.7,20.9,0,1,15510000,1,0,1,9
1043.0,2,3,1,1,11,7,7,Apartment,Unfurnished,Ready to Move,Marathahalli,5.1,13.3,1,0,5840000,0,2,0,7
1095.0,2,2,2,1,23,2,10,Villa,Unfurnished,Ready to Move,Whitefield,4.3,18.1,5,2,7450000,2,2,0,9
863.0,2,3,2,1,2,1,10,Independent House,Semi-Furnished,Ready to Move,Indiranagar,5.9,2.7,2,2,17570000,1,1,0,4
605.0,1,1,1,1,6,6,7,Apartment,Unfurnished,Ready to Move,Jayanagar,5.6,4.7,3,1,5480000,0,2,0,5
1307.0,3,3,2,1,3,1,20,Apartment,Semi-Furnished,Ready to Move,HSR Layout,7.6,12.2,6,3,13290000,0,1,0,2
1086.0,2,2,2,1,5,3,10,Villa,Semi-Furnished,Ready to Move,Marathahalli,3.5,12.9,3,2,8790000,2,1,0,7
1447.0,3,4,2,1,6,1,7,Apartment,Semi-Furnished,Ready to Move,Whitefield,6.2,19.7,6,1,10150000,0,1,0,9
603.0,1,2,1,1,0,5,15,Apartment,Semi-Furnished,Under Construction,Whitefield,2.5,16.5,3,4,3470000,0,1,1,9
805.0,2,2,3,1,2,6,15,Apartment,Semi-Furnished,Ready to Move,Hebbal,6.0,10.6,4,1,6300000,0,1,0,3
1170.0,3,3,1,1,9,14,15,Apartment,Furnished,Ready to Move,Electronic City,3.3,22.7,0,3,7550000,0,0,0,1
1664.0,3,3,2,1,11,7,10,Independent House,Furnished,Ready to Move,Koramangala,7.6,1.0,0,0,30130000,1,0,0,6
2712.875,4,6,2,1,6,3,7,Apartment,Semi-Furnished,Ready to Move,Jayanagar,4.9,9.1,3,3,36400000,0,1,0,5
2114.0,4,4,1,1,2,7,7,Apartment,Semi-Furnished,Ready to Move,Sarjapur Road,4.0,16.2,2,1,13010000,0,1,0,8
891.0,2,3,1,1,4,3,10,Villa,Unfurnished,Ready to Move,HSR Layout,4.8,15.3,4,2,10550000,2,2,0,2
648.0,1,2,2,1,0,5,5,Apartment,Semi-Furnished,Under Construction,Marathahalli,3.0,15.3,4,4,3680000,0,1,1,7
1756.0,4,5,2,1,24,12,15,Apartment,Semi-Furnished,Ready to Move,Whitefield,4.1,14.5,6,0,12180000,0,1,0,9
1945.0,4,4,1,1,16,6,7,Independent House,Unfurnished,Ready to Move,Whitefield,3.8,20.8,3,0,14900000,1,2,0,9
2314.0,4,4,0,1,0,4,10,Apartment,Unfurnished,Under Construction,Jayanagar,8.2,5.0,2,5,22260000,0,2,1,5
1172.0,2,2,0,1,1,2,10,Independent House,Unfurnished,Ready to Move,Jayanagar,2.8,6.9,2,2,13410000,1,2,0,5
2506.0,4,6,0,1,6,7,10,Independent House,Unfurnished,Ready to Move,Marathahalli,3.7,18.9,4,1,23530000,1,2,0,7
1322.0,2,3,3,1,2,4,15,Apartment,Semi-Furnished,Ready to Move,Sarjapur Road,3.1,20.1,2,1,7710000,0,1,0,8
1487.0,3,3,2,1,21,6,10,Apartment,Furnished,Under Construction,Banashankari,4.7,7.3,2,4,9070000,0,0,1,0
1582.0,4,4,3,1,11,2,7,Apartment,Furnished,Under Construction,Jayanagar,5.9,1.8,1,2,20910000,0,0,1,5
1020.0,2,3,0,1,2,2,3,Apartment,Semi-Furnished,Ready to Move,Electronic City,4.9,24.6,2,2,6030000,0,1,0,1
1846.0,4,4,2,1,0,14,15,Independent House,Semi-Furnished,Ready to Move,Hebbal,4.6,13.5,2,3,19720000,1,1,0,3
1032.0,2,2,0,1,12,2,20,Independent House,Semi-Furnished,Ready to Move,HSR Layout,6.5,13.5,3,0,14100000,1,1,0,2
2712.875,4,6,2,1,4,1,5,Apartment,Semi-Furnished,Under Construction,Indiranagar,10.0,4.6,4,1,30590000,0,1,1,4
964.0,2,2,1,1,8,6,7,Villa,Semi-Furnished,Ready to Move,Whitefield,4.4,20.9,1,6,8570000,2,1,0,9
2289.0,4,6,0,1,2,2,7,Independent House,Unfurnished,Under Construction,Whitefield,2.4,19.3,6,2,14760000,1,2,1,9
658.0,1,2,2,1,1,13,20,Independent House,Semi-Furnished,Under Construction,Banashankari,4.0,8.3,3,2,5770000,1,1,1,0
1076.0,3,4,1,1,8,2,5,Apartment,Semi-Furnished,Ready to Move,Hebbal,4.8,7.5,1,1,8960000,0,1,0,3
1089.0,3,3,2,1,4,5,5,Apartment,Unfurnished,Under Construction,Sarjapur Road,1.2,19.0,6,2,4870000,0,2,1,8
1502.0,3,3,2,1,2,4,5,Apartment,Unfurnished,Ready to Move,Electronic City,2.3,23.1,1,0,6750000,0,2,0,1
1254.0,2,2,2,1,1,13,15,Independent House,Unfurnished,Ready to Move,Koramangala,7.9,2.5,1,3,20510000,1,2,0,6
1301.0,3,3,3,1,6,1,20,Apartment,Semi-Furnished,Ready to Move,Koramangala,10.0,5.8,2,0,21600000,0,1,0,6
1083.0,2,3,1,1,10,5,7,Apartment,Semi-Furnished,Ready to Move,HSR Layout,6.9,12.6,1,1,11140000,0,1,0,2
1700.0,3,4,1,1,2,4,5,Apartment,Unfurnished,Ready to Move,Jayanagar,6.9,10.2,1,3,18500000,0,2,0,5
1104.0,2,2,2,1,10,6,10,Apartment,Unfurnished,Ready to Move,Sarjapur Road,6.2,14.9,4,4,5830000,0,2,0,8
2625.0,4,6,2,1,1,4,5,Apartment,Unfurnished,Ready to Move,Marathahalli,4.9,16.0,1,1,20500000,0,2,0,7
429.0,1,2,0,1,3,2,3,Independent House,Furnished,Ready to Move,HSR Layout,7.4,14.0,1,2,5710000,1,0,0,2
530.0,2,2,2,1,10,11,20,Apartment,Semi-Furnished,Under Construction,Banashankari,4.1,6.9,4,3,3200000,0,1,1,0
900.0,2,2,0,1,8,2,20,Apartment,Unfurnished,Under Construction,Sarjapur Road,1.8,22.2,3,1,3880000,0,2,1,8
1173.0,2,2,1,1,2,14,25,Apartment,Semi-Furnished,Ready to Move,Jayanagar,7.1,3.8,1,3,14320000,0,1,0,5
736.0,2,3,0,1,1,5,10,Apartment,Unfurnished,Ready to Move,Marathahalli,6.7,14.2,4,4,4930000,0,2,0,7
1596.0,3,3,0,1,0,2,7,Apartment,Semi-Furnished,Ready to Move,Electronic City,5.6,16.8,0,1,8670000,0,1,0,1
1619.0,4,5,0,1,14,6,15,Apartment,Unfurnished,Ready to Move,HSR Layout,7.3,4.4,4,2,16270000,0,2,0,2
1429.0,3,3,0,1,0,1,5,Apartment,Furnished,Ready to Move,Electronic City,2.3,17.3,6,3,7410000,0,0,0,1
1598.0,3,4,1,1,0,2,5,Apartment,Furnished,Ready to Move,Sarjapur Road,1.3,22.3,3,1,11020000,0,0,0,8
477.0,1,1,1,1,2,5,7,Apartment,Semi-Furnished,Ready to Move,Whitefield,3.1,17.7,3,2,3150000,0,1,0,9
1447.0,3,4,0,1,4,12,25,Apartment,Semi-Furnished,Under Construction,Whitefield,4.7,17.7,3,4,8690000,0,1,1,9
871.0,2,3,2,1,12,1,15,Independent House,Semi-Furnished,Ready to Move,Whitefield,3.6,21.2,2,2,6890000,1,1,0,9
1597.0,3,3,1,1,2,3,5,Independent House,Furnished,Ready to Move,Whitefield,5.8,17.8,3,2,18230000,1,0,0,9
994.0,2,3,0,1,6,2,3,Apartment,Semi-Furnished,Under Construction,Hebbal,2.8,15.6,5,1,7310000,0,1,1,3
960.0,2,3,1,1,0,8,15,Apartment,Unfurnished,Ready to Move,Sarjapur Road,3.5,23.6,5,3,6360000,0,2,0,8
1246.0,2,3,1,1,4,12,15,Independent House,Unfurnished,Ready to Move,Indiranagar,7.5,1.0,3,0,18410000,1,2,0,4
2264.0,4,4,1,1,1,5,10,Apartment,Unfurnished,Under Construction,Whitefield,5.8,21.6,0,1,14530000,0,2,1,9
818.0,2,2,1,1,1,4,5,Independent House,Semi-Furnished,Ready to Move,Jayanagar,7.5,1.0,1,1,11990000,1,1,0,5
1375.0,3,4,2,1,3,4,10,Independent House,Unfurnished,Under Construction,Indiranagar,7.4,1.0,4,2,22360000,1,2,1,4
935.0,2,3,2,1,11,5,10,Apartment,Semi-Furnished,Under Construction,Koramangala,9.3,5.4,2,1,11350000,0,1,1,6
1422.0,3,3,3,1,10,14,20,Apartment,Semi-Furnished,Ready to Move,Indiranagar,6.2,2.2,2,3,23830000,0,1,0,4
2712.875,4,5,1,1,4,2,5,Independent House,Furnished,Ready to Move,Electronic City,0.7,22.8,5,2,23070000,1,0,0,1
1020.0,2,2,1,1,1,1,10,Apartment,Semi-Furnished,Under Construction,Marathahalli,2.7,14.1,4,0,5530000,0,1,1,7
829.0,3,4,1,1,2,5,5,Apartment,Semi-Furnished,Under Construction,Marathahalli,1.0,9.1,1,4,5490000,0,1,1,7
1782.0,4,4,2,1,5,1,7,Apartment,Semi-Furnished,Ready to Move,Whitefield,4.2,22.0,2,3,13430000,0,1,0,9
858.0,3,3,0,1,16,2,5,Apartment,Furnished,Ready to Move,Electronic City,3.2,22.9,2,3,5130000,0,0,0,1
1307.0,3,3,1,1,24,5,15,Villa,Unfurnished,Ready to Move,Marathahalli,3.4,14.1,2,1,7520000,2,2,0,7
843.0,3,3,1,1,8,2,7,Villa,Unfurnished,Under Construction,Jayanagar,7.5,4.1,3,1,11660000,2,2,1,5
1155.0,3,3,2,1,3,3,7,Independent House,Semi-Furnished,Ready to Move,Hebbal,3.9,13.2,2,4,12390000,1,1,0,3
661.0,2,2,3,1,9,3,7,Apartment,Furnished,Ready to Move,Marathahalli,2.1,10.1,6,1,5310000,0,0,0,7
2153.0,4,4,3,1,3,9,20,Apartment,Semi-Furnished,Ready to Move,Koramangala,6.8,1.0,1,2,37240000,0,1,0,6
950.0,2,2,1,1,7,14,15,Apartment,Semi-Furnished,Ready to Move,Whitefield,2.5,21.0,2,0,6630000,0,1,0,9
583.0,1,2,1,1,2,2,3,Apartment,Unfurnished,Under Construction,Marathahalli,3.1,17.1,0,1,2440000,0,2,1,7
1370.0,3,3,2,1,2,2,3,Apartment,Unfurnished,Under Construction,Whitefield,5.2,18.6,3,3,8560000,0,2,1,9
685.0,2,2,1,1,0,3,10,Independent House,Furnished,Ready to Move,Marathahalli,1.4,15.4,4,0,6040000,1,0,0,7
1047.0,2,3,1,1,4,2,7,Independent House,Unfurnished,Ready to Move,Yelahanka,2.5,16.6,2,1,6070000,1,2,0,10
1938.0,3,4,2,1,7,7,7,Apartment,Semi-Furnished,Ready to Move,Marathahalli,5.4,15.2,5,1,14140000,0,1,0,7
2163.0,4,5,2,1,12,12,15,Villa,Furnished,Ready to Move,Electronic City,4.9,19.9,1,0,20040000,2,0,0,1
1829.0,4,4,3,1,13,4,5,Apartment,Unfurnished,Ready to Move,Marathahalli,3.0,13.6,4,3,10050000,0,2,0,7
2000.0,4,6,2,1,24,6,25,Apartment,Unfurnished,Ready to Move,Indiranagar,10.0,4.9,5,3,20620000,0,2,0,4
1636.0,4,5,1,1,0,3,3,Villa,Semi-Furnished,Ready to Move,Jayanagar,5.1,10.5,1,4,23900000,2,1,0,5
599.0,1,1,1,1,5,4,5,Apartment,Semi-Furnished,Ready to Move,Yelahanka,2.7,12.7,1,2,2590000,0,1,0,10
1153.0,2,3,2,1,5,7,7,Independent House,Unfurnished,Ready to Move,Electronic City,1.6,17.8,4,2,6720000,1,2,0,1
2104.0,4,4,2,1,13,3,10,Villa,Unfurnished,Ready to Move,Banashankari,5.3,17.0,2,3,19250000,2,2,0,0
1101.0,2,2,2,1,2,3,5,Apartment,Unfurnished,Ready to Move,Yelahanka,7.2,16.9,3,3,5520000,0,2,0,10
1598.0,3,3,3,1,0,1,15,Independent House,Unfurnished,Ready to Move,Koramangala,10.0,5.6,3,3,28160000,1,2,0,6
1541.0,3,4,2,1,3,5,7,Apartment,Unfurnished,Ready to Move,Whitefield,5.6,21.9,6,6,11260000,0,2,0,9
824.0,2,2,1,1,24,3,3,Apartment,Semi-Furnished,Under Construction,Whitefield,3.4,22.3,4,1,4550000,0,1,1,9
2069.0,4,4,2,1,18,12,20,Apartment,Unfurnished,Under Construction,Whitefield,4.1,22.7,1,1,11670000,0,2,1,9
1162.0,3,3,2,1,4,14,20,Apartment,Semi-Furnished,Ready to Move,Whitefield,6.0,22.3,1,1,10090000,0,1,0,9
1404.0,3,3,0,1,16,9,10,Independent House,Unfurnished,Ready to Move,Sarjapur Road,4.8,21.4,3,4,9280000,1,2,0,8
2712.875,4,5,1,1,0,11,15,Apartment,Semi-Furnished,Ready to Move,Whitefield,4.5,20.5,2,2,23160000,0,1,0,9
1870.0,3,3,2,1,3,4,5,Independent House,Semi-Furnished,Ready to Move,Electronic City,3.5,25.2,2,2,13720000,1,1,0,1
701.0,2,2,1,1,10,4,7,Apartment,Furnished,Under Construction,Hebbal,6.6,17.7,5,2,6370000,0,0,1,3
1534.0,3,4,2,1,2,4,7,Apartment,Unfurnished,Ready to Move,Whitefield,6.3,20.6,2,2,10880000,0,2,0,9
2592.0,4,4,1,1,1,14,25,Independent House,Unfurnished,Ready to Move,Hebbal,2.7,13.4,3,1,23430000,1,2,0,3
1612.0,3,3,3,1,15,2,10,Apartment,Furnished,Under Construction,HSR Layout,6.7,8.3,1,1,16660000,0,0,1,2
1633.0,3,3,1,1,7,2,3,Apartment,Furnished,Under Construction,Whitefield,5.2,19.5,3,3,13050000,0,0,1,9
1564.0,3,3,0,1,24,4,7,Apartment,Unfurnished,Ready to Move,Sarjapur Road,2.9,19.1,2,0,8190000,0,2,0,8
1196.0,2,2,1,1,1,1,3,Apartment,Unfurnished,Ready to Move,Marathahalli,5.9,12.8,2,2,8150000,0,2,0,7
1565.0,4,4,1,1,3,3,5,Apartment,Furnished,Ready to Move,Yelahanka,2.6,16.3,4,4,10440000,0,0,0,10
1445.0,4,5,1,1,2,1,10,Villa,Unfurnished,Under Construction,Sarjapur Road,5.6,19.0,1,1,9690000,2,2,1,8
948.0,2,2,1,1,16,5,7,Apartment,Furnished,Ready to Move,Hebbal,4.4,16.6,4,2,7400000,0,0,0,3
539.0,2,2,2,1,2,2,3,Apartment,Furnished,Ready to Move,HSR Layout,6.7,7.4,4,2,7440000,0,0,0,2
2712.875,4,5,1,1,3,2,5,Independent House,Unfurnished,Ready to Move,Koramangala,8.4,5.3,3,3,61670000,1,2,0,6
2488.0,4,5,2,1,1,2,10,Apartment,Furnished,Ready to Move,Sarjapur Road,6.2,16.2,4,4,19790000,0,0,0,8
1826.0,4,5,2,1,11,5,10,Independent House,Semi-Furnished,Ready to Move,Hebbal,6.1,14.3,2,2,18950000,1,1,0,3
1851.0,4,4,2,1,2,2,7,Apartment,Furnished,Under Construction,Banashankari,4.0,10.5,0,1,16980000,0,0,1,0
1379.0,3,3,1,1,0,10,15,Apartment,Semi-Furnished,Under Construction,Electronic City,2.9,27.0,2,0,7090000,0,1,1,1
1414.0,3,4,2,1,4,3,5,Independent House,Unfurnished,Under Construction,Electronic City,2.9,20.7,6,4,6190000,1,2,1,1
1435.0,3,3,1,1,3,4,5,Apartment,Semi-Furnished,Ready to Move,Sarjapur Road,3.7,18.4,5,4,9150000,0,1,0,8
611.0,1,1,1,1,1,14,15,Villa,Unfurnished,Ready to Move,Electronic City,1.9,24.4,4,2,3810000,2,2,0,1
1351.0,3,3,2,1,1,5,7,Apartment,Furnished,Ready to Move,Yelahanka,2.9,18.0,1,1,7840000,0,0,0,10
1664.0,3,3,1,1,18,6,7,Apartment,Semi-Furnished,Ready to Move,Hebbal,7.1,4.5,5,1,13520000,0,1,0,3
1524.0,3,4,0,1,0,12,20,Apartment,Unfurnished,Ready to Move,Indiranagar,10.0,2.9,4,2,26320000,0,2,0,4
1230.0,3,4,1,1,0,1,7,Apartment,Unfurnished,Under Construction,Sarjapur Road,1.3,19.7,2,1,6140000,0,2,1,8
1773.0,3,4,1,1,2,2,3,Independent House,Furnished,Ready to Move,Sarjapur Road,1.1,17.4,3,1,12940000,1,0,0,8
691.0,2,2,2,1,24,10,20,Apartment,Semi-Furnished,Under Construction,Whitefield,3.4,22.4,1,1,3700000,0,1,1,9
932.0,2,2,2,1,0,3,3,Independent House,Furnished,Ready to Move,Yelahanka,4.8,19.1,4,1,6390000,1,0,0,10
1133.0,2,2,1,1,13,5,10,Independent House,Unfurnished,Ready to Move,Jayanagar,4.8,5.4,3,1,12740000,1,2,0,5
812.0,2,3,2,1,17,5,7,Apartment,Semi-Furnished,Under Construction,Hebbal,5.5,13.8,0,1,4700000,0,1,1,3
2712.875,4,6,3,1,3,10,10,Apartment,Furnished,Under Construction,Electronic City,3.3,26.4,4,2,20870000,0,0,1,1
1053.0,2,2,2,1,2,4,10,Independent House,Unfurnished,Ready to Move,Yelahanka,0.4,19.1,2,3,6310000,1,2,0,10
786.0,2,2,1,1,9,3,7,Independent House,Semi-Furnished,Ready to Move,Electronic City,5.1,19.7,3,3,5640000,1,1,0,1
1379.0,3,3,2,1,9,1,15,Apartment,Furnished,Ready to Move,Whitefield,3.7,19.4,2,2,12310000,0,0,0,9
1356.0,3,4,1,1,12,8,20,Apartment,Semi-Furnished,Under Construction,Yelahanka,2.2,16.1,4,2,4910000,0,1,1,10
845.0,2,2,2,1,14,1,3,Apartment,Semi-Furnished,Ready to Move,Whitefield,5.9,17.2,3,3,5280000,0,1,0,9
2044.0,3,3,1,1,2,8,15,Villa,Furnished,Ready to Move,Electronic City,3.9,25.2,3,0,17010000,2,0,0,1
1186.0,3,3,1,1,9,4,5,Apartment,Semi-Furnished,Ready to Move,Banashankari,4.6,6.1,1,1,9410000,0,1,0,0
1140.0,2,2,2,1,1,3,3,Villa,Furnished,Under Construction,Banashankari,3.9,7.7,4,1,12890000,2,0,1,0
875.0,2,3,1,1,5,14,25,Apartment,Semi-Furnished,Ready to Move,Marathahalli,4.9,17.2,2,2,6340000,0,1,0,7
1565.0,4,5,2,1,7,6,10,Apartment,Semi-Furnished,Ready to Move,Marathahalli,3.4,12.6,1,2,11350000,0,1,0,7
2041.0,4,5,0,1,1,1,5,Apartment,Unfurnished,Under Construction,Indiranagar,8.3,4.0,4,1,23990000,0,2,1,4
1581.0,3,4,2,1,0,5,10,Apartment,Furnished,Ready to Move,HSR Layout,4.6,11.0,4,4,22470000,0,0,0,2
651.0,1,1,0,1,1,1,7,Apartment,Furnished,Ready to Move,Electronic City,5.0,20.8,2,2,4330000,0,0,0,1
1246.0,2,2,1,1,4,8,10,Apartment,Unfurnished,Under Construction,Marathahalli,6.3,18.6,3,0,5080000,0,2,1,7
2224.0,3,3,2,1,17,3,10,Apartment,Semi-Furnished,Under Construction,Sarjapur Road,4.0,15.3,2,2,11090000,0,1,1,8
997.0,2,3,1,1,6,11,20,Apartment,Semi-Furnished,Ready to Move,Hebbal,4.3,5.1,0,1,7640000,0,1,0,3
824.0,2,2,1,1,11,1,3,Apartment,Semi-Furnished,Under Construction,Hebbal,6.4,14.5,4,0,5470000,0,1,1,3
1526.0,3,4,2,1,1,2,5,Independent House,Furnished,Ready to Move,Whitefield,5.2,18.9,3,1,14880000,1,0,0,9
899.0,2,2,2,1,0,3,3,Apartment,Unfurnished,Under Construction,Jayanagar,6.0,3.6,2,4,8640000,0,2,1,5
1659.0,3,3,0,1,2,1,3,Apartment,Furnished,Under Construction,Whitefield,6.1,21.2,3,2,13440000,0,0,1,9
1481.0,4,5,2,1,3,12,20,Apartment,Unfurnished,Ready to Move,Jayanagar,6.0,7.3,4,1,16890000,0,2,0,5
1399.0,2,3,0,1,6,14,20,Independent House,Semi-Furnished,Ready to Move,Indiranagar,6.7,2.7,7,3,23600000,1,1,0,4
2342.0,4,4,1,1,17,14,15,Apartment,Semi-Furnished,Under Construction,Yelahanka,2.9,19.6,4,1,10700000,0,1,1,10
630.0,2,2,1,1,4,7,10,Villa,Unfurnished,Ready to Move,Electronic City,5.0,24.6,6,4,4150000,2,2,0,1
1716.0,4,5,0,1,5,5,15,Villa,Semi-Furnished,Ready to Move,Whitefield,4.5,25.9,1,3,18200000,2,1,0,9
1105.0,2,3,3,1,0,1,3,Villa,Furnished,Ready to Move,Koramangala,6.2,2.6,4,1,24340000,2,0,0,6
679.0,1,1,1,1,0,1,5,Apartment,Unfurnished,Ready to Move,Sarjapur Road,3.1,18.5,5,2,3710000,0,2,0,8
1043.0,3,3,2,1,0,3,7,Villa,Unfurnished,Ready to Move,Marathahalli,5.8,14.7,4,3,9150000,2,2,0,7
1599.0,3,3,2,1,9,14,15,Apartment,Semi-Furnished,Ready to Move,Whitefield,4.7,19.0,3,1,11060000,0,1,0,9
1221.0,4,4,3,1,5,8,10,Apartment,Furnished,Ready to Move,Whitefield,4.3,21.2,2,3,11830000,0,0,0,9
933.0,2,3,1,1,1,1,10,Villa,Furnished,Under Construction,Sarjapur Road,3.5,19.4,1,1,8420000,2,0,1,8
1161.0,2,2,2,1,7,4,5,Apartment,Unfurnished,Ready to Move,Whitefield,6.0,21.4,4,6,8180000,0,2,0,9
1245.0,3,3,3,1,6,2,10,Independent House,Furnished,Ready to Move,Hebbal,6.5,11.0,7,4,14550000,1,0,0,3
978.0,3,3,1,1,0,3,20,Apartment,Semi-Furnished,Ready to Move,Sarjapur Road,1.6,17.4,2,3,6800000,0,1,0,8
977.0,2,2,1,1,8,3,7,Independent House,Unfurnished,Ready to Move,Whitefield,5.7,18.3,3,2,7600000,1,2,0,9
1230.0,3,3,0,1,11,6,10,Apartment,Furnished,Under Construction,Whitefield,5.1,17.7,0,2,7900000,0,0,1,9
1576.0,3,3,2,1,2,4,7,Apartment,Unfurnished,Ready to Move,Banashankari,7.1,7.8,4,2,13140000,0,2,0,0
1645.0,4,4,2,1,9,1,15,Apartment,Semi-Furnished,Ready to Move,Electronic City,3.2,26.5,3,2,8640000,0,1,0,1
2367.0,4,5,1,1,1,5,10,Independent House,Furnished,Under Construction,Electronic City,5.0,28.1,1,3,18020000,1,0,1,1
566.0,2,2,2,1,11,3,7,Apartment,Semi-Furnished,Ready to Move,Hebbal,5.7,15.9,4,1,4380000,0,1,0,3
1447.0,3,3,0,1,19,5,7,Apartment,Semi-Furnished,Ready to Move,Yelahanka,1.3,14.6,0,2,6600000,0,1,0,10
919.0,2,3,2,1,4,2,3,Apartment,Semi-Furnished,Ready to Move,Banashankari,6.2,9.2,1,1,8080000,0,1,0,0
1067.0,3,3,0,1,2,14,20,Villa,Unfurnished,Ready to Move,Sarjapur Road,4.9,11.9,2,0,7000000,2,2,0,8
1454.0,3,3,2,1,4,14,25,Apartment,Furnished,Under Construction,Electronic City,2.4,21.5,0,1,8890000,0,0,1,1
2712.875,4,5,0,1,2,3,10,Apartment,Furnished,Ready to Move,Whitefield,4.8,18.8,2,2,29640000,0,0,0,9
1339.0,3,4,1,1,0,5,5,Apartment,Semi-Furnished,Ready to Move,Sarjapur Road,6.8,23.6,1,2,9480000,0,1,0,8
2712.875,4,6,2,1,8,5,10,Apartment,Furnished,Ready to Move,Jayanagar,5.9,6.8,0,1,41470000,0,0,0,5
2109.0,4,4,1,1,0,8,10,Apartment,Semi-Furnished,Ready to Move,Indiranagar,9.8,5.2,6,1,30890000,0,1,0,4
1518.0,4,5,1,1,1,2,7,Apartment,Semi-Furnished,Ready to Move,Yelahanka,1.4,15.8,6,1,10030000,0,1,0,10
2712.875,4,4,3,1,10,3,3,Villa,Semi-Furnished,Ready to Move,Whitefield,3.5,19.1,4,3,23550000,2,1,0,9
1268.0,3,3,0,1,8,9,20,Apartment,Unfurnished,Ready to Move,Jayanagar,7.9,7.6,2,0,13540000,0,2,0,5
1074.0,2,2,2,1,0,7,15,Apartment,Furnished,Ready to Move,Whitefield,4.7,18.0,1,2,9350000,0,0,0,9
1096.0,2,2,0,1,8,2,15,Apartment,Furnished,Under Construction,Indiranagar,8.4,6.6,3,2,15530000,0,0,1,4
534.0,1,1,0,1,21,3,7,Independent House,Furnished,Ready to Move,Whitefield,6.9,24.3,4,5,3860000,1,0,0,9
1569.0,3,4,0,1,0,6,15,Independent House,Semi-Furnished,Under Construction,Whitefield,3.0,20.3,2,1,13080000,1,1,1,9
1468.0,3,4,3,1,4,1,10,Independent House,Furnished,Ready to Move,Whitefield,4.1,19.1,1,0,17910000,1,0,0,9
1003.0,3,3,1,1,10,7,7,Apartment,Semi-Furnished,Under Construction,Marathahalli,4.7,13.8,2,2,6010000,0,1,1,7
2613.0,4,5,2,1,8,6,15,Apartment,Semi-Furnished,Ready to Move,Sarjapur Road,2.4,21.6,4,2,17330000,0,1,0,8
1754.0,4,4,3,1,2,14,25,Apartment,Furnished,Under Construction,Marathahalli,4.8,14.4,4,2,13470000,0,0,1,7
862.0,2,2,1,1,1,14,20,Apartment,Semi-Furnished,Under Construction,Banashankari,6.3,6.2,2,2,6720000,0,1,1,0
702.0,2,3,2,1,12,10,15,Apartment,Semi-Furnished,Under Construction,Electronic City,3.2,24.4,1,4,3450000,0,1,1,1
1164.0,2,3,2,1,24,5,15,Independent House,Unfurnished,Under Construction,HSR Layout,5.3,7.9,3,2,8500000,1,2,1,2
1254.0,2,3,1,1,11,8,10,Independent House,Furnished,Ready to Move,Hebbal,4.5,11.3,3,2,12670000,1,0,0,3
1673.0,3,4,1,1,24,13,20,Independent House,Unfurnished,Ready to Move,HSR Layout,2.3,10.7,2,3,14770000,1,2,0,2
1755.0,3,3,1,1,7,3,10,Apartment,Unfurnished,Under Construction,Banashankari,6.2,5.6,1,3,11620000,0,2,1,0
1303.0,3,3,2,1,21,1,5,Villa,Unfurnished,Ready to Move,Whitefield,4.7,14.6,2,3,10970000,2,2,0,9
1745.0,4,4,2,1,9,3,15,Apartment,Semi-Furnished,Ready to Move,Banashankari,4.4,9.3,1,1,11420000,0,1,0,0
1688.0,4,4,1,1,19,14,20,Apartment,Unfurnished,Ready to Move,Whitefield,1.8,13.4,4,1,10870000,0,2,0,9
1072.0,2,3,1,1,1,7,7,Villa,Semi-Furnished,Ready to Move,Yelahanka,4.7,13.2,4,1,8220000,2,1,0,10
1463.0,3,3,3,1,13,13,15,Apartment,Semi-Furnished,Ready to Move,Jayanagar,6.0,8.3,1,2,16480000,0,1,0,5
935.0,2,2,0,1,1,1,7,Apartment,Semi-Furnished,Under Construction,Banashankari,5.5,9.3,4,2,6310000,0,1,1,0
1196.0,2,3,2,1,0,11,20,Apartment,Unfurnished,Under Construction,Whitefield,4.3,19.5,2,2,7660000,0,2,1,9
594.0,1,2,0,1,5,9,10,Villa,Unfurnished,Ready to Move,Jayanagar,4.2,3.3,4,0,7640000,2,2,0,5
1165.0,3,3,2,1,3,1,10,Independent House,Furnished,Ready to Move,Banashankari,6.6,6.7,0,2,12930000,1,0,0,0
820.0,2,3,3,1,0,1,15,Apartment,Semi-Furnished,Ready to Move,Jayanagar,8.3,7.7,3,1,9950000,0,1,0,5
1079.0,2,2,1,1,24,3,15,Independent House,Unfurnished,Ready to Move,Marathahalli,5.1,13.6,3,2,4340000,1,2,0,7
1691.0,3,3,0,1,8,3,20,Apartment,Furnished,Under Construction,Sarjapur Road,4.1,14.3,3,1,10770000,0,0,1,8
1554.0,3,3,1,1,18,3,20,Apartment,Unfurnished,Ready to Move,Indiranagar,6.9,2.4,4,1,19620000,0,2,0,4
1310.0,2,2,1,1,24,2,3,Villa,Unfurnished,Ready to Move,Marathahalli,5.3,12.7,3,1,7580000,2,2,0,7
729.0,1,2,1,1,3,1,5,Villa,Semi-Furnished,Ready to Move,Marathahalli,7.3,15.1,1,1,7190000,2,1,0,7
2176.0,4,4,2,1,2,4,15,Independent House,Unfurnished,Ready to Move,Yelahanka,3.2,16.3,6,1,12600000,1,2,0,10
457.0,1,2,1,1,1,4,20,Apartment,Unfurnished,Ready to Move,Whitefield,4.5,16.3,1,1,3280000,0,2,0,9
1476.0,4,5,1,1,5,5,7,Villa,Furnished,Ready to Move,HSR Layout,4.7,14.0,3,3,23750000,2,0,0,2
1291.0,3,3,2,1,7,3,3,Villa,Unfurnished,Under Construction,Banashankari,1.6,5.8,3,2,10490000,2,2,1,0
1093.0,2,3,2,1,5,4,7,Independent House,Unfurnished,Ready to Move,Yelahanka,2.5,17.3,5,1,6410000,1,2,0,10
1297.0,2,2,1,1,3,4,7,Apartment,Furnished,Ready to Move,Indiranagar,10.0,2.2,6,3,23560000,0,0,0,4
595.0,1,1,2,1,1,8,15,Independent House,Semi-Furnished,Under Construction,Marathahalli,6.0,21.4,5,3,4390000,1,1,1,7
1172.0,2,3,2,1,4,3,3,Apartment,Unfurnished,Under Construction,HSR Layout,6.2,14.0,1,0,10260000,0,2,1,2
903.0,2,3,2,1,0,3,5,Apartment,Semi-Furnished,Under Construction,Koramangala,8.6,1.7,3,3,10580000,0,1,1,6
1574.0,3,3,1,1,16,7,20,Apartment,Unfurnished,Under Construction,Indiranagar,6.8,5.3,4,0,17080000,0,2,1,4
1106.0,2,3,0,1,0,1,5,Apartment,Semi-Furnished,Ready to Move,Electronic City,3.5,18.9,1,0,5990000,0,1,0,1
845.0,3,3,2,1,3,6,15,Apartment,Semi-Furnished,Under Construction,Marathahalli,3.2,12.9,3,2,4980000,0,1,1,7
1284.0,3,4,2,1,0,4,7,Independent House,Furnished,Ready to Move,Whitefield,4.4,21.3,4,1,15110000,1,0,0,9
1130.0,2,2,2,1,11,4,10,Apartment,Semi-Furnished,Ready to Move,Banashankari,4.3,10.5,0,1,7750000,0,1,0,0
580.0,1,1,0,1,3,1,3,Villa,Furnished,Ready to Move,Banashankari,4.2,4.3,1,2,5930000,2,0,0,0
418.0,1,1,2,1,0,6,7,Apartment,Unfurnished,Under Construction,Sarjapur Road,5.2,15.8,6,1,2290000,0,2,1,8
300.0,1,1,2,1,6,3,7,Apartment,Semi-Furnished,Ready to Move,Jayanagar,9.6,8.8,4,3,3350000,0,1,0,5
1297.0,3,3,1,1,19,3,20,Apartment,Unfurnished,Ready to Move,Electronic City,3.1,26.0,4,0,6400000,0,2,0,1
936.0,2,3,1,1,19,1,10,Apartment,Semi-Furnished,Ready to Move,Hebbal,7.1,9.7,5,3,7970000,0,1,0,3
1152.0,3,3,2,1,2,3,3,Apartment,Semi-Furnished,Ready to Move,Sarjapur Road,1.8,20.9,4,4,7910000,0,1,0,8
977.0,2,2,2,1,10,9,15,Apartment,Furnished,Ready to Move,Koramangala,7.9,1.0,4,1,16030000,0,0,0,6
1541.0,3,3,0,1,0,3,3,Apartment,Furnished,Ready to Move,Yelahanka,1.1,15.1,1,0,8990000,0,0,0,10
1587.0,3,3,2,1,1,14,20,Apartment,Semi-Furnished,Ready to Move,Hebbal,4.5,8.6,1,2,13660000,0,1,0,3
740.0,3,4,2,1,5,3,5,Apartment,Unfurnished,Under Construction,Yelahanka,4.1,14.8,1,2,3230000,0,2,1,10
700.0,2,3,2,1,2,9,10,Apartment,Semi-Furnished,Ready to Move,Sarjapur Road,5.3,23.7,4,1,5090000,0,1,0,8
892.0,2,3,2,1,12,3,3,Apartment,Furnished,Under Construction,Marathahalli,2.8,13.8,2,3,4920000,0,0,1,7
1560.0,3,3,2,1,21,2,10,Independent House,Unfurnished,Ready to Move,Electronic City,4.0,21.2,3,0,8460000,1,2,0,1
1042.0,2,2,0,1,0,3,10,Independent House,Semi-Furnished,Ready to Move,Yelahanka,4.8,14.3,3,1,5990000,1,1,0,10
1039.0,2,2,1,1,2,3,7,Villa,Unfurnished,Under Construction,Hebbal,6.6,11.1,1,1,8070000,2,2,1,3
1292.0,3,4,2,1,4,2,3,Apartment,Unfurnished,Under Construction,Whitefield,4.7,17.6,2,6,7600000,0,2,1,9
1308.0,3,4,0,1,6,7,20,Independent House,Unfurnished,Ready to Move,Whitefield,3.4,20.4,3,1,10150000,1,2,0,9
1196.0,3,3,2,1,19,11,15,Independent House,Furnished,Under Construction,Electronic City,2.3,21.9,0,1,6910000,1,0,1,1
1615.0,3,3,2,1,17,9,10,Independent House,Unfurnished,Ready to Move,Hebbal,3.7,10.6,3,2,13290000,1,2,0,3
1142.0,3,4,1,1,8,1,10,Apartment,Unfurnished,Ready to Move,Banashankari,4.6,6.4,0,1,7790000,0,2,0,0
1638.0,3,4,2,1,2,9,10,Villa,Furnished,Ready to Move,Koramangala,6.8,4.5,6,4,29810000,2,0,0,6
1458.0,3,4,1,1,12,2,5,Independent House,Semi-Furnished,Ready to Move,Marathahalli,5.0,11.8,2,3,12920000,1,1,0,7
1387.0,3,3,1,1,1,13,20,Apartment,Furnished,Ready to Move,Electronic City,3.7,21.3,6,2,10780000,0,0,0,1
1737.0,4,5,1,1,24,5,7,Villa,Semi-Furnished,Ready to Move,Banashankari,4.9,6.6,3,3,17770000,2,1,0,0
692.0,2,2,3,1,0,4,10,Apartment,Semi-Furnished,Ready to Move,Hebbal,2.2,5.4,4,2,5860000,0,1,0,3
826.0,2,3,1,1,6,6,10,Apartment,Unfurnished,Under Construction,Hebbal,5.0,14.6,1,4,5500000,0,2,1,3
1307.0,3,4,2,1,0,10,10,Apartment,Semi-Furnished,Ready to Move,Indiranagar,8.0,1.0,2,3,24730000,0,1,0,4
736.0,3,4,0,1,4,5,20,Villa,Semi-Furnished,Ready to Move,Electronic City,6.6,16.7,5,6,6830000,2,1,0,1
528.0,1,2,0,1,8,5,7,Apartment,Semi-Furnished,Under Construction,HSR Layout,4.4,12.7,3,0,5070000,0,1,1,2
2369.0,4,4,0,1,9,12,15,Apartment,Semi-Furnished,Ready to Move,Whitefield,4.0,16.7,2,1,18480000,0,1,0,9
612.0,1,1,2,1,12,5,10,Apartment,Furnished,Ready to Move,Hebbal,5.6,5.8,3,1,5250000,0,0,0,3
1261.0,3,3,1,1,7,3,3,Apartment,Semi-Furnished,Under Construction,Hebbal,3.5,16.0,1,4,10450000,0,1,1,3
1413.0,3,3,1,1,2,5,7,Apartment,Semi-Furnished,Ready to Move,Banashankari,7.6,6.1,2,0,12310000,0,1,0,0
2488.0,4,5,2,1,17,10,15,Villa,Unfurnished,Ready to Move,Banashankari,7.6,11.6,2,4,25200000,2,2,0,0
566.0,1,1,1,1,13,2,7,Independent House,Furnished,Ready to Move,Jayanagar,5.4,3.3,3,3,6660000,1,0,0,5
1831.0,3,4,1,1,1,4,10,Apartment,Semi-Furnished,Under Construction,Sarjapur Road,2.8,13.1,3,3,9080000,0,1,1,8
1134.0,2,2,1,1,14,9,10,Apartment,Semi-Furnished,Under Construction,Yelahanka,6.2,15.0,5,3,4720000,0,1,1,10
1048.0,2,3,1,1,24,8,10,Apartment,Semi-Furnished,Ready to Move,Hebbal,7.1,8.4,2,2,7100000,0,1,0,3
495.0,1,2,2,1,8,6,20,Independent House,Furnished,Ready to Move,HSR Layout,5.8,11.2,1,1,6190000,1,0,0,2
1609.0,3,3,1,1,2,2,5,Apartment,Furnished,Ready to Move,Indiranagar,9.3,7.0,0,1,30870000,0,0,0,4
927.0,3,3,1,1,7,9,10,Apartment,Unfurnished,Ready to Move,Koramangala,5.9,6.8,5,0,12410000,0,2,0,6
902.0,2,2,2,1,3,6,7,Apartment,Furnished,Ready to Move,Banashankari,8.0,7.1,2,3,8580000,0,0,0,0
1563.0,3,4,2,1,9,6,7,Villa,Unfurnished,Under Construction,Marathahalli,4.1,18.1,4,1,11390000,2,2,1,7
1607.0,3,3,2,1,6,7,20,Independent House,Unfurnished,Under Construction,HSR Layout,7.2,7.2,3,2,17380000,1,2,1,2
1587.0,3,3,2,1,21,2,3,Independent House,Furnished,Ready to Move,Marathahalli,2.6,14.4,6,1,13790000,1,0,0,7
2117.0,4,5,2,1,7,3,5,Villa,Unfurnished,Under Construction,Marathahalli,2.3,13.6,1,4,14340000,2,2,1,7
912.0,2,2,2,1,1,3,15,Apartment,Unfurnished,Ready to Move,Electronic City,4.0,27.9,2,0,4840000,0,2,0,1
2712.875,4,6,2,1,10,3,7,Apartment,Semi-Furnished,Under Construction,Whitefield,7.2,23.6,3,1,23060000,0,1,1,9
1618.0,4,4,2,1,2,12,15,Apartment,Furnished,Ready to Move,Marathahalli,3.2,14.1,4,0,12740000,0,0,0,7
789.0,2,3,2,1,2,14,15,Apartment,Unfurnished,Ready to Move,Jayanagar,5.2,6.6,5,3,8190000,0,2,0,5
961.0,2,3,0,1,3,7,7,Apartment,Unfurnished,Ready to Move,Sarjapur Road,4.1,22.6,2,1,5160000,0,2,0,8
982.0,2,3,2,1,0,2,5,Apartment,Unfurnished,Ready to Move,Jayanagar,9.1,3.7,3,0,11480000,0,2,0,5
603.0,2,2,2,1,24,2,5,Apartment,Unfurnished,Under Construction,Hebbal,4.0,5.9,4,1,2840000,0,2,1,3
1527.0,3,3,2,1,6,3,5,Independent House,Unfurnished,Under Construction,Jayanagar,6.3,3.1,2,0,15290000,1,2,1,5
1616.0,3,4,1,1,11,1,7,Villa,Furnished,Ready to Move,Jayanagar,7.9,4.8,2,2,29820000,2,0,0,5
1378.0,3,3,1,1,2,11,20,Independent House,Unfurnished,Under Construction,Yelahanka,4.4,20.1,1,3,6920000,1,2,1,10
2064.0,3,3,1,1,10,12,15,Villa,Semi-Furnished,Ready to Move,Electronic City,2.9,25.1,2,1,16280000,2,1,0,1
820.0,2,3,1,1,6,1,3,Apartment,Furnished,Under Construction,Koramangala,9.6,3.9,3,2,9880000,0,0,1,6
1855.0,4,4,0,1,4,2,20,Villa,Semi-Furnished,Ready to Move,Whitefield,5.1,21.4,2,1,18120000,2,1,0,9
874.0,2,2,1,1,24,1,3,Apartment,Unfurnished,Ready to Move,Sarjapur Road,3.7,15.9,2,5,4270000,0,2,0,8
2712.875,4,6,1,1,5,1,10,Villa,Semi-Furnished,Under Construction,Marathahalli,5.4,20.3,2,0,27270000,2,1,1,7
887.0,2,2,1,1,8,2,5,Apartment,Furnished,Ready to Move,Sarjapur Road,4.8,21.6,5,4,5670000,0,0,0,8
2012.0,4,5,2,1,0,1,3,Independent House,Semi-Furnished,Under Construction,HSR Layout,4.8,10.2,5,4,29590000,1,1,1,2
489.0,1,2,2,1,2,3,15,Apartment,Semi-Furnished,Ready to Move,Koramangala,10.0,3.8,6,3,6430000,0,1,0,6
931.0,2,3,0,1,17,9,10,Apartment,Unfurnished,Under Construction,Whitefield,4.9,22.1,3,3,4750000,0,2,1,9
685.0,1,1,2,1,11,9,10,Independent House,Semi-Furnished,Ready to Move,Electronic City,5.4,21.8,3,1,3610000,1,1,0,1
2016.0,3,4,0,1,6,1,7,Apartment,Unfurnished,Ready to Move,Marathahalli,4.1,8.5,0,4,12930000,0,2,0,7
2534.0,4,5,0,1,18,2,3,Villa,Semi-Furnished,Ready to Move,Electronic City,3.7,26.6,4,1,19160000,2,1,0,1
802.0,2,2,2,1,5,4,15,Villa,Semi-Furnished,Ready to Move,Indiranagar,9.3,8.5,3,1,16020000,2,1,0,4
1721.0,4,4,2,1,6,14,15,Independent House,Semi-Furnished,Ready to Move,Yelahanka,3.8,17.1,5,3,10780000,1,1,0,10
1355.0,3,3,2,1,3,3,3,Independent House,Semi-Furnished,Ready to Move,Electronic City,5.6,20.7,3,3,9350000,1,1,0,1
1899.0,3,4,1,1,7,5,7,Independent House,Unfurnished,Under Construction,Jayanagar,7.4,6.0,2,4,18200000,1,2,1,5
1933.0,4,5,2,1,3,4,10,Apartment,Semi-Furnished,Ready to Move,Hebbal,5.0,4.1,3,0,19500000,0,1,0,3
697.0,2,2,1,1,3,4,10,Independent House,Semi-Furnished,Ready to Move,Electronic City,4.8,18.7,1,0,5110000,1,1,0,1
854.0,2,3,1,1,24,2,10,Villa,Semi-Furnished,Under Construction,Marathahalli,4.6,19.3,4,2,4410000,2,1,1,7
2302.0,4,5,0,1,0,10,10,Villa,Unfurnished,Under Construction,Hebbal,9.4,13.6,3,2,23700000,2,2,1,3
2275.0,4,4,2,1,0,9,25,Apartment,Semi-Furnished,Ready to Move,Yelahanka,3.4,10.2,4,0,13030000,0,1,0,10
2687.0,4,6,1,1,0,5,7,Villa,Semi-Furnished,Ready to Move,Koramangala,9.9,1.5,4,3,63030000,2,1,0,6
2273.0,4,4,1,1,3,9,10,Independent House,Semi-Furnished,Ready to Move,Yelahanka,4.3,10.2,3,2,13910000,1,1,0,10
518.0,2,3,2,1,4,1,10,Independent House,Semi-Furnished,Ready to Move,Jayanagar,3.6,3.7,4,3,6650000,1,1,0,5
2041.0,4,4,0,1,0,4,10,Apartment,Unfurnished,Ready to Move,HSR Layout,5.2,9.5,4,1,22720000,0,2,0,2
1113.0,2,3,0,1,6,1,7,Apartment,Semi-Furnished,Under Construction,Indiranagar,8.0,9.8,6,3,14360000,0,1,1,4
2333.0,4,6,0,1,7,4,10,Apartment,Semi-Furnished,Ready to Move,Banashankari,2.4,10.4,1,5,21290000,0,1,0,0
1165.0,3,3,0,1,11,2,10,Independent House,Semi-Furnished,Ready to Move,Jayanagar,6.1,5.1,2,3,13910000,1,1,0,5
877.0,3,4,2,1,24,2,10,Villa,Semi-Furnished,Ready to Move,Electronic City,1.3,21.2,5,4,4560000,2,1,0,1
1845.0,3,4,2,1,7,5,5,Apartment,Unfurnished,Ready to Move,Marathahalli,2.3,11.6,4,2,11100000,0,2,0,7
813.0,2,3,1,1,0,10,10,Apartment,Unfurnished,Under Construction,HSR Layout,6.7,13.3,4,2,6670000,0,2,1,2
576.0,1,1,1,1,0,14,20,Apartment,Semi-Furnished,Under Construction,Whitefield,7.2,23.6,1,2,4510000,0,1,1,9
2241.0,4,4,2,1,12,9,20,Apartment,Semi-Furnished,Ready to Move,Koramangala,6.0,1.0,1,3,28920000,0,1,0,6
2604.0,4,5,1,1,8,11,15,Independent House,Semi-Furnished,Ready to Move,Koramangala,6.2,1.0,4,3,47730000,1,1,0,6
920.0,2,3,2,1,1,4,10,Villa,Furnished,Ready to Move,Koramangala,7.2,3.0,4,3,22760000,2,0,0,6
1248.0,3,4,1,1,2,1,5,Apartment,Furnished,Ready to Move,Koramangala,7.8,3.4,4,2,21380000,0,0,0,6
1448.0,3,4,1,1,11,1,10,Apartment,Unfurnished,Ready to Move,Marathahalli,1.7,14.8,0,0,7530000,0,2,0,7
1193.0,2,2,3,1,6,1,5,Apartment,Semi-Furnished,Under Construction,Koramangala,7.0,1.0,0,3,14540000,0,1,1,6
917.0,2,2,2,1,7,8,15,Independent House,Semi-Furnished,Ready to Move,Electronic City,2.1,19.9,3,4,5250000,1,1,0,1
1618.0,4,4,0,1,1,1,7,Apartment,Semi-Furnished,Under Construction,Yelahanka,3.5,15.8,2,4,7140000,0,1,1,10
968.0,3,4,1,1,7,5,15,Apartment,Furnished,Ready to Move,Indiranagar,9.3,2.7,2,0,20000000,0,0,0,4
1058.0,3,4,1,1,11,9,15,Apartment,Semi-Furnished,Ready to Move,Marathahalli,3.8,16.6,0,2,6280000,0,1,0,7
1642.0,3,4,1,1,17,14,20,Villa,Semi-Furnished,Ready to Move,Koramangala,7.4,9.6,4,0,23960000,2,1,0,6
514.0,1,1,3,1,10,11,15,Villa,Furnished,Under Construction,Koramangala,6.9,2.4,4,1,8950000,2,0,1,6
1229.0,3,4,2,1,6,9,10,Villa,Unfurnished,Ready to Move,Whitefield,4.4,22.7,3,1,10720000,2,2,0,9
813.0,2,3,1,1,8,5,10,Apartment,Unfurnished,Ready to Move,Koramangala,6.5,2.9,3,3,11000000,0,2,0,6
966.0,2,3,1,1,5,5,7,Apartment,Semi-Furnished,Ready to Move,HSR Layout,8.7,7.2,3,2,7710000,0,1,0,2
1332.0,3,3,2,1,2,1,5,Apartment,Unfurnished,Ready to Move,Koramangala,5.8,1.9,4,1,17530000,0,2,0,6
1890.0,4,5,1,1,17,5,5,Villa,Unfurnished,Ready to Move,Whitefield,3.3,22.3,4,0,13730000,2,2,0,9
1206.0,2,3,2,1,6,2,5,Apartment,Furnished,Ready to Move,Koramangala,9.3,2.1,4,0,15570000,0,0,0,6
1242.0,2,3,2,1,7,13,20,Apartment,Furnished,Under Construction,Indiranagar,8.1,3.7,3,2,16360000,0,0,1,4
949.0,3,4,2,1,24,3,5,Independent House,Semi-Furnished,Ready to Move,HSR Layout,7.3,6.6,3,3,8200000,1,1,0,2
2131.0,4,5,2,1,24,10,15,Independent House,Furnished,Under Construction,Electronic City,5.9,23.9,4,2,11290000,1,0,1,1
1182.0,3,3,2,1,7,4,5,Apartment,Unfurnished,Under Construction,Jayanagar,7.9,7.4,2,2,10690000,0,2,1,5
1900.0,4,4,3,1,0,2,25,Apartment,Semi-Furnished,Ready to Move,Sarjapur Road,1.9,22.4,3,1,12910000,0,1,0,8
1486.0,3,4,1,1,4,3,7,Apartment,Unfurnished,Ready to Move,Whitefield,2.6,21.8,3,1,8440000,0,2,0,9
1340.0,3,3,2,1,22,6,7,Villa,Semi-Furnished,Ready to Move,Hebbal,4.7,13.2,1,1,14150000,2,1,0,3
993.0,2,2,0,1,2,2,7,Independent House,Semi-Furnished,Ready to Move,Marathahalli,4.7,15.7,2,0,8580000,1,1,0,7
1077.0,2,2,1,1,24,1,15,Apartment,Semi-Furnished,Ready to Move,Whitefield,6.1,19.2,4,2,5270000,0,1,0,9
1005.0,2,2,0,1,0,5,5,Apartment,Unfurnished,Under Construction,Yelahanka,1.8,16.3,4,2,4470000,0,2,1,10
1218.0,3,4,2,1,6,1,15,Independent House,Unfurnished,Ready to Move,Yelahanka,2.3,18.8,4,0,6730000,1,2,0,10
1748.0,4,4,0,1,5,7,10,Independent House,Semi-Furnished,Ready to Move,Whitefield,4.0,17.5,3,2,15770000,1,1,0,9
1424.0,4,5,2,1,2,1,5,Apartment,Semi-Furnished,Ready to Move,HSR Layout,4.8,15.1,2,2,18440000,0,1,0,2
787.0,2,3,2,1,23,3,3,Apartment,Semi-Furnished,Under Construction,Hebbal,7.2,13.9,3,3,5710000,0,1,1,3
1322.0,2,2,0,1,7,1,15,Apartment,Unfurnished,Ready to Move,Sarjapur Road,3.5,24.1,3,0,6980000,0,2,0,8
799.0,2,2,2,1,2,2,5,Apartment,Furnished,Under Construction,Koramangala,8.2,1.0,1,1,10240000,0,0,1,6
723.0,2,3,2,1,3,14,20,Independent House,Unfurnished,Ready to Move,HSR Layout,7.7,6.5,3,0,7760000,1,2,0,2
1489.0,3,4,2,1,10,5,5,Independent House,Semi-Furnished,Ready to Move,Electronic City,5.7,23.1,0,1,8700000,1,1,0,1
1955.0,4,4,0,1,2,2,10,Independent House,Unfurnished,Under Construction,Indiranagar,8.6,5.4,6,1,28470000,1,2,1,4
2690.0,4,5,2,1,16,8,10,Apartment,Semi-Furnished,Ready to Move,Marathahalli,5.9,12.6,3,4,20350000,0,1,0,7
1794.0,3,3,2,1,1,9,10,Independent House,Semi-Furnished,Ready to Move,Electronic City,6.1,18.2,2,2,13880000,1,1,0,1
2219.0,4,4,1,1,2,3,7,Apartment,Furnished,Ready to Move,Indiranagar,8.5,4.2,5,3,41240000,0,0,0,4
1251.0,3,3,1,1,1,14,20,Apartment,Semi-Furnished,Under Construction,Sarjapur Road,2.8,18.7,6,4,7030000,0,1,1,8
869.0,2,3,1,1,0,7,15,Apartment,Unfurnished,Ready to Move,Whitefield,7.6,16.1,4,1,5890000,0,2,0,9
1259.0,3,4,2,1,2,9,10,Apartment,Furnished,Ready to Move,HSR Layout,8.0,8.8,4,2,16360000,0,0,0,2
1644.0,3,4,1,1,24,7,10,Independent House,Semi-Furnished,Under Construction,Sarjapur Road,3.7,19.1,1,2,5980000,1,1,1,8
1313.0,3,3,0,1,0,7,10,Apartment,Furnished,Ready to Move,Yelahanka,4.0,18.4,5,2,9270000,0,0,0,10
609.0,2,3,2,1,1,14,20,Apartment,Furnished,Ready to Move,Jayanagar,5.1,5.1,3,0,7590000,0,0,0,5
940.0,2,2,0,1,2,2,20,Apartment,Semi-Furnished,Ready to Move,Jayanagar,8.3,3.6,2,0,10500000,0,1,0,5
657.0,2,2,3,1,7,4,5,Apartment,Furnished,Ready to Move,Whitefield,1.6,20.3,4,2,4140000,0,0,0,9
2712.875,4,6,1,1,10,3,7,Apartment,Semi-Furnished,Ready to Move,Indiranagar,10.0,4.4,4,2,64040000,0,1,0,4
766.0,2,3,1,1,11,14,25,Apartment,Semi-Furnished,Under Construction,Jayanagar,5.6,1.6,2,3,6830000,0,1,1,5
1354.0,3,3,0,1,0,2,5,Independent House,Semi-Furnished,Ready to Move,HSR Layout,3.9,8.6,5,2,19120000,1,1,0,2
1472.0,3,4,3,1,8,14,25,Apartment,Semi-Furnished,Ready to Move,HSR Layout,3.3,8.2,6,1,17260000,0,1,0,2
895.0,2,3,2,1,7,10,10,Apartment,Semi-Furnished,Ready to Move,Electronic City,2.6,22.1,3,3,5310000,0,1,0,1
1318.0,3,3,3,1,5,3,3,Apartment,Furnished,Under Construction,Whitefield,5.4,17.8,3,2,9430000,0,0,1,9
2168.0,4,5,2,1,3,5,7,Independent House,Semi-Furnished,Ready to Move,Electronic City,1.2,20.4,2,4,17360000,1,1,0,1
1827.0,3,4,1,1,12,8,10,Apartment,Semi-Furnished,Ready to Move,HSR Layout,4.5,9.5,3,2,17890000,0,1,0,2
2307.0,4,5,1,1,3,8,15,Apartment,Semi-Furnished,Under Construction,Electronic City,2.6,23.9,2,2,11350000,0,1,1,1
1230.0,2,2,1,1,2,6,7,Apartment,Unfurnished,Under Construction,Whitefield,5.5,20.3,7,2,7350000,0,2,1,9
434.0,1,1,2,1,2,2,7,Apartment,Unfurnished,Under Construction,Yelahanka,4.4,24.0,0,1,1830000,0,2,1,10
2126.0,4,4,3,1,4,14,20,Apartment,Unfurnished,Ready to Move,Marathahalli,4.2,10.2,6,2,14590000,0,2,0,7
2062.0,4,4,1,1,1,1,3,Villa,Semi-Furnished,Ready to Move,Marathahalli,5.5,16.7,4,2,18340000,2,1,0,7
2712.875,4,6,2,1,7,10,10,Villa,Furnished,Ready to Move,Hebbal,6.0,11.8,1,0,47000000,2,0,0,3
1785.0,3,3,3,1,17,4,10,Apartment,Semi-Furnished,Ready to Move,Jayanagar,6.0,1.8,5,2,21000000,0,1,0,5
1911.0,4,5,1,1,7,1,3,Villa,Furnished,Ready to Move,Whitefield,5.7,18.9,3,0,21170000,2,0,0,9
1837.0,4,4,2,1,4,1,3,Villa,Unfurnished,Ready to Move,Jayanagar,4.7,1.5,5,4,26260000,2,2,0,5
2213.0,4,5,1,1,12,1,7,Apartment,Semi-Furnished,Ready to Move,Marathahalli,4.7,14.2,4,1,14310000,0,1,0,7
902.0,3,3,2,1,11,1,5,Apartment,Semi-Furnished,Under Construction,Sarjapur Road,1.9,17.1,3,3,4680000,0,1,1,8
904.0,2,2,1,1,3,10,10,Apartment,Unfurnished,Under Construction,Indiranagar,8.9,2.9,5,3,9740000,0,2,1,4
1946.0,4,5,1,1,7,1,10,Apartment,Furnished,Ready to Move,Koramangala,9.8,1.0,1,0,31250000,0,0,0,6
775.0,2,2,0,1,10,7,10,Villa,Unfurnished,Ready to Move,HSR Layout,6.7,13.1,1,3,9630000,2,2,0,2
1695.0,3,3,3,1,2,9,10,Independent House,Unfurnished,Under Construction,Electronic City,3.3,21.5,6,2,9790000,1,2,1,1
748.0,2,2,2,1,3,3,7,Independent House,Semi-Furnished,Ready to Move,Marathahalli,4.3,14.6,2,3,6000000,1,1,0,7
1361.0,3,3,0,1,0,2,5,Villa,Furnished,Ready to Move,Marathahalli,5.0,14.5,3,1,16310000,2,0,0,7
1482.0,3,4,3,1,24,2,5,Apartment,Semi-Furnished,Under Construction,Electronic City,6.5,22.3,4,2,5640000,0,1,1,1
698.0,1,2,2,1,0,4,7,Apartment,Unfurnished,Ready to Move,Banashankari,5.6,7.0,2,2,5750000,0,2,0,0
1995.0,4,4,2,1,1,14,20,Independent House,Unfurnished,Ready to Move,Marathahalli,3.2,18.6,3,1,14200000,1,2,0,7
1127.0,2,2,0,1,5,4,5,Apartment,Unfurnished,Under Construction,HSR Layout,6.0,16.7,3,3,10510000,0,2,1,2
1596.0,3,4,1,1,16,6,7,Villa,Unfurnished,Ready to Move,Whitefield,3.0,24.3,2,2,13350000,2,2,0,9
973.0,2,3,2,1,3,2,15,Independent House,Furnished,Ready to Move,Koramangala,6.1,4.1,2,1,18090000,1,0,0,6
430.0,1,2,0,1,11,6,15,Villa,Furnished,Under Construction,HSR Layout,2.7,9.9,3,2,6000000,2,0,1,2
677.0,2,3,1,1,9,14,25,Independent House,Furnished,Ready to Move,Koramangala,7.3,7.3,3,2,13220000,1,0,0,6
1429.0,3,3,1,1,8,2,5,Apartment,Furnished,Ready to Move,Koramangala,5.9,1.7,6,1,23740000,0,0,0,6
490.0,1,1,1,1,14,2,3,Villa,Furnished,Under Construction,HSR Layout,6.5,15.1,2,3,5920000,2,0,1,2
2367.0,4,4,1,1,0,6,7,Independent House,Furnished,Ready to Move,Koramangala,7.2,6.4,4,1,57920000,1,0,0,6
1091.0,2,2,3,1,21,1,5,Apartment,Furnished,Ready to Move,Yelahanka,1.4,15.2,0,1,4820000,0,0,0,10
914.0,2,3,1,1,14,7,10,Villa,Furnished,Ready to Move,Whitefield,1.2,20.8,1,0,8770000,2,0,0,9
730.0,2,3,1,1,22,14,20,Apartment,Semi-Furnished,Ready to Move,Jayanagar,6.1,7.9,7,2,8060000,0,1,0,5
606.0,1,2,1,1,12,1,10,Independent House,Semi-Furnished,Under Construction,Electronic City,0.7,20.7,5,5,2860000,1,1,1,1
1114.0,3,3,2,1,16,1,5,Apartment,Semi-Furnished,Under Construction,Banashankari,5.7,11.1,4,3,7170000,0,1,1,0
1696.0,4,5,2,1,1,1,5,Apartment,Semi-Furnished,Ready to Move,Whitefield,4.7,23.8,1,0,11960000,0,1,0,9
1125.0,3,3,2,1,3,14,20,Apartment,Semi-Furnished,Ready to Move,Electronic City,3.0,21.2,3,4,6960000,0,1,0,1
923.0,2,2,0,1,3,7,10,Villa,Semi-Furnished,Ready to Move,Banashankari,6.8,6.6,2,0,10950000,2,1,0,0
1172.0,2,2,1,1,0,10,20,Apartment,Semi-Furnished,Ready to Move,Hebbal,5.0,11.7,0,2,10930000,0,1,0,3
1398.0,3,4,2,1,10,13,15,Apartment,Unfurnished,Ready to Move,Hebbal,5.6,8.5,6,1,11030000,0,2,0,3
2551.0,4,5,3,1,1,13,25,Apartment,Unfurnished,Ready to Move,HSR Layout,7.4,5.0,2,0,30880000,0,2,0,2
660.0,2,3,2,1,0,14,20,Independent House,Furnished,Under Construction,Koramangala,7.2,2.7,0,6,12450000,1,0,1,6
1554.0,3,3,0,1,11,3,7,Apartment,Semi-Furnished,Ready to Move,Marathahalli,4.8,11.1,2,3,10400000,0,1,0,7
801.0,2,2,1,1,18,8,15,Apartment,Semi-Furnished,Under Construction,Yelahanka,3.1,21.3,6,0,3480000,0,1,1,10
972.0,2,3,0,1,11,7,10,Independent House,Furnished,Ready to Move,Jayanagar,4.6,4.6,2,0,14180000,1,0,0,5
1300.0,3,3,2,1,13,1,5,Apartment,Unfurnished,Under Construction,Marathahalli,6.7,15.4,1,3,6680000,0,2,1,7
642.0,1,1,0,1,7,1,5,Independent House,Semi-Furnished,Under Construction,HSR Layout,6.6,8.1,2,2,7050000,1,1,1,2
1355.0,3,3,1,1,17,4,7,Apartment,Unfurnished,Ready to Move,Sarjapur Road,3.4,23.3,2,2,7080000,0,2,0,8
938.0,2,3,1,1,5,4,5,Villa,Furnished,Ready to Move,Koramangala,10.0,3.4,7,3,19560000,2,0,0,6
1536.0,3,3,1,1,24,5,5,Apartment,Semi-Furnished,Ready to Move,Electronic City,1.7,18.3,5,1,7350000,0,1,0,1
781.0,1,1,1,1,0,1,10,Apartment,Semi-Furnished,Ready to Move,Indiranagar,10.0,7.0,1,1,11300000,0,1,0,4
2712.875,4,5,1,1,13,5,25,Villa,Furnished,Ready to Move,Jayanagar,7.9,6.8,4,3,61950000,2,0,0,5
933.0,2,2,2,1,8,4,10,Apartment,Furnished,Ready to Move,HSR Layout,8.0,13.6,6,1,10350000,0,0,0,2
2001.0,4,4,1,1,6,4,7,Independent House,Semi-Furnished,Ready to Move,Whitefield,4.1,19.5,2,1,19310000,1,1,0,9
1790.0,4,5,1,1,10,3,5,Apartment,Furnished,Ready to Move,Marathahalli,4.1,14.3,3,0,14960000,0,0,0,7
2268.0,4,6,1,1,14,1,5,Apartment,Semi-Furnished,Ready to Move,HSR Layout,5.8,5.5,4,3,26190000,0,1,0,2
1245.0,3,3,1,1,15,5,10,Apartment,Semi-Furnished,Under Construction,Marathahalli,5.5,16.5,2,4,7420000,0,1,1,7
1183.0,3,4,2,1,1,8,15,Independent House,Semi-Furnished,Ready to Move,Koramangala,8.6,4.2,3,1,21920000,1,1,0,6
1074.0,2,3,1,1,1,2,7,Apartment,Unfurnished,Ready to Move,Indiranagar,7.8,4.6,3,4,12670000,0,2,0,4
746.0,2,3,2,1,0,6,10,Apartment,Unfurnished,Ready to Move,Jayanagar,5.9,5.3,2,0,8220000,0,2,0,5
1203.0,2,2,2,1,1,12,15,Apartment,Furnished,Ready to Move,Whitefield,4.3,19.2,4,0,10870000,0,0,0,9
1092.0,2,2,2,1,2,1,3,Apartment,Unfurnished,Ready to Move,Electronic City,2.8,24.5,2,1,5420000,0,2,0,1
2712.875,4,6,1,1,10,5,7,Apartment,Semi-Furnished,Ready to Move,Koramangala,10.0,1.2,2,2,39440000,0,1,0,6
550.0,1,1,1,1,5,6,15,Independent House,Unfurnished,Ready to Move,Whitefield,5.5,22.2,6,2,3980000,1,2,0,9
1243.0,3,3,2,1,11,9,10,Apartment,Semi-Furnished,Ready to Move,Banashankari,5.9,3.2,2,1,9930000,0,1,0,0
1475.0,3,4,1,1,5,1,3,Independent House,Semi-Furnished,Ready to Move,Electronic City,3.7,16.3,1,5,9710000,1,1,0,1
1704.0,3,3,1,1,6,5,5,Apartment,Furnished,Ready to Move,Hebbal,3.8,16.2,4,3,15920000,0,0,0,3
1203.0,3,3,2,1,0,3,10,Villa,Furnished,Ready to Move,HSR Layout,7.4,6.9,1,2,23920000,2,0,0,2
658.0,2,2,0,1,11,6,7,Independent House,Furnished,Ready to Move,Sarjapur Road,0.5,18.3,1,3,5240000,1,0,0,8
1596.0,3,4,1,1,11,11,15,Apartment,Semi-Furnished,Ready to Move,Sarjapur Road,3.9,17.2,2,4,10090000,0,1,0,8
1011.0,2,2,2,1,2,3,3,Independent House,Furnished,Ready to Move,Marathahalli,2.8,15.0,6,1,9180000,1,0,0,7
1551.0,4,5,3,1,3,4,5,Apartment,Semi-Furnished,Ready to Move,Indiranagar,7.3,5.2,3,0,27080000,0,1,0,4
1194.0,3,4,2,1,1,4,7,Independent House,Semi-Furnished,Ready to Move,Electronic City,2.6,25.1,1,3,7880000,1,1,0,1
2318.0,4,5,1,1,13,5,20,Villa,Unfurnished,Ready to Move,Electronic City,3.2,17.7,4,1,15960000,2,2,0,1
470.0,1,1,1,1,10,8,15,Apartment,Furnished,Under Construction,Yelahanka,3.0,18.0,5,2,2180000,0,0,1,10
888.0,2,2,0,1,7,14,20,Apartment,Unfurnished,Ready to Move,Hebbal,6.2,11.8,3,3,6370000,0,2,0,3
899.0,2,3,1,1,2,2,7,Apartment,Semi-Furnished,Under Construction,Banashankari,4.4,3.4,7,1,6630000,0,1,1,0
478.0,1,1,2,1,1,7,15,Apartment,Furnished,Ready to Move,Koramangala,7.8,2.4,2,2,7930000,0,0,0,6
805.0,2,3,0,1,0,14,20,Apartment,Semi-Furnished,Ready to Move,Sarjapur Road,1.6,13.2,3,2,5230000,0,1,0,8
1335.0,3,3,1,1,0,3,7,Apartment,Unfurnished,Ready to Move,Yelahanka,1.1,11.0,1,2,5670000,0,2,0,10
981.0,2,2,3,1,1,14,25,Apartment,Semi-Furnished,Ready to Move,Koramangala,8.4,2.7,4,2,15060000,0,1,0,6
1311.0,3,3,2,1,0,10,20,Independent House,Furnished,Ready to Move,Whitefield,5.3,23.6,2,3,15000000,1,0,0,9
2463.0,4,5,2,1,6,7,25,Apartment,Unfurnished,Under Construction,Sarjapur Road,3.3,18.9,1,2,11260000,0,2,1,8
1542.0,3,3,2,1,3,9,20,Apartment,Semi-Furnished,Ready to Move,Marathahalli,5.4,17.9,4,0,12190000,0,1,0,7
647.0,2,2,2,1,4,12,15,Villa,Furnished,Ready to Move,Hebbal,2.9,12.2,7,2,8160000,2,0,0,3
1049.0,2,3,0,1,7,12,20,Apartment,Furnished,Under Construction,Koramangala,8.6,8.6,4,1,15390000,0,0,1,6
1569.0,3,3,1,1,8,5,7,Apartment,Semi-Furnished,Under Construction,Hebbal,3.7,16.3,2,0,14620000,0,1,1,3
867.0,2,2,1,1,8,11,15,Apartment,Unfurnished,Ready to Move,HSR Layout,4.9,7.2,2,3,7250000,0,2,0,2
981.0,3,4,1,1,2,1,5,Independent House,Semi-Furnished,Ready to Move,Koramangala,6.9,4.2,4,1,16190000,1,1,0,6
951.0,2,3,2,1,13,14,15,Independent House,Semi-Furnished,Under Construction,Koramangala,7.9,1.8,2,3,12900000,1,1,1,6
1996.0,4,4,1,1,19,11,15,Apartment,Furnished,Ready to Move,Hebbal,5.7,11.6,4,0,17310000,0,0,0,3
1085.0,3,3,0,1,3,14,15,Villa,Furnished,Ready to Move,Marathahalli,4.5,19.0,2,2,13730000,2,0,0,7
993.0,3,4,1,1,0,3,15,Apartment,Furnished,Under Construction,Jayanagar,6.2,4.1,3,1,10310000,0,0,1,5
933.0,2,2,1,1,18,5,7,Villa,Semi-Furnished,Under Construction,Electronic City,4.3,18.4,4,1,5880000,2,1,1,1
905.0,2,3,2,1,20,3,10,Villa,Semi-Furnished,Ready to Move,Yelahanka,5.5,12.6,5,2,4890000,2,1,0,10
1283.0,3,3,2,1,0,3,3,Villa,Unfurnished,Ready to Move,Electronic City,3.2,20.8,0,2,8670000,2,2,0,1
1376.0,3,3,2,1,0,3,5,Apartment,Semi-Furnished,Under Construction,Hebbal,5.1,23.2,2,2,11460000,0,1,1,3
740.0,2,2,1,1,13,1,10,Apartment,Furnished,Ready to Move,Indiranagar,7.7,9.4,1,2,12060000,0,0,0,4
867.0,2,2,2,1,2,8,10,Apartment,Semi-Furnished,Ready to Move,Electronic City,2.7,13.4,2,1,5540000,0,1,0,1
1051.0,2,3,2,1,19,4,5,Independent House,Semi-Furnished,Under Construction,Indiranagar,10.0,4.9,3,1,15200000,1,1,1,4
1302.0,3,3,2,1,1,3,5,Apartment,Unfurnished,Ready to Move,Electronic City,5.2,20.1,1,2,7340000,0,2,0,1
632.0,2,2,3,1,15,6,7,Independent House,Unfurnished,Under Construction,Sarjapur Road,3.4,21.0,1,0,2850000,1,2,1,8
1267.0,3,4,3,1,0,10,15,Independent House,Semi-Furnished,Under Construction,Jayanagar,7.4,2.5,4,5,16880000,1,1,1,5
1100.0,3,3,3,1,2,8,10,Apartment,Furnished,Under Construction,HSR Layout,7.7,6.9,1,3,11910000,0,0,1,2
1474.0,3,4,2,1,24,2,3,Villa,Unfurnished,Under Construction,Yelahanka,2.3,14.3,1,3,6800000,2,2,1,10
2127.0,4,5,3,1,2,2,15,Villa,Unfurnished,Ready to Move,Electronic City,1.4,19.9,4,0,15660000,2,2,0,1
1336.0,4,5,1,1,1,7,7,Independent House,Semi-Furnished,Under Construction,Jayanagar,7.7,8.0,6,1,18740000,1,1,1,5
1612.0,3,4,2,1,15,4,10,Independent House,Unfurnished,Under Construction,Yelahanka,4.3,15.0,4,0,7080000,1,2,1,10
427.0,1,1,3,1,1,4,5,Villa,Unfurnished,Under Construction,Marathahalli,5.1,17.0,5,0,2760000,2,2,1,7
1246.0,2,3,3,1,0,14,25,Apartment,Unfurnished,Under Construction,Whitefield,3.8,17.6,1,3,8270000,0,2,1,9
1386.0,3,4,2,1,3,2,3,Independent House,Semi-Furnished,Under Construction,Yelahanka,5.3,18.6,4,1,7430000,1,1,1,10
1051.0,3,4,1,1,8,14,15,Apartment,Semi-Furnished,Ready to Move,Marathahalli,4.4,10.5,3,2,6790000,0,1,0,7
1080.0,3,3,1,1,9,3,10,Independent House,Furnished,Ready to Move,Electronic City,1.6,23.8,3,1,6960000,1,0,0,1
1016.0,2,3,1,1,17,2,3,Independent House,Semi-Furnished,Ready to Move,Koramangala,5.6,2.5,3,0,13540000,1,1,0,6
1290.0,3,4,2,1,6,2,3,Apartment,Semi-Furnished,Ready to Move,Hebbal,4.6,14.7,4,4,9630000,0,1,0,3
931.0,2,3,1,1,3,2,7,Villa,Unfurnished,Ready to Move,Marathahalli,4.3,6.7,3,2,7640000,2,2,0,7
1851.0,3,3,1,1,3,14,15,Apartment,Semi-Furnished,Ready to Move,Jayanagar,6.2,3.7,2,3,23700000,0,1,0,5
817.0,2,2,2,1,15,3,3,Apartment,Semi-Furnished,Under Construction,Yelahanka,6.0,19.5,3,0,2770000,0,1,1,10
1416.0,3,4,2,1,10,12,15,Apartment,Unfurnished,Ready to Move,Hebbal,5.6,11.4,5,1,11160000,0,2,0,3
706.0,1,1,3,1,18,1,10,Independent House,Semi-Furnished,Ready to Move,Koramangala,6.5,1.0,0,3,9130000,1,1,0,6
1001.0,2,2,2,1,24,1,7,Independent House,Unfurnished,Under Construction,Electronic City,0.0,19.9,0,2,3790000,1,2,1,1
950.0,3,4,2,1,2,3,3,Independent House,Semi-Furnished,Ready to Move,HSR Layout,6.7,11.2,2,5,10790000,1,1,0,2
1046.0,2,2,2,1,6,14,20,Apartment,Semi-Furnished,Ready to Move,Sarjapur Road,5.2,15.6,4,0,7310000,0,1,0,8
1074.0,3,3,2,1,7,1,7,Independent House,Semi-Furnished,Ready to Move,Whitefield,7.1,23.5,6,2,9910000,1,1,0,9
1793.0,3,3,1,1,1,4,5,Villa,Furnished,Ready to Move,Jayanagar,6.4,9.3,4,0,33550000,2,0,0,5
1169.0,3,3,1,1,0,5,10,Apartment,Furnished,Under Construction,Sarjapur Road,6.2,20.0,0,5,7240000,0,0,1,8
1514.0,2,2,3,1,16,1,5,Apartment,Furnished,Under Construction,Yelahanka,1.0,19.1,2,0,6550000,0,0,1,10
1810.0,3,3,2,1,6,3,10,Apartment,Furnished,Under Construction,Electronic City,2.8,20.5,1,6,11140000,0,0,1,1
1176.0,3,3,2,1,6,3,3,Independent House,Unfurnished,Under Construction,Hebbal,3.5,16.5,5,0,9460000,1,2,1,3
1405.0,3,4,1,1,6,6,25,Villa,Semi-Furnished,Ready to Move,Whitefield,5.5,23.2,4,2,13410000,2,1,0,9
1611.0,3,4,1,1,11,5,7,Villa,Unfurnished,Under Construction,Hebbal,3.0,11.6,3,2,14980000,2,2,1,3
1098.0,2,2,2,1,1,3,25,Apartment,Unfurnished,Under Construction,Koramangala,8.6,1.0,2,3,12220000,0,2,1,6
1034.0,2,2,0,1,7,3,7,Villa,Semi-Furnished,Under Construction,Electronic City,1.5,14.9,3,3,7170000,2,1,1,1
1187.0,2,2,1,1,5,6,7,Apartment,Furnished,Ready to Move,Hebbal,7.6,15.0,1,1,9870000,0,0,0,3
536.0,1,2,1,1,18,6,20,Apartment,Semi-Furnished,Ready to Move,Koramangala,7.4,1.0,4,5,5110000,0,1,0,6
880.0,2,3,1,1,5,5,7,Villa,Semi-Furnished,Ready to Move,HSR Layout,6.9,7.2,1,3,12350000,2,1,0,2
1302.0,3,3,2,1,22,2,7,Apartment,Semi-Furnished,Ready to Move,Sarjapur Road,1.0,19.4,4,0,6670000,0,1,0,8
1640.0,3,3,3,1,3,1,3,Independent House,Semi-Furnished,Ready to Move,Sarjapur Road,1.4,14.1,3,1,13420000,1,1,0,8
1019.0,2,3,2,1,24,14,25,Apartment,Furnished,Ready to Move,Marathahalli,2.8,21.3,7,4,6620000,0,0,0,7
2712.875,4,6,2,1,16,1,3,Villa,Semi-Furnished,Ready to Move,Sarjapur Road,4.9,18.7,2,3,28300000,2,1,0,8
1622.0,3,3,2,1,7,3,15,Apartment,Furnished,Ready to Move,Jayanagar,7.7,10.4,3,2,22320000,0,0,0,5
1179.0,4,5,2,1,3,10,10,Apartment,Unfurnished,Ready to Move,HSR Layout,8.0,13.1,5,2,12950000,0,2,0,2
1486.0,3,4,0,1,3,3,3,Apartment,Furnished,Ready to Move,Electronic City,1.1,14.4,3,4,9660000,0,0,0,1
1461.0,3,4,0,1,11,1,3,Apartment,Unfurnished,Under Construction,Koramangala,8.8,6.2,2,1,17160000,0,2,1,6
733.0,1,1,2,1,6,14,20,Independent House,Semi-Furnished,Under Construction,Yelahanka,2.2,16.0,1,2,3680000,1,1,1,10
659.0,2,3,1,1,4,2,15,Apartment,Furnished,Ready to Move,Marathahalli,2.8,13.8,1,0,4770000,0,0,0,7
721.0,1,1,2,1,8,10,10,Independent House,Semi-Furnished,Under Construction,Electronic City,2.5,21.9,2,2,3900000,1,1,1,1
1421.0,3,4,1,1,10,3,7,Independent House,Semi-Furnished,Ready to Move,Indiranagar,8.5,8.2,3,2,22920000,1,1,0,4
1042.0,2,2,2,1,0,3,5,Apartment,Semi-Furnished,Ready to Move,Yelahanka,4.0,20.9,0,4,4830000,0,1,0,10
1869.0,3,3,3,1,0,3,10,Apartment,Unfurnished,Ready to Move,Koramangala,9.7,1.0,6,0,26530000,0,2,0,6
1056.0,2,3,0,1,0,3,10,Villa,Unfurnished,Ready to Move,Marathahalli,4.8,14.2,0,3,8790000,2,2,0,7
2160.0,4,4,1,1,2,10,15,Independent House,Unfurnished,Ready to Move,Jayanagar,7.6,10.2,1,3,27610000,1,2,0,5
996.0,2,2,2,1,4,6,7,Independent House,Unfurnished,Ready to Move,Marathahalli,6.7,13.4,5,1,7680000,1,2,0,7
858.0,2,2,1,1,13,13,25,Apartment,Furnished,Ready to Move,Whitefield,5.4,20.6,2,1,6130000,0,0,0,9
944.0,2,2,1,1,3,2,3,Independent House,Furnished,Under Construction,Yelahanka,2.7,16.7,2,0,5680000,1,0,1,10
814.0,2,2,2,1,0,2,3,Apartment,Semi-Furnished,Ready to Move,Yelahanka,3.9,22.3,3,2,4520000,0,1,0,10
941.0,2,3,3,1,5,9,20,Independent House,Furnished,Under Construction,Jayanagar,9.2,8.2,3,2,13990000,1,0,1,5
745.0,3,3,2,1,24,8,10,Independent House,Unfurnished,Ready to Move,Sarjapur Road,2.4,24.2,7,0,3370000,1,2,0,8
597.0,1,1,1,1,3,2,7,Apartment,Unfurnished,Ready to Move,Yelahanka,2.4,21.2,4,2,2680000,0,2,0,10
926.0,2,2,1,1,24,7,15,Apartment,Furnished,Under Construction,Sarjapur Road,5.8,17.3,3,2,5780000,0,0,1,8
1865.0,4,4,1,1,0,2,10,Apartment,Semi-Furnished,Under Construction,Koramangala,7.6,4.9,2,4,27950000,0,1,1,6
574.0,1,1,1,1,1,2,3,Apartment,Unfurnished,Ready to Move,Marathahalli,5.1,20.2,1,1,3150000,0,2,0,7
1426.0,4,4,1,1,10,2,10,Independent House,Semi-Furnished,Ready to Move,Marathahalli,5.9,10.6,1,4,11930000,1,1,0,7
2712.875,4,5,1,1,5,1,5,Apartment,Furnished,Ready to Move,Indiranagar,6.8,7.3,3,0,77850000,0,0,0,4
538.0,1,1,3,1,11,1,5,Apartment,Semi-Furnished,Ready to Move,Sarjapur Road,3.1,20.3,7,3,2680000,0,1,0,8
922.0,2,3,2,1,15,3,5,Apartment,Unfurnished,Ready to Move,Yelahanka,4.8,15.2,2,2,4060000,0,2,0,10
766.0,2,3,2,1,2,7,10,Independent House,Semi-Furnished,Ready to Move,Yelahanka,2.8,14.9,2,2,3860000,1,1,0,10
1406.0,3,3,3,1,9,2,3,Villa,Semi-Furnished,Ready to Move,Indiranagar,5.6,4.3,3,0,29160000,2,1,0,4
1788.0,3,3,1,1,7,14,20,Apartment,Semi-Furnished,Ready to Move,Whitefield,3.6,22.1,2,2,13360000,0,1,0,9
1690.0,3,4,0,1,15,6,10,Apartment,Furnished,Ready to Move,Banashankari,5.9,12.4,0,1,14320000,0,0,0,0
1639.0,3,3,2,1,4,2,7,Independent House,Furnished,Under Construction,Hebbal,6.9,14.2,7,1,15740000,1,0,1,3
1053.0,2,3,3,1,0,9,10,Independent House,Furnished,Under Construction,Koramangala,8.1,1.0,3,2,19050000,1,0,1,6
1856.0,4,4,2,1,6,12,15,Apartment,Semi-Furnished,Ready to Move,Yelahanka,3.7,20.5,3,2,11050000,0,1,0,10
993.0,3,3,0,1,24,1,10,Apartment,Semi-Furnished,Ready to Move,Hebbal,4.4,15.6,4,3,6990000,0,1,0,3
1343.0,3,4,2,1,0,2,5,Apartment,Semi-Furnished,Ready to Move,Jayanagar,8.0,5.3,3,1,15960000,0,1,0,5
1905.0,4,5,0,1,2,2,5,Apartment,Semi-Furnished,Ready to Move,Marathahalli,6.1,12.0,2,3,14480000,0,1,0,7
1693.0,3,3,1,1,3,14,20,Apartment,Unfurnished,Ready to Move,Electronic City,4.5,19.3,2,4,8360000,0,2,0,1
1008.0,2,2,1,1,11,2,5,Independent House,Semi-Furnished,Under Construction,Whitefield,4.2,23.2,3,2,8040000,1,1,1,9
1256.0,2,2,3,1,3,3,3,Apartment,Unfurnished,Ready to Move,Electronic City,4.0,16.4,4,1,6830000,0,2,0,1
1735.0,3,4,1,1,2,4,10,Independent House,Furnished,Ready to Move,Hebbal,6.4,15.3,1,2,18350000,1,0,0,3
499.0,1,2,2,1,8,3,5,Apartment,Semi-Furnished,Ready to Move,Whitefield,4.4,18.6,3,3,4090000,0,1,0,9
1794.0,4,5,1,1,0,14,25,Villa,Furnished,Ready to Move,Electronic City,4.5,22.9,2,2,18200000,2,0,0,1
1213.0,2,2,1,1,1,5,20,Villa,Semi-Furnished,Ready to Move,Electronic City,3.9,11.7,4,2,9540000,2,1,0,1
1780.0,3,3,3,1,4,5,10,Apartment,Furnished,Under Construction,Jayanagar,8.8,1.0,3,4,22360000,0,0,1,5
1017.0,3,3,1,1,3,7,15,Apartment,Unfurnished,Ready to Move,Yelahanka,4.1,14.0,3,2,4950000,0,2,0,10
716.0,1,1,2,1,3,7,10,Villa,Furnished,Ready to Move,Electronic City,2.6,19.3,5,3,5370000,2,0,0,1
2152.0,4,5,1,1,0,7,15,Apartment,Unfurnished,Ready to Move,Electronic City,5.4,24.3,2,2,14890000,0,2,0,1
2064.0,4,4,2,1,3,9,10,Apartment,Semi-Furnished,Ready to Move,Sarjapur Road,4.4,18.9,4,3,14170000,0,1,0,8
1852.0,3,3,0,1,12,1,3,Apartment,Unfurnished,Ready to Move,Indiranagar,8.5,10.8,1,2,22720000,0,2,0,4
1205.0,2,3,1,1,4,1,20,Independent House,Semi-Furnished,Ready to Move,HSR Layout,4.3,11.5,4,4,14600000,1,1,0,2
1073.0,2,2,2,1,7,3,20,Apartment,Furnished,Ready to Move,Indiranagar,9.0,3.0,2,1,18230000,0,0,0,4
1039.0,2,2,1,1,1,14,25,Independent House,Furnished,Under Construction,Koramangala,10.0,7.7,2,1,18130000,1,0,1,6
1067.0,2,2,0,1,0,6,15,Apartment,Unfurnished,Under Construction,Koramangala,3.9,2.6,2,3,11630000,0,2,1,6
1287.0,3,3,2,1,16,2,7,Independent House,Semi-Furnished,Ready to Move,Jayanagar,2.6,4.4,1,0,15230000,1,1,0,5
2712.875,4,6,1,1,3,1,5,Apartment,Furnished,Ready to Move,Electronic City,4.5,22.0,3,0,20360000,0,0,0,1
1147.0,3,4,0,1,3,1,5,Independent House,Semi-Furnished,Under Construction,Yelahanka,3.4,20.9,3,3,6710000,1,1,1,10
1866.0,4,4,2,1,16,5,5,Apartment,Unfurnished,Ready to Move,Electronic City,4.3,25.2,2,1,8960000,0,2,0,1
1297.0,3,3,3,1,9,2,5,Villa,Semi-Furnished,Under Construction,Marathahalli,3.2,17.1,4,3,12130000,2,1,1,7
1222.0,3,3,0,1,11,3,10,Villa,Semi-Furnished,Ready to Move,Marathahalli,0.8,19.9,5,0,8590000,2,1,0,7
2054.0,4,4,2,1,9,2,10,Apartment,Unfurnished,Ready to Move,Whitefield,3.1,23.0,3,3,13290000,0,2,0,9
1309.0,3,3,2,1,0,5,7,Apartment,Semi-Furnished,Ready to Move,Marathahalli,6.3,10.3,3,3,9200000,0,1,0,7
2200.0,4,4,0,1,24,3,10,Apartment,Semi-Furnished,Ready to Move,Koramangala,7.3,5.6,3,2,28410000,0,1,0,6
641.0,2,2,0,1,19,7,7,Apartment,Unfurnished,Ready to Move,Banashankari,4.0,12.9,2,2,4140000,0,2,0,0
928.0,2,2,1,1,2,7,10,Independent House,Semi-Furnished,Ready to Move,Koramangala,4.1,1.0,1,2,13660000,1,1,0,6
2052.0,4,5,2,1,13,14,25,Apartment,Furnished,Ready to Move,Electronic City,0.6,22.0,7,2,13490000,0,0,0,1
1313.0,3,4,1,1,4,1,10,Apartment,Semi-Furnished,Under Construction,Whitefield,6.0,16.8,4,1,9230000,0,1,1,9
1931.0,4,5,2,1,9,3,3,Villa,Unfurnished,Ready to Move,Banashankari,4.3,8.4,1,1,19590000,2,2,0,0
1365.0,4,4,2,1,1,5,10,Apartment,Semi-Furnished,Ready to Move,Jayanagar,8.2,9.4,4,1,16740000,0,1,0,5
589.0,1,2,1,1,6,10,15,Apartment,Unfurnished,Under Construction,Marathahalli,2.9,18.0,5,0,3320000,0,2,1,7
1581.0,3,4,1,1,1,5,10,Apartment,Furnished,Ready to Move,Whitefield,2.1,19.4,5,2,17210000,0,0,0,9
1043.0,2,3,3,1,6,14,25,Independent House,Furnished,Ready to Move,Sarjapur Road,3.3,20.0,1,1,7710000,1,0,0,8
1690.0,3,3,1,1,2,3,3,Independent House,Furnished,Under Construction,HSR Layout,5.5,5.5,3,3,26460000,1,0,1,2
1456.0,3,4,1,1,4,3,7,Independent House,Semi-Furnished,Ready to Move,Yelahanka,1.8,10.8,2,2,9630000,1,1,0,10
1040.0,2,2,2,1,8,1,5,Apartment,Semi-Furnished,Under Construction,HSR Layout,5.1,13.4,1,2,9780000,0,1,1,2
1443.0,3,4,0,1,16,6,15,Independent House,Furnished,Ready to Move,Koramangala,7.8,1.0,3,0,22000000,1,0,0,6
1592.0,3,3,0,1,1,2,10,Apartment,Unfurnished,Ready to Move,Whitefield,3.6,17.9,4,1,11100000,0,2,0,9
650.0,2,3,0,1,17,2,5,Apartment,Unfurnished,Under Construction,Indiranagar,7.3,7.0,5,2,7740000,0,2,1,4
1642.0,4,5,1,1,3,3,7,Apartment,Semi-Furnished,Ready to Move,Jayanagar,9.4,6.7,3,2,19160000,0,1,0,5
1844.0,3,3,0,1,14,5,10,Apartment,Furnished,Ready to Move,Whitefield,5.0,11.5,4,1,15560000,0,0,0,9
1015.0,4,4,2,1,5,14,25,Apartment,Semi-Furnished,Ready to Move,Sarjapur Road,3.9,19.6,4,1,6460000,0,1,0,8
923.0,2,2,3,1,15,7,7,Apartment,Semi-Furnished,Ready to Move,Indiranagar,8.6,2.4,4,2,14660000,0,1,0,4
1172.0,2,2,0,1,8,1,5,Apartment,Semi-Furnished,Ready to Move,Jayanagar,7.7,6.4,2,3,14800000,0,1,0,5
1373.0,3,3,1,1,5,8,10,Apartment,Semi-Furnished,Ready to Move,Indiranagar,9.5,3.1,6,2,23740000,0,1,0,4
505.0,1,1,0,1,2,3,7,Villa,Unfurnished,Ready to Move,Electronic City,1.8,19.9,1,1,3160000,2,2,0,1
2712.875,4,6,0,1,24,6,10,Apartment,Semi-Furnished,Ready to Move,Jayanagar,4.4,1.0,3,5,28980000,0,1,0,5
511.0,1,1,1,1,12,1,10,Villa,Semi-Furnished,Ready to Move,Koramangala,4.6,2.9,2,2,7950000,2,1,0,6
1408.0,3,4,1,1,3,7,10,Apartment,Semi-Furnished,Ready to Move,Koramangala,10.0,7.7,3,1,21010000,0,1,0,6
1208.0,3,4,1,1,1,10,20,Independent House,Semi-Furnished,Ready to Move,Hebbal,4.3,10.7,2,1,12330000,1,1,0,3
1160.0,2,3,1,1,12,3,5,Apartment,Semi-Furnished,Ready to Move,Yelahanka,3.9,14.9,3,3,5910000,0,1,0,10
706.0,1,2,1,1,24,7,15,Apartment,Furnished,Ready to Move,Electronic City,3.6,19.9,2,2,2980000,0,0,0,1
1362.0,3,3,1,1,2,14,20,Apartment,Semi-Furnished,Ready to Move,HSR Layout,7.7,6.1,5,2,17430000,0,1,0,2
1011.0,3,4,0,1,19,3,7,Villa,Semi-Furnished,Ready to Move,Marathahalli,3.9,11.0,2,1,10290000,2,1,0,7
850.0,2,2,2,1,1,2,5,Independent House,Furnished,Under Construction,Electronic City,1.3,22.7,4,1,5730000,1,0,1,1
1926.0,4,5,0,1,24,14,15,Apartment,Furnished,Ready to Move,Whitefield,2.8,27.4,3,3,15340000,0,0,0,9
1046.0,2,3,3,1,10,14,15,Apartment,Semi-Furnished,Under Construction,Koramangala,7.5,6.9,1,3,11000000,0,1,1,6
758.0,2,3,0,1,3,3,5,Independent House,Unfurnished,Ready to Move,Sarjapur Road,1.3,19.9,5,4,4850000,1,2,0,8
1184.0,3,3,2,1,2,5,7,Villa,Semi-Furnished,Ready to Move,Marathahalli,2.7,20.0,2,2,10820000,2,1,0,7
1047.0,2,2,3,1,8,10,10,Apartment,Unfurnished,Ready to Move,Whitefield,2.5,21.4,1,1,7590000,0,2,0,9
2375.0,4,5,0,1,7,2,5,Apartment,Unfurnished,Ready to Move,HSR Layout,5.8,13.2,5,2,27890000,0,2,0,2
831.0,2,3,1,1,20,14,15,Apartment,Semi-Furnished,Ready to Move,HSR Layout,5.6,10.6,2,0,8160000,0,1,0,2
403.0,1,1,2,1,11,2,10,Villa,Furnished,Ready to Move,Marathahalli,4.2,15.4,3,1,3470000,2,0,0,7
1573.0,2,3,0,1,6,1,20,Apartment,Semi-Furnished,Ready to Move,Whitefield,5.6,15.8,2,4,10240000,0,1,0,9
1619.0,3,3,2,1,21,3,10,Independent House,Unfurnished,Ready to Move,Whitefield,4.0,19.1,2,3,9600000,1,2,0,9
1325.0,3,4,0,1,7,4,10,Apartment,Unfurnished,Under Construction,Hebbal,2.7,10.3,1,1,8520000,0,2,1,3
1643.0,3,4,1,1,15,3,10,Apartment,Semi-Furnished,Ready to Move,Koramangala,4.9,2.2,4,2,20090000,0,1,0,6
536.0,1,1,1,1,14,3,7,Apartment,Semi-Furnished,Ready to Move,Marathahalli,4.2,12.0,3,1,3380000,0,1,0,7
1114.0,2,2,3,1,20,8,15,Independent House,Furnished,Under Construction,HSR Layout,5.3,14.3,1,1,14140000,1,0,1,2
2063.0,4,5,1,1,0,1,10,Independent House,Furnished,Under Construction,Whitefield,4.1,18.9,2,3,23560000,1,0,1,9
560.0,1,1,0,1,7,5,15,Apartment,Furnished,Ready to Move,HSR Layout,6.8,9.6,4,3,5910000,0,0,0,2
1954.0,4,4,2,1,5,7,15,Villa,Semi-Furnished,Under Construction,Sarjapur Road,5.8,24.8,4,4,14550000,2,1,1,8
390.0,1,2,1,1,5,9,10,Apartment,Semi-Furnished,Ready to Move,Hebbal,2.4,14.3,1,1,2850000,0,1,0,3
2712.875,4,5,1,1,4,1,5,Apartment,Unfurnished,Ready to Move,Hebbal,3.5,12.0,7,2,25830000,0,2,0,3
771.0,2,2,0,1,14,9,20,Apartment,Unfurnished,Under Construction,Electronic City,3.2,25.2,4,0,3190000,0,2,1,1
1019.0,3,3,2,1,3,4,7,Apartment,Unfurnished,Ready to Move,Marathahalli,2.3,12.0,0,0,7140000,0,2,0,7
909.0,2,2,2,1,4,14,25,Apartment,Unfurnished,Ready to Move,HSR Layout,4.1,8.7,7,1,9350000,0,2,0,2
444.0,1,2,1,1,1,7,7,Independent House,Unfurnished,Ready to Move,HSR Layout,8.3,8.9,4,2,5430000,1,2,0,2
940.0,2,2,1,1,2,2,5,Apartment,Furnished,Under Construction,Yelahanka,1.4,16.7,4,2,4460000,0,0,1,10
1080.0,2,3,2,1,8,5,20,Independent House,Semi-Furnished,Ready to Move,Whitefield,2.4,21.4,3,2,9120000,1,1,0,9
1139.0,2,3,2,1,0,6,15,Apartment,Furnished,Ready to Move,Whitefield,2.6,17.2,7,3,9130000,0,0,0,9
1628.0,3,3,1,1,1,4,15,Villa,Furnished,Ready to Move,HSR Layout,8.0,11.2,3,2,29540000,2,0,0,2
1314.0,3,3,0,1,6,2,3,Apartment,Furnished,Ready to Move,Whitefield,3.3,21.8,5,4,10750000,0,0,0,9
1413.0,3,4,1,1,0,14,20,Apartment,Furnished,Under Construction,Koramangala,5.9,2.6,6,3,22710000,0,0,1,6
1514.0,3,3,2,1,1,3,10,Apartment,Semi-Furnished,Ready to Move,Marathahalli,2.7,13.5,2,1,10750000,0,1,0,7
907.0,3,4,3,1,15,3,10,Apartment,Semi-Furnished,Ready to Move,Indiranagar,8.6,1.6,6,2,13870000,0,1,0,4
1058.0,2,3,0,1,14,9,20,Villa,Semi-Furnished,Ready to Move,Yelahanka,4.3,11.5,4,0,7120000,2,1,0,10
991.0,3,4,1,1,3,5,10,Apartment,Furnished,Ready to Move,Hebbal,6.2,8.6,5,1,10440000,0,0,0,3
1337.0,2,2,0,1,3,3,5,Independent House,Furnished,Under Construction,Electronic City,2.2,24.2,1,1,8320000,1,0,1,1
1838.0,4,4,1,1,22,3,10,Apartment,Furnished,Under Construction,HSR Layout,5.5,11.6,2,0,17100000,0,0,1,2
914.0,2,3,1,1,0,8,10,Apartment,Semi-Furnished,Ready to Move,Electronic City,6.5,27.8,1,3,5280000,0,1,0,1
465.0,1,2,3,1,6,14,20,Apartment,Semi-Furnished,Ready to Move,Marathahalli,5.5,14.1,3,6,2690000,0,1,0,7
1223.0,3,3,0,1,7,6,7,Independent House,Furnished,Ready to Move,HSR Layout,6.0,10.2,0,1,20160000,1,0,0,2
1382.0,2,2,2,1,12,13,15,Villa,Furnished,Ready to Move,Marathahalli,0.6,15.0,3,2,12460000,2,0,0,7
2376.0,4,4,1,1,24,3,15,Apartment,Semi-Furnished,Under Construction,Electronic City,2.6,18.8,3,2,11370000,0,1,1,1
1380.0,4,5,2,1,3,1,5,Apartment,Semi-Furnished,Under Construction,Jayanagar,4.7,8.7,4,1,15440000,0,1,1,5
715.0,1,1,1,1,4,3,3,Apartment,Furnished,Ready to Move,Indiranagar,7.4,6.1,2,3,12910000,0,0,0,4
1176.0,2,3,0,1,8,8,10,Independent House,Semi-Furnished,Ready to Move,HSR Layout,4.9,7.2,4,3,14060000,1,1,0,2
1321.0,3,4,3,1,24,12,15,Villa,Furnished,Under Construction,Yelahanka,2.7,17.1,3,1,7340000,2,0,1,10
1485.0,3,4,0,1,17,1,10,Apartment,Unfurnished,Ready to Move,Sarjapur Road,3.8,20.3,3,3,7990000,0,2,0,8
947.0,2,3,2,1,8,12,15,Apartment,Semi-Furnished,Ready to Move,Koramangala,6.9,1.0,5,3,12640000,0,1,0,6
1952.0,3,4,2,1,15,3,10,Apartment,Semi-Furnished,Ready to Move,Hebbal,3.1,15.2,1,1,15580000,0,1,0,3
1177.0,3,3,0,1,0,4,10,Independent House,Semi-Furnished,Ready to Move,Indiranagar,8.4,3.6,6,4,25480000,1,1,0,4
977.0,2,2,2,1,3,3,3,Apartment,Unfurnished,Ready to Move,Yelahanka,2.3,6.8,6,3,3810000,0,2,0,10
502.0,1,2,2,1,0,1,3,Villa,Unfurnished,Ready to Move,Hebbal,2.2,14.9,7,1,4810000,2,2,0,3
998.0,3,3,3,1,1,9,15,Apartment,Furnished,Ready to Move,Indiranagar,9.6,9.0,3,2,22630000,0,0,0,4
1366.0,2,2,2,1,7,13,15,Villa,Semi-Furnished,Ready to Move,Whitefield,3.2,16.6,0,1,14270000,2,1,0,9
1527.0,4,4,1,1,17,10,10,Independent House,Semi-Furnished,Under Construction,HSR Layout,5.9,5.0,4,3,17560000,1,1,1,2
991.0,2,2,2,1,8,5,10,Villa,Furnished,Under Construction,Jayanagar,6.3,10.0,4,1,13800000,2,0,1,5
912.0,3,4,2,1,8,3,10,Villa,Semi-Furnished,Ready to Move,Marathahalli,4.0,12.1,1,1,8950000,2,1,0,7
1840.0,4,5,2,1,0,3,5,Independent House,Furnished,Ready to Move,HSR Layout,6.6,14.0,3,1,28720000,1,0,0,2
2168.0,4,4,2,1,8,2,10,Apartment,Semi-Furnished,Ready to Move,Koramangala,6.0,1.0,5,0,31580000,0,1,0,6
793.0,2,3,0,1,4,10,10,Apartment,Furnished,Ready to Move,Hebbal,5.5,16.2,5,1,8530000,0,0,0,3
1061.0,2,2,0,1,8,6,10,Apartment,Semi-Furnished,Ready to Move,Banashankari,4.2,11.2,4,1,9240000,0,1,0,0
1324.0,3,4,2,1,3,9,10,Independent House,Furnished,Ready to Move,Jayanagar,8.3,7.6,2,5,22560000,1,0,0,5
1170.0,2,2,3,1,6,7,15,Apartment,Semi-Furnished,Under Construction,Koramangala,9.2,1.0,2,2,15230000,0,1,1,6
1208.0,2,3,1,1,4,7,7,Villa,Semi-Furnished,Under Construction,HSR Layout,8.3,8.9,3,1,15240000,2,1,1,2
1765.0,4,4,3,1,6,2,7,Villa,Furnished,Ready to Move,Whitefield,2.9,23.0,2,3,19370000,2,0,0,9
964.0,2,2,3,1,1,1,7,Apartment,Semi-Furnished,Ready to Move,Yelahanka,4.9,10.9,4,1,4590000,0,1,0,10
570.0,1,2,3,1,4,14,15,Apartment,Furnished,Under Construction,Whitefield,4.8,18.4,3,0,4070000,0,0,1,9
618.0,1,1,3,1,3,3,7,Apartment,Unfurnished,Ready to Move,Marathahalli,5.0,15.2,3,3,4020000,0,2,0,7
1404.0,3,4,2,1,10,2,5,Apartment,Semi-Furnished,Ready to Move,HSR Layout,7.3,6.5,3,0,12980000,0,1,0,2
1453.0,3,4,2,1,9,14,25,Apartment,Semi-Furnished,Under Construction,Jayanagar,7.4,9.9,5,3,15910000,0,1,1,5
903.0,2,2,2,1,19,4,10,Apartment,Unfurnished,Ready to Move,Marathahalli,2.4,17.3,1,1,5210000,0,2,0,7
971.0,2,3,0,1,7,4,5,Independent House,Semi-Furnished,Ready to Move,Hebbal,6.4,12.7,0,3,9730000,1,1,0,3
1196.0,2,2,0,1,3,2,10,Independent House,Furnished,Ready to Move,HSR Layout,6.9,11.3,4,0,13510000,1,0,0,2
1580.0,3,3,0,1,12,2,15,Apartment,Unfurnished,Ready to Move,Whitefield,2.1,18.4,3,4,9670000,0,2,0,9
627.0,1,2,0,1,5,2,10,Apartment,Unfurnished,Ready to Move,Koramangala,7.3,5.8,4,4,6860000,0,2,0,6
2289.0,4,4,0,1,1,5,10,Apartment,Unfurnished,Ready to Move,Yelahanka,1.2,14.2,2,1,11100000,0,2,0,10
920.0,2,3,3,1,11,3,5,Villa,Furnished,Ready to Move,Yelahanka,0.9,15.4,6,3,5520000,2,0,0,10
2712.875,4,5,2,1,1,2,7,Independent House,Semi-Furnished,Ready to Move,Marathahalli,5.3,12.5,0,1,27120000,1,1,0,7
743.0,2,3,1,1,1,5,5,Apartment,Semi-Furnished,Ready to Move,Marathahalli,1.8,18.3,2,1,5650000,0,1,0,7
1755.0,3,3,2,1,11,7,7,Apartment,Furnished,Ready to Move,Marathahalli,2.0,17.6,2,3,11280000,0,0,0,7
421.0,2,2,1,1,11,6,10,Independent House,Unfurnished,Ready to Move,Koramangala,10.0,1.0,7,3,5850000,1,2,0,6
540.0,1,2,0,1,12,5,7,Villa,Semi-Furnished,Ready to Move,Yelahanka,2.3,20.0,4,0,3070000,2,1,0,10
2456.0,4,4,2,1,2,8,10,Apartment,Unfurnished,Under Construction,Electronic City,4.3,19.6,2,3,13020000,0,2,1,1
1454.0,4,5,1,1,16,4,10,Villa,Unfurnished,Ready to Move,Electronic City,5.0,27.6,3,2,10070000,2,2,0,1
1025.0,2,2,2,1,10,1,7,Apartment,Unfurnished,Under Construction,Jayanagar,7.8,10.7,1,0,8680000,0,2,1,5
1209.0,3,3,1,1,14,4,5,Apartment,Semi-Furnished,Under Construction,Whitefield,4.6,26.6,3,1,8570000,0,1,1,9
1296.0,3,4,1,1,9,4,7,Independent House,Semi-Furnished,Ready to Move,Koramangala,7.9,4.9,3,2,20140000,1,1,0,6
2378.0,4,4,2,1,6,5,5,Independent House,Unfurnished,Ready to Move,Sarjapur Road,4.5,17.2,0,1,18570000,1,2,0,8
987.0,2,2,1,1,0,10,15,Apartment,Unfurnished,Under Construction,Whitefield,4.0,19.1,3,5,5960000,0,2,1,9
830.0,3,4,3,1,9,10,15,Independent House,Unfurnished,Ready to Move,Marathahalli,5.0,15.1,1,2,5450000,1,2,0,7
1126.0,3,4,0,1,9,5,15,Apartment,Unfurnished,Under Construction,HSR Layout,5.9,7.0,3,1,8770000,0,2,1,2
1135.0,2,2,1,1,2,4,10,Independent House,Unfurnished,Ready to Move,Electronic City,3.1,14.8,2,2,7310000,1,2,0,1
2179.0,4,4,3,1,10,3,7,Apartment,Unfurnished,Ready to Move,HSR Layout,9.2,8.8,2,2,21410000,0,2,0,2
1282.0,2,3,3,1,6,14,15,Independent House,Furnished,Under Construction,Electronic City,2.6,22.1,2,0,8700000,1,0,1,1
1269.0,2,3,1,1,6,9,10,Independent House,Semi-Furnished,Ready to Move,Sarjapur Road,3.7,19.7,3,3,9770000,1,1,0,8
1304.0,3,4,0,1,3,3,3,Apartment,Furnished,Ready to Move,HSR Layout,7.0,11.2,2,2,16920000,0,0,0,2
2100.0,3,4,2,1,0,4,20,Independent House,Furnished,Ready to Move,Jayanagar,7.4,6.4,4,0,38220000,1,0,0,5
954.0,2,2,0,1,1,1,3,Independent House,Semi-Furnished,Ready to Move,Indiranagar,9.1,8.5,4,3,16050000,1,1,0,4
767.0,2,3,1,1,11,1,10,Independent House,Semi-Furnished,Ready to Move,Marathahalli,2.1,11.4,5,4,5140000,1,1,0,7
1746.0,4,5,2,1,2,5,10,Apartment,Semi-Furnished,Ready to Move,Yelahanka,3.2,14.0,5,5,10260000,0,1,0,10
521.0,2,2,2,1,0,1,15,Independent House,Semi-Furnished,Under Construction,Sarjapur Road,4.0,24.3,2,1,3680000,1,1,1,8
1849.0,3,3,1,1,24,9,20,Independent House,Furnished,Ready to Move,HSR Layout,8.0,1.0,4,3,18800000,1,0,0,2
1846.0,3,3,1,1,1,12,20,Apartment,Unfurnished,Under Construction,Whitefield,5.4,23.4,3,3,11130000,0,2,1,9
757.0,2,3,3,1,8,7,10,Independent House,Unfurnished,Ready to Move,HSR Layout,8.1,11.7,3,0,8560000,1,2,0,2
1908.0,4,4,2,1,20,10,10,Apartment,Unfurnished,Ready to Move,Marathahalli,2.5,14.0,4,1,11530000,0,2,0,7
1426.0,3,3,2,1,7,1,3,Apartment,Furnished,Under Construction,Whitefield,2.8,22.7,3,2,10060000,0,0,1,9
1131.0,3,3,1,1,12,5,10,Apartment,Semi-Furnished,Ready to Move,Jayanagar,7.2,8.2,3,2,11620000,0,1,0,5
908.0,3,3,1,1,24,14,20,Apartment,Furnished,Ready to Move,Marathahalli,5.7,9.6,2,3,5870000,0,0,0,7
1341.0,3,3,1,1,15,3,10,Villa,Semi-Furnished,Ready to Move,Electronic City,3.0,19.1,0,2,10330000,2,1,0,1
1310.0,3,4,1,1,6,2,3,Apartment,Semi-Furnished,Ready to Move,Sarjapur Road,2.6,16.6,3,1,7660000,0,1,0,8
1844.0,4,4,1,1,3,4,5,Independent House,Semi-Furnished,Ready to Move,Whitefield,1.9,13.6,3,1,17760000,1,1,0,9
992.0,2,3,1,1,5,3,7,Apartment,Semi-Furnished,Ready to Move,Whitefield,4.9,20.0,1,1,8280000,0,1,0,9
1221.0,2,3,2,1,14,1,5,Apartment,Furnished,Ready to Move,Sarjapur Road,3.5,19.9,2,0,7680000,0,0,0,8
892.0,2,3,2,1,15,5,7,Apartment,Semi-Furnished,Ready to Move,Jayanagar,6.0,9.5,5,0,10160000,0,1,0,5
568.0,1,2,1,1,14,4,7,Apartment,Semi-Furnished,Ready to Move,Sarjapur Road,5.0,18.2,1,2,2360000,0,1,0,8
629.0,1,1,2,1,7,4,7,Independent House,Unfurnished,Under Construction,Indiranagar,8.5,2.8,5,1,7570000,1,2,1,4
2221.0,4,4,2,1,5,1,3,Villa,Semi-Furnished,Ready to Move,HSR Layout,6.3,10.7,1,3,37240000,2,1,0,2
1227.0,3,3,0,1,2,12,20,Independent House,Semi-Furnished,Ready to Move,Hebbal,6.3,11.8,1,3,11380000,1,1,0,3
1426.0,3,4,0,1,0,8,10,Apartment,Furnished,Ready to Move,Hebbal,8.3,14.4,5,3,16820000,0,0,0,3
1553.0,3,3,2,1,11,1,10,Apartment,Furnished,Ready to Move,Sarjapur Road,3.0,17.9,3,0,11170000,0,0,0,8
1548.0,4,4,1,1,2,2,10,Apartment,Semi-Furnished,Under Construction,HSR Layout,5.0,12.7,1,5,17890000,0,1,1,2
1753.0,3,4,0,1,3,3,7,Apartment,Unfurnished,Ready to Move,Marathahalli,2.5,13.2,6,4,9770000,0,2,0,7
2572.0,4,5,0,1,14,6,15,Apartment,Furnished,Ready to Move,Electronic City,4.0,25.9,0,1,16990000,0,0,0,1
812.0,2,3,1,1,0,13,20,Villa,Unfurnished,Ready to Move,Whitefield,2.7,20.5,3,0,6970000,2,2,0,9
2077.0,4,5,3,1,21,2,3,Apartment,Semi-Furnished,Ready to Move,Yelahanka,2.4,14.2,3,3,10630000,0,1,0,10
1579.0,3,3,2,1,0,2,3,Independent House,Unfurnished,Under Construction,Koramangala,7.6,3.0,5,2,20760000,1,2,1,6
846.0,2,3,1,1,22,1,10,Apartment,Semi-Furnished,Under Construction,Banashankari,7.0,10.2,3,4,4800000,0,1,1,0
1534.0,3,3,3,1,4,5,5,Apartment,Semi-Furnished,Ready to Move,Indiranagar,10.0,1.2,2,2,27440000,0,1,0,4
1445.0,3,4,2,1,0,6,20,Villa,Semi-Furnished,Ready to Move,Koramangala,5.7,3.6,6,3,27830000,2,1,0,6
671.0,2,2,2,1,8,10,10,Apartment,Furnished,Ready to Move,Jayanagar,9.0,9.2,3,2,9700000,0,0,0,5
1528.0,3,3,1,1,18,3,7,Independent House,Semi-Furnished,Under Construction,Yelahanka,1.2,17.6,1,1,7360000,1,1,1,10
740.0,2,3,2,1,4,6,7,Villa,Semi-Furnished,Ready to Move,Sarjapur Road,3.9,14.5,2,2,6530000,2,1,0,8
653.0,1,1,0,1,9,9,10,Apartment,Semi-Furnished,Ready to Move,Hebbal,3.7,12.9,3,0,5000000,0,1,0,3
1731.0,4,5,1,1,24,2,5,Independent House,Unfurnished,Ready to Move,Marathahalli,3.4,10.0,4,2,9670000,1,2,0,7
1354.0,3,4,0,1,2,7,20,Apartment,Semi-Furnished,Ready to Move,Sarjapur Road,2.2,18.6,2,1,8330000,0,1,0,8
2548.0,4,5,1,1,13,3,3,Apartment,Semi-Furnished,Ready to Move,Hebbal,7.5,16.1,3,2,19540000,0,1,0,3
1538.0,3,3,0,1,2,7,25,Villa,Semi-Furnished,Under Construction,HSR Layout,6.1,10.2,1,2,20730000,2,1,1,2
744.0,2,2,1,1,4,3,5,Apartment,Semi-Furnished,Ready to Move,Indiranagar,9.0,1.6,3,1,11020000,0,1,0,4
1115.0,3,4,2,1,2,11,15,Independent House,Semi-Furnished,Under Construction,HSR Layout,4.7,9.4,1,2,12870000,1,1,1,2
1232.0,3,4,1,1,4,2,3,Independent House,Semi-Furnished,Ready to Move,Banashankari,2.5,8.6,0,1,10020000,1,1,0,0
2712.875,4,5,2,1,0,5,7,Independent House,Semi-Furnished,Ready to Move,Yelahanka,2.3,19.3,2,1,21010000,1,1,0,10
1018.0,2,2,2,1,2,10,10,Apartment,Semi-Furnished,Ready to Move,Whitefield,5.1,23.2,2,4,7340000,0,1,0,9
1662.0,4,4,1,1,4,1,3,Apartment,Furnished,Ready to Move,Sarjapur Road,3.5,14.7,2,3,13650000,0,0,0,8
1533.0,4,5,1,1,8,6,7,Independent House,Semi-Furnished,Ready to Move,Yelahanka,4.8,15.0,7,1,9710000,1,1,0,10
1478.0,3,3,3,1,8,3,7,Apartment,Unfurnished,Under Construction,Koramangala,8.2,5.2,2,2,16060000,0,2,1,6
1927.0,4,4,0,1,7,2,10,Apartment,Semi-Furnished,Ready to Move,Jayanagar,6.7,4.2,0,2,24350000,0,1,0,5
1359.0,2,3,2,1,2,5,10,Apartment,Semi-Furnished,Ready to Move,Yelahanka,3.8,17.5,4,2,6950000,0,1,0,10
2712.875,4,5,2,1,23,13,15,Apartment,Unfurnished,Ready to Move,Whitefield,4.5,16.0,4,1,19100000,0,2,0,9
1907.0,3,4,1,1,3,1,5,Apartment,Semi-Furnished,Ready to Move,Sarjapur Road,5.1,18.8,2,2,13370000,0,1,0,8
421.0,1,1,1,1,1,2,3,Independent House,Semi-Furnished,Ready to Move,HSR Layout,7.2,13.1,4,2,4980000,1,1,0,2
1370.0,4,4,1,1,6,2,7,Independent House,Semi-Furnished,Ready to Move,Yelahanka,4.4,16.2,3,3,8540000,1,1,0,10
1086.0,3,3,2,1,11,10,20,Apartment,Furnished,Ready to Move,Banashankari,5.7,8.5,4,1,10930000,0,0,0,0
1732.0,3,3,2,1,0,11,20,Apartment,Furnished,Ready to Move,Yelahanka,5.0,18.5,3,1,11210000,0,0,0,10
1891.0,3,3,3,1,2,9,10,Apartment,Unfurnished,Under Construction,Indiranagar,9.9,3.7,2,2,23550000,0,2,1,4
801.0,2,2,1,1,13,4,20,Independent House,Semi-Furnished,Ready to Move,Hebbal,7.6,13.9,5,0,7920000,1,1,0,3
1271.0,3,3,1,1,5,1,15,Apartment,Semi-Furnished,Ready to Move,Hebbal,4.2,11.9,3,1,11500000,0,1,0,3
1532.0,4,5,0,1,4,3,7,Villa,Semi-Furnished,Ready to Move,Electronic City,4.6,19.3,6,3,12700000,2,1,0,1
350.0,1,1,3,1,21,2,5,Apartment,Unfurnished,Ready to Move,Hebbal,2.9,14.7,1,2,2020000,0,2,0,3
1086.0,2,3,1,1,0,5,7,Villa,Unfurnished,Ready to Move,Whitefield,5.8,24.2,4,1,10050000,2,2,0,9
574.0,1,2,1,1,7,2,5,Apartment,Unfurnished,Under Construction,Marathahalli,4.1,17.5,1,1,2880000,0,2,1,7
951.0,2,2,3,1,3,9,10,Independent House,Furnished,Ready to Move,HSR Layout,7.7,12.7,3,1,13820000,1,0,0,2
1007.0,3,3,1,1,0,7,10,Apartment,Unfurnished,Ready to Move,Koramangala,10.0,5.5,3,3,14520000,0,2,0,6
1859.0,3,3,2,1,1,10,10,Villa,Unfurnished,Under Construction,Whitefield,5.5,21.1,2,1,15030000,2,2,1,9
1798.0,4,4,1,1,7,2,5,Apartment,Unfurnished,Under Construction,Sarjapur Road,3.0,17.7,4,2,10560000,0,2,1,8
1549.0,3,3,1,1,0,12,15,Villa,Semi-Furnished,Ready to Move,Electronic City,1.7,20.0,4,1,12510000,2,1,0,1
673.0,2,2,3,1,7,7,7,Independent House,Unfurnished,Ready to Move,Sarjapur Road,4.5,11.8,3,5,4810000,1,2,0,8
1923.0,4,5,2,1,24,6,10,Apartment,Unfurnished,Under Construction,Whitefield,3.9,15.3,2,2,9890000,0,2,1,9
1481.0,3,3,1,1,12,14,25,Independent House,Semi-Furnished,Ready to Move,Electronic City,4.3,22.0,5,3,10480000,1,1,0,1
1491.0,3,3,0,1,3,3,7,Apartment,Semi-Furnished,Ready to Move,Jayanagar,5.9,2.2,3,1,17860000,0,1,0,5
1443.0,3,3,1,1,1,4,7,Apartment,Semi-Furnished,Ready to Move,Hebbal,3.6,13.2,4,2,14020000,0,1,0,3
2197.0,4,5,2,1,5,7,10,Apartment,Furnished,Ready to Move,Electronic City,3.0,27.2,3,1,16950000,0,0,0,1
1083.0,3,3,0,1,3,8,20,Apartment,Unfurnished,Ready to Move,Marathahalli,4.8,4.3,3,2,7090000,0,2,0,7
987.0,2,3,2,1,24,4,5,Villa,Unfurnished,Ready to Move,Yelahanka,3.2,13.1,4,3,4500000,2,2,0,10
1431.0,3,3,1,1,24,14,15,Independent House,Unfurnished,Ready to Move,Marathahalli,2.8,20.6,2,0,7570000,1,2,0,7
575.0,1,2,2,1,4,7,20,Apartment,Furnished,Ready to Move,HSR Layout,9.0,12.5,2,2,6610000,0,0,0,2
963.0,2,2,0,1,1,3,7,Apartment,Unfurnished,Ready to Move,Whitefield,4.1,19.7,0,2,5060000,0,2,0,9
708.0,2,3,2,1,19,4,7,Independent House,Furnished,Ready to Move,Yelahanka,0.0,14.4,2,1,4330000,1,0,0,10
699.0,2,3,1,1,12,9,10,Independent House,Furnished,Ready to Move,Whitefield,5.7,21.8,2,1,6520000,1,0,0,9
306.0,1,1,1,1,5,4,5,Apartment,Semi-Furnished,Under Construction,Yelahanka,3.0,18.9,5,3,1360000,0,1,1,10
1105.0,2,2,3,1,3,3,7,Independent House,Semi-Furnished,Under Construction,Jayanagar,6.4,2.2,4,2,12130000,1,1,1,5
1631.0,3,3,1,1,4,14,20,Apartment,Semi-Furnished,Ready to Move,Yelahanka,2.7,20.5,6,0,8580000,0,1,0,10
2337.0,4,5,1,1,18,3,10,Apartment,Semi-Furnished,Ready to Move,Hebbal,4.7,13.2,3,2,18990000,0,1,0,3
2712.875,4,6,1,1,1,2,3,Independent House,Semi-Furnished,Ready to Move,Banashankari,7.2,10.8,5,1,31890000,1,1,0,0
544.0,2,2,1,1,13,4,7,Apartment,Semi-Furnished,Ready to Move,Electronic City,4.0,25.1,2,4,3140000,0,1,0,1
1112.0,3,3,2,1,0,2,10,Apartment,Unfurnished,Under Construction,Sarjapur Road,4.1,18.9,5,2,6190000,0,2,1,8
2068.0,4,4,0,1,20,3,10,Apartment,Semi-Furnished,Under Construction,Electronic City,2.9,23.3,1,2,9550000,0,1,1,1
975.0,2,3,2,1,5,8,10,Independent House,Semi-Furnished,Ready to Move,Indiranagar,10.0,6.6,5,1,19370000,1,1,0,4
1337.0,3,4,2,1,2,2,15,Independent House,Semi-Furnished,Under Construction,Marathahalli,5.3,12.9,3,2,10730000,1,1,1,7
1503.0,3,3,2,1,0,1,10,Apartment,Furnished,Ready to Move,Yelahanka,4.5,17.9,3,1,10400000,0,0,0,10
551.0,1,1,0,1,6,14,25,Apartment,Unfurnished,Under Construction,Banashankari,5.1,7.2,5,0,3630000,0,2,1,0
2048.0,4,4,1,1,2,6,20,Apartment,Furnished,Under Construction,Sarjapur Road,5.2,18.0,2,0,15110000,0,0,1,8
1744.0,4,4,2,1,7,2,3,Apartment,Semi-Furnished,Ready to Move,Electronic City,3.9,26.7,2,1,11380000,0,1,0,1
658.0,1,1,0,1,2,2,7,Apartment,Semi-Furnished,Under Construction,Indiranagar,8.1,4.9,2,1,8210000,0,1,1,4
502.0,1,1,2,1,0,4,7,Independent House,Furnished,Ready to Move,Sarjapur Road,4.2,19.2,7,0,3890000,1,0,0,8
403.0,1,1,0,1,5,1,5,Apartment,Furnished,Ready to Move,HSR Layout,9.5,9.5,3,1,4830000,0,0,0,2
803.0,2,3,1,1,6,6,7,Apartment,Semi-Furnished,Under Construction,Whitefield,4.6,18.9,2,4,5090000,0,1,1,9
1302.0,3,4,2,1,4,5,7,Apartment,Semi-Furnished,Ready to Move,Electronic City,5.2,27.8,7,1,8080000,0,1,0,1
1678.0,3,4,2,1,4,1,3,Apartment,Unfurnished,Under Construction,HSR Layout,8.1,5.6,1,1,15740000,0,2,1,2
941.0,2,2,2,1,7,3,5,Independent House,Semi-Furnished,Ready to Move,HSR Layout,7.2,10.2,5,1,12040000,1,1,0,2
1925.0,4,5,2,1,5,3,3,Apartment,Furnished,Ready to Move,HSR Layout,8.8,6.4,4,0,31440000,0,0,0,2
712.0,2,3,2,1,1,1,3,Apartment,Unfurnished,Ready to Move,Whitefield,1.1,23.8,2,1,5120000,0,2,0,9
636.0,1,1,1,1,1,1,10,Apartment,Unfurnished,Ready to Move,Whitefield,1.6,19.8,2,0,4190000,0,2,0,9
826.0,2,2,3,1,1,1,7,Apartment,Semi-Furnished,Ready to Move,Banashankari,7.3,6.6,3,4,6270000,0,1,0,0
1371.0,3,4,2,1,9,3,20,Apartment,Semi-Furnished,Ready to Move,Indiranagar,7.7,1.0,0,0,21230000,0,1,0,4
1231.0,2,3,2,1,6,3,5,Apartment,Semi-Furnished,Under Construction,Electronic City,3.5,26.7,2,1,6320000,0,1,1,1
1046.0,2,2,1,1,4,14,20,Apartment,Semi-Furnished,Ready to Move,Marathahalli,6.6,10.0,1,1,7510000,0,1,0,7
640.0,2,2,3,1,12,2,3,Apartment,Semi-Furnished,Ready to Move,HSR Layout,6.6,11.5,4,0,5840000,0,1,0,2
1292.0,4,5,1,1,3,9,10,Apartment,Semi-Furnished,Under Construction,Yelahanka,5.5,18.8,2,2,6650000,0,1,1,10
2712.875,4,6,0,1,6,2,5,Apartment,Semi-Furnished,Under Construction,Hebbal,4.4,18.5,5,2,21850000,0,1,1,3
719.0,2,3,1,1,0,4,15,Independent House,Furnished,Ready to Move,Whitefield,5.3,18.3,2,3,7920000,1,0,0,9
1073.0,2,2,0,1,10,3,3,Apartment,Furnished,Ready to Move,Electronic City,3.4,19.4,5,2,6550000,0,0,0,1
1411.0,3,3,1,1,9,4,25,Apartment,Semi-Furnished,Under Construction,Yelahanka,5.2,14.7,2,2,5640000,0,1,1,10
1446.0,3,3,2,1,12,1,3,Apartment,Unfurnished,Ready to Move,Yelahanka,2.6,14.2,3,3,6510000,0,2,0,10
815.0,2,3,2,1,17,3,5,Apartment,Semi-Furnished,Under Construction,Indiranagar,7.2,1.0,2,1,8910000,0,1,1,4
2696.0,4,5,1,1,11,10,10,Independent House,Furnished,Ready to Move,Marathahalli,3.3,18.9,1,0,27900000,1,0,0,7
2195.0,3,3,2,1,14,14,15,Apartment,Semi-Furnished,Under Construction,Koramangala,7.4,2.7,3,2,23830000,0,1,1,6
1321.0,3,3,1,1,3,14,25,Villa,Furnished,Under Construction,Banashankari,3.7,7.5,2,3,13390000,2,0,1,0
1498.0,3,4,1,1,3,2,7,Apartment,Semi-Furnished,Ready to Move,HSR Layout,5.3,11.9,2,4,17320000,0,1,0,2
2712.875,4,6,1,1,23,12,15,Apartment,Furnished,Under Construction,Yelahanka,4.7,20.2,1,5,15470000,0,0,1,10
1327.0,3,4,2,1,19,14,15,Independent House,Unfurnished,Ready to Move,Marathahalli,6.1,10.5,2,0,6730000,1,2,0,7
458.0,1,1,1,1,6,3,10,Apartment,Semi-Furnished,Ready to Move,Marathahalli,4.6,15.1,4,2,3210000,0,1,0,7
743.0,2,3,0,1,3,9,10,Apartment,Semi-Furnished,Ready to Move,Jayanagar,5.7,2.4,4,3,7720000,0,1,0,5
1082.0,3,4,1,1,16,1,3,Apartment,Furnished,Ready to Move,HSR Layout,5.5,11.0,1,2,13640000,0,0,0,2
1026.0,2,2,2,1,3,5,7,Villa,Semi-Furnished,Under Construction,Koramangala,4.9,4.9,2,3,14620000,2,1,1,6
1254.0,3,4,2,1,1,7,15,Apartment,Unfurnished,Ready to Move,HSR Layout,6.9,8.6,3,2,12220000,0,2,0,2
968.0,4,4,1,1,8,1,10,Independent House,Furnished,Ready to Move,Koramangala,7.0,4.7,1,2,19000000,1,0,0,6
1524.0,3,4,0,1,0,10,20,Apartment,Semi-Furnished,Under Construction,Sarjapur Road,5.9,18.8,1,3,10310000,0,1,1,8
2712.875,4,6,2,1,3,5,15,Independent House,Unfurnished,Ready to Move,Electronic City,1.3,21.8,4,5,20860000,1,2,0,1
1205.0,2,2,2,1,13,9,20,Apartment,Semi-Furnished,Ready to Move,Whitefield,3.4,19.4,2,3,7520000,0,1,0,9
2149.0,4,5,1,1,2,4,5,Villa,Semi-Furnished,Ready to Move,Banashankari,4.5,3.9,6,2,22190000,2,1,0,0
985.0,3,3,2,1,21,2,5,Apartment,Semi-Furnished,Ready to Move,Yelahanka,3.7,12.7,1,1,4930000,0,1,0,10
526.0,2,3,3,1,24,1,3,Independent House,Furnished,Ready to Move,Yelahanka,5.7,14.2,3,6,2560000,1,0,0,10
1198.0,3,4,1,1,13,14,25,Apartment,Semi-Furnished,Ready to Move,Banashankari,2.6,5.0,1,2,8530000,0,1,0,0
831.0,2,3,2,1,24,4,5,Apartment,Semi-Furnished,Ready to Move,Koramangala,7.5,2.3,1,1,8910000,0,1,0,6
1664.0,3,4,0,1,6,3,7,Apartment,Unfurnished,Ready to Move,Electronic City,1.2,21.8,3,2,8360000,0,2,0,1
1397.0,3,3,2,1,6,5,7,Apartment,Semi-Furnished,Ready to Move,Sarjapur Road,4.9,18.3,4,1,8310000,0,1,0,8
1165.0,2,2,1,1,14,3,3,Apartment,Unfurnished,Under Construction,Sarjapur Road,2.7,19.7,3,2,4490000,0,2,1,8
1029.0,3,3,1,1,5,5,7,Independent House,Unfurnished,Under Construction,Koramangala,7.8,4.5,1,0,12760000,1,2,1,6
1670.0,3,4,2,1,4,1,3,Independent House,Unfurnished,Ready to Move,Hebbal,4.7,12.4,6,2,15960000,1,2,0,3
1086.0,2,2,2,1,7,7,7,Apartment,Unfurnished,Ready to Move,HSR Layout,6.5,11.6,4,1,10690000,0,2,0,2
327.0,1,2,0,1,8,14,25,Independent House,Unfurnished,Under Construction,HSR Layout,6.1,7.2,2,1,2640000,1,2,1,2
1201.0,2,2,0,1,11,1,10,Apartment,Semi-Furnished,Ready to Move,Jayanagar,5.2,3.5,4,0,13280000,0,1,0,5
1426.0,3,4,1,1,8,14,15,Apartment,Unfurnished,Ready to Move,Marathahalli,4.1,12.9,0,3,9020000,0,2,0,7
2156.0,4,4,2,1,10,9,10,Villa,Unfurnished,Ready to Move,Marathahalli,2.8,11.9,2,2,15330000,2,2,0,7
1654.0,4,5,2,1,8,3,15,Villa,Furnished,Ready to Move,Whitefield,5.6,14.7,2,0,18460000,2,0,0,9
1757.0,3,4,1,1,5,6,20,Independent House,Semi-Furnished,Under Construction,Yelahanka,3.1,17.7,3,2,8130000,1,1,1,10
1067.0,3,4,2,1,1,14,25,Apartment,Semi-Furnished,Under Construction,HSR Layout,4.8,7.0,3,5,12280000,0,1,1,2
1108.0,2,3,2,1,12,2,3,Villa,Unfurnished,Ready to Move,Koramangala,10.0,9.4,6,0,18270000,2,2,0,6
1629.0,3,4,1,1,0,2,20,Apartment,Semi-Furnished,Ready to Move,Yelahanka,5.5,16.5,3,0,8450000,0,1,0,10
764.0,2,3,2,1,24,5,5,Apartment,Semi-Furnished,Ready to Move,Banashankari,8.3,3.5,6,5,3950000,0,1,0,0
1326.0,2,3,1,1,14,3,7,Apartment,Semi-Furnished,Under Construction,Hebbal,4.5,14.0,6,1,8570000,0,1,1,3
1464.0,3,3,2,1,8,4,7,Independent House,Semi-Furnished,Ready to Move,Hebbal,3.7,12.1,3,1,14720000,1,1,0,3
621.0,1,2,1,1,24,6,10,Independent House,Semi-Furnished,Ready to Move,Marathahalli,5.2,14.9,2,2,4200000,1,1,0,7
972.0,3,4,1,1,7,7,10,Independent House,Furnished,Ready to Move,Jayanagar,8.3,4.5,3,2,16190000,1,0,0,5
2712.875,4,4,0,1,0,2,5,Apartment,Furnished,Ready to Move,Whitefield,4.6,17.2,1,1,26770000,0,0,0,9
717.0,2,3,2,1,6,11,15,Apartment,Unfurnished,Under Construction,Electronic City,0.2,17.6,1,4,3030000,0,2,1,1
1144.0,2,3,1,1,2,7,7,Apartment,Semi-Furnished,Under Construction,Electronic City,1.9,18.2,4,1,5940000,0,1,1,1
1602.0,4,5,1,1,3,3,3,Apartment,Unfurnished,Ready to Move,HSR Layout,7.0,5.9,7,2,19400000,0,2,0,2
1226.0,3,4,3,1,4,4,7,Apartment,Semi-Furnished,Ready to Move,Sarjapur Road,2.7,16.9,1,1,6660000,0,1,0,8
1099.0,2,2,3,1,11,7,10,Independent House,Semi-Furnished,Ready to Move,Jayanagar,4.6,5.8,2,4,14060000,1,1,0,5
1145.0,2,2,3,1,5,1,3,Apartment,Semi-Furnished,Under Construction,Whitefield,3.9,15.4,3,2,7050000,0,1,1,9
1044.0,3,3,0,1,5,5,5,Apartment,Semi-Furnished,Ready to Move,HSR Layout,1.5,12.7,4,2,11400000,0,1,0,2
1705.0,3,3,2,1,2,14,25,Apartment,Semi-Furnished,Ready to Move,Sarjapur Road,2.8,18.4,7,0,11830000,0,1,0,8
1148.0,2,3,1,1,6,14,20,Apartment,Semi-Furnished,Ready to Move,Whitefield,3.7,27.3,5,2,8580000,0,1,0,9
771.0,2,2,0,1,2,1,5,Apartment,Unfurnished,Ready to Move,Hebbal,5.5,10.8,3,1,6200000,0,2,0,3
2639.0,4,5,1,1,2,9,10,Independent House,Semi-Furnished,Under Construction,Jayanagar,7.5,12.7,2,2,34320000,1,1,1,5
992.0,3,4,1,1,11,2,7,Villa,Furnished,Ready to Move,Indiranagar,9.2,7.2,4,2,22620000,2,0,0,4
2450.0,4,6,0,1,3,7,10,Independent House,Unfurnished,Ready to Move,Marathahalli,5.3,8.1,4,1,20380000,1,2,0,7
1534.0,3,3,1,1,0,1,10,Apartment,Semi-Furnished,Under Construction,Hebbal,4.7,8.4,3,2,12360000,0,1,1,3
1658.0,4,4,2,1,3,1,3,Apartment,Furnished,Under Construction,Electronic City,1.1,23.0,1,0,10450000,0,0,1,1
1000.0,2,2,1,1,8,3,7,Apartment,Semi-Furnished,Ready to Move,Marathahalli,4.1,8.8,4,2,5930000,0,1,0,7
1467.0,3,3,1,1,13,3,5,Independent House,Semi-Furnished,Ready to Move,Jayanagar,5.4,3.3,3,1,19630000,1,1,0,5
529.0,1,2,1,1,24,7,10,Independent House,Semi-Furnished,Under Construction,HSR Layout,4.3,5.2,2,2,4730000,1,1,1,2
1633.0,3,4,3,1,10,12,20,Apartment,Furnished,Ready to Move,Yelahanka,3.9,22.4,2,3,8100000,0,0,0,10
1336.0,3,3,0,1,4,14,25,Apartment,Furnished,Ready to Move,Hebbal,2.9,15.3,4,2,11450000,0,0,0,3
993.0,2,3,1,1,2,13,20,Apartment,Unfurnished,Ready to Move,Marathahalli,5.0,13.0,4,5,6600000,0,2,0,7
2458.0,4,4,1,1,1,14,25,Villa,Semi-Furnished,Ready to Move,Hebbal,3.1,16.5,4,2,26780000,2,1,0,3
2316.0,4,5,1,1,7,1,3,Independent House,Semi-Furnished,Ready to Move,Hebbal,4.6,15.8,1,0,23860000,1,1,0,3
636.0,1,1,0,1,5,11,15,Apartment,Unfurnished,Ready to Move,Sarjapur Road,2.8,21.9,0,5,3150000,0,2,0,8
1078.0,3,4,1,1,9,5,7,Apartment,Semi-Furnished,Ready to Move,Hebbal,6.7,10.3,0,2,9390000,0,1,0,3
1049.0,2,2,1,1,2,9,20,Apartment,Furnished,Under Construction,Sarjapur Road,4.6,17.1,4,4,6970000,0,0,1,8
783.0,2,2,2,1,3,14,15,Apartment,Furnished,Ready to Move,Sarjapur Road,2.4,14.7,3,1,5940000,0,0,0,8
1487.0,4,4,1,1,2,5,7,Apartment,Furnished,Ready to Move,Marathahalli,3.8,13.7,2,3,12770000,0,0,0,7
936.0,2,2,2,1,12,4,10,Apartment,Unfurnished,Ready to Move,Sarjapur Road,5.7,15.6,2,0,5350000,0,2,0,8
1638.0,4,5,0,1,1,6,7,Villa,Furnished,Ready to Move,Koramangala,10.0,1.0,1,0,41400000,2,0,0,6
1100.0,2,2,3,1,7,6,7,Villa,Semi-Furnished,Under Construction,Yelahanka,0.9,19.4,2,2,6240000,2,1,1,10
1628.0,3,4,2,1,0,14,25,Apartment,Unfurnished,Under Construction,Yelahanka,5.0,18.0,2,2,7450000,0,2,1,10
867.0,3,4,2,1,6,8,20,Independent House,Semi-Furnished,Ready to Move,Whitefield,6.2,17.4,0,2,7610000,1,1,0,9
792.0,2,3,1,1,0,1,5,Apartment,Furnished,Ready to Move,Hebbal,5.3,14.8,3,3,7540000,0,0,0,3
672.0,2,3,1,1,1,1,7,Apartment,Semi-Furnished,Under Construction,Koramangala,7.9,4.9,5,1,8590000,0,1,1,6
1814.0,4,4,1,1,0,2,5,Apartment,Furnished,Ready to Move,Electronic City,2.5,21.1,1,2,11700000,0,0,0,1
1527.0,3,3,2,1,3,14,25,Apartment,Semi-Furnished,Under Construction,Sarjapur Road,1.8,22.8,3,2,7700000,0,1,1,8
903.0,2,3,3,1,3,3,20,Apartment,Semi-Furnished,Under Construction,Koramangala,8.5,4.9,2,2,11370000,0,1,1,6
1234.0,3,4,1,1,14,7,10,Apartment,Unfurnished,Ready to Move,Hebbal,4.7,17.3,6,1,10030000,0,2,0,3
693.0,1,2,1,1,2,5,10,Apartment,Unfurnished,Ready to Move,Hebbal,5.7,13.7,2,3,5310000,0,2,0,3
512.0,2,3,0,1,0,6,15,Independent House,Semi-Furnished,Under Construction,Jayanagar,7.4,8.0,5,0,6070000,1,1,1,5
1746.0,3,3,3,1,7,5,5,Apartment,Semi-Furnished,Under Construction,Whitefield,8.1,16.8,2,3,12050000,0,1,1,9
490.0,1,2,1,1,9,8,20,Apartment,Semi-Furnished,Under Construction,HSR Layout,8.1,8.3,3,0,3700000,0,1,1,2
1968.0,4,5,1,1,2,4,10,Apartment,Semi-Furnished,Ready to Move,Marathahalli,4.8,18.4,2,2,15590000,0,1,0,7
1252.0,3,3,1,1,7,2,3,Villa,Furnished,Under Construction,Banashankari,1.5,11.5,1,2,12480000,2,0,1,0
2617.0,4,5,2,1,11,6,7,Apartment,Semi-Furnished,Under Construction,Marathahalli,4.6,12.9,5,2,14700000,0,1,1,7
1055.0,3,3,2,1,3,4,10,Independent House,Semi-Furnished,Under Construction,HSR Layout,8.7,5.9,5,1,13710000,1,1,1,2
2004.0,4,4,1,1,5,3,7,Apartment,Semi-Furnished,Ready to Move,Marathahalli,3.4,19.0,4,1,14630000,0,1,0,7
1547.0,3,4,1,1,1,6,10,Apartment,Unfurnished,Ready to Move,Jayanagar,10.0,9.2,2,4,15950000,0,2,0,5
948.0,3,4,0,1,0,4,20,Apartment,Furnished,Ready to Move,Sarjapur Road,4.5,14.6,2,0,6750000,0,0,0,8
2284.0,4,6,1,1,24,6,15,Apartment,Semi-Furnished,Ready to Move,Whitefield,4.8,16.6,4,5,15000000,0,1,0,9
1358.0,3,4,1,1,2,4,10,Apartment,Unfurnished,Ready to Move,Sarjapur Road,2.2,23.5,2,3,7030000,0,2,0,8
452.0,1,1,2,1,2,2,10,Apartment,Furnished,Ready to Move,Jayanagar,8.9,4.5,2,1,6370000,0,0,0,5
1171.0,3,4,2,1,24,2,7,Apartment,Furnished,Ready to Move,Banashankari,3.4,6.5,2,1,6960000,0,0,0,0
1860.0,4,4,2,1,10,3,10,Apartment,Furnished,Ready to Move,Electronic City,2.5,20.0,3,0,11910000,0,0,0,1
1581.0,3,3,2,1,7,3,7,Apartment,Semi-Furnished,Under Construction,Marathahalli,1.2,15.1,2,3,8930000,0,1,1,7
1304.0,3,3,1,1,9,8,20,Independent House,Furnished,Ready to Move,Yelahanka,4.3,11.8,2,1,8920000,1,0,0,10
1701.0,3,4,2,1,9,14,20,Apartment,Unfurnished,Ready to Move,Whitefield,5.2,20.7,4,2,12190000,0,2,0,9
2241.0,4,5,0,1,11,3,5,Independent House,Semi-Furnished,Under Construction,Yelahanka,3.0,11.8,1,4,12730000,1,1,1,10
412.0,1,2,2,1,0,10,15,Independent House,Unfurnished,Ready to Move,Sarjapur Road,4.8,13.8,2,2,2480000,1,2,0,8
1939.0,3,4,0,1,4,6,15,Apartment,Semi-Furnished,Under Construction,Whitefield,5.3,15.9,3,2,12660000,0,1,1,9
824.0,2,2,2,1,2,14,25,Apartment,Furnished,Ready to Move,Electronic City,2.8,18.0,3,1,5160000,0,0,0,1
1032.0,3,4,1,1,0,1,10,Apartment,Furnished,Ready to Move,Sarjapur Road,2.5,20.2,3,1,7970000,0,0,0,8
912.0,3,3,1,1,4,13,15,Villa,Furnished,Ready to Move,Whitefield,1.8,22.2,4,3,9430000,2,0,0,9
1154.0,2,2,2,1,7,4,10,Villa,Semi-Furnished,Under Construction,Marathahalli,3.7,13.5,2,2,10360000,2,1,1,7
885.0,2,3,0,1,1,3,3,Independent House,Furnished,Under Construction,Electronic City,1.4,20.1,6,1,6020000,1,0,1,1
1328.0,3,3,1,1,2,2,3,Independent House,Semi-Furnished,Under Construction,Marathahalli,4.2,18.1,2,3,10110000,1,1,1,7
919.0,2,3,2,1,8,1,5,Villa,Unfurnished,Ready to Move,Whitefield,4.1,22.1,5,1,7810000,2,2,0,9
1142.0,2,3,2,1,6,5,7,Apartment,Semi-Furnished,Under Construction,Yelahanka,2.4,12.5,3,4,4510000,0,1,1,10
1928.0,4,4,1,1,16,5,7,Apartment,Semi-Furnished,Under Construction,Banashankari,6.2,9.1,2,1,14750000,0,1,1,0
1395.0,2,3,1,1,12,5,15,Independent House,Unfurnished,Ready to Move,Banashankari,3.2,8.9,3,1,9350000,1,2,0,0
1437.0,3,3,1,1,24,11,15,Apartment,Furnished,Ready to Move,Sarjapur Road,0.9,20.2,3,2,9680000,0,0,0,8
2424.0,4,4,2,1,7,14,25,Apartment,Semi-Furnished,Under Construction,Koramangala,7.7,12.2,5,3,34440000,0,1,1,6
1102.0,2,2,1,1,9,4,7,Villa,Furnished,Ready to Move,Sarjapur Road,2.6,15.5,2,3,9900000,2,0,0,8
943.0,2,2,2,1,15,14,20,Apartment,Semi-Furnished,Ready to Move,Whitefield,4.5,21.7,2,4,6940000,0,1,0,9
1235.0,3,3,1,1,14,3,10,Independent House,Unfurnished,Ready to Move,Whitefield,3.0,24.5,3,0,8970000,1,2,0,9
1492.0,3,4,0,1,10,10,10,Villa,Unfurnished,Ready to Move,Electronic City,4.0,27.2,4,4,10240000,2,2,0,1
2204.0,4,4,1,1,5,3,10,Apartment,Furnished,Ready to Move,Indiranagar,7.2,5.5,3,2,41070000,0,0,0,4
1770.0,4,5,1,1,2,4,15,Independent House,Unfurnished,Ready to Move,Sarjapur Road,2.2,14.1,1,4,12370000,1,2,0,8
1446.0,3,3,2,1,16,2,5,Apartment,Semi-Furnished,Ready to Move,Sarjapur Road,4.6,12.6,3,2,7770000,0,1,0,8
1184.0,2,2,1,1,11,8,15,Apartment,Unfurnished,Under Construction,Indiranagar,8.6,7.5,4,3,13140000,0,2,1,4
777.0,1,1,3,1,14,14,15,Apartment,Semi-Furnished,Under Construction,HSR Layout,4.6,11.0,1,2,7420000,0,1,1,2
1112.0,2,3,1,1,1,14,25,Apartment,Unfurnished,Under Construction,Banashankari,3.2,8.4,5,2,7400000,0,2,1,0
1303.0,2,2,1,1,3,13,20,Apartment,Unfurnished,Ready to Move,Indiranagar,8.1,5.8,3,4,16270000,0,2,0,4
1223.0,3,3,0,1,4,8,10,Apartment,Semi-Furnished,Under Construction,Indiranagar,7.0,7.9,2,1,18760000,0,1,1,4
1596.0,3,3,2,1,14,10,15,Apartment,Semi-Furnished,Ready to Move,Koramangala,7.6,5.6,1,0,20060000,0,1,0,6
697.0,1,2,2,1,17,14,20,Apartment,Semi-Furnished,Ready to Move,Hebbal,4.6,13.2,4,2,5520000,0,1,0,3
1641.0,4,4,1,1,2,14,25,Independent House,Furnished,Ready to Move,Sarjapur Road,2.3,16.2,3,0,14830000,1,0,0,8
857.0,2,3,3,1,9,5,15,Independent House,Semi-Furnished,Ready to Move,HSR Layout,7.3,13.1,3,4,11040000,1,1,0,2
1280.0,2,2,1,1,0,14,15,Apartment,Semi-Furnished,Ready to Move,Whitefield,2.8,18.3,2,0,10600000,0,1,0,9
1126.0,3,4,2,1,4,2,5,Apartment,Semi-Furnished,Under Construction,Sarjapur Road,5.5,20.9,4,3,7180000,0,1,1,8
695.0,2,2,2,1,5,6,15,Apartment,Furnished,Under Construction,Marathahalli,3.7,12.8,5,1,4640000,0,0,1,7
1240.0,2,2,2,1,11,6,7,Apartment,Semi-Furnished,Ready to Move,HSR Layout,5.3,11.8,0,3,11230000,0,1,0,2
681.0,1,1,3,1,17,6,10,Independent House,Semi-Furnished,Ready to Move,Banashankari,5.5,13.3,4,5,5850000,1,1,0,0
1032.0,2,3,2,1,3,7,7,Villa,Furnished,Ready to Move,Koramangala,8.1,6.0,3,3,19600000,2,0,0,6
1387.0,3,3,3,1,6,1,7,Apartment,Furnished,Ready to Move,Indiranagar,9.8,9.2,7,3,23230000,0,0,0,4
1824.0,4,5,1,1,8,2,7,Apartment,Semi-Furnished,Under Construction,Yelahanka,0.0,14.9,7,1,8080000,0,1,1,10
1003.0,2,2,1,1,3,14,20,Apartment,Furnished,Ready to Move,Electronic City,4.1,22.3,4,2,6590000,0,0,0,1
1250.0,2,2,2,1,24,11,15,Villa,Unfurnished,Under Construction,Marathahalli,3.2,12.9,4,1,6190000,2,2,1,7
1466.0,3,3,2,1,16,3,10,Apartment,Furnished,Ready to Move,Electronic City,3.4,17.0,1,2,8240000,0,0,0,1
2712.875,4,4,1,1,2,7,10,Independent House,Unfurnished,Ready to Move,HSR Layout,6.2,13.2,4,1,41200000,1,2,0,2
779.0,2,3,0,1,5,6,25,Independent House,Semi-Furnished,Ready to Move,Banashankari,6.7,9.7,7,2,7160000,1,1,0,0
946.0,2,3,2,1,2,1,7,Apartment,Furnished,Ready to Move,Electronic City,0.5,23.5,6,2,5870000,0,0,0,1
1295.0,3,4,3,1,5,9,10,Apartment,Unfurnished,Under Construction,Yelahanka,5.4,19.7,5,2,5880000,0,2,1,10
1096.0,3,4,1,1,9,9,10,Independent House,Unfurnished,Ready to Move,HSR Layout,7.4,6.6,4,1,12490000,1,2,0,2
920.0,2,2,1,1,0,4,20,Apartment,Semi-Furnished,Ready to Move,HSR Layout,6.6,5.9,5,3,9650000,0,1,0,2
1516.0,3,4,0,1,16,7,7,Apartment,Semi-Furnished,Under Construction,Whitefield,2.2,23.7,5,1,8970000,0,1,1,9
1049.0,2,2,1,1,7,3,25,Apartment,Unfurnished,Ready to Move,Marathahalli,1.5,13.8,2,2,4810000,0,2,0,7
2007.0,3,4,2,1,24,7,7,Independent House,Semi-Furnished,Under Construction,Electronic City,2.5,22.6,5,1,8570000,1,1,1,1
1530.0,3,3,3,1,0,4,5,Villa,Semi-Furnished,Ready to Move,Hebbal,6.0,7.6,4,2,18620000,2,1,0,3
2460.0,4,5,0,1,14,3,5,Villa,Unfurnished,Ready to Move,Indiranagar,8.7,9.4,4,1,40640000,2,2,0,4
1418.0,3,4,2,1,12,7,7,Independent House,Semi-Furnished,Ready to Move,Banashankari,5.5,10.0,2,1,15270000,1,1,0,0
1268.0,2,3,2,1,1,3,10,Independent House,Unfurnished,Ready to Move,Koramangala,4.8,2.3,7,3,17120000,1,2,0,6
1405.0,2,2,1,1,3,1,10,Independent House,Semi-Furnished,Ready to Move,Hebbal,5.1,18.3,3,0,15180000,1,1,0,3
2212.0,4,4,2,1,17,6,7,Apartment,Semi-Furnished,Ready to Move,Sarjapur Road,5.3,13.9,3,1,14870000,0,1,0,8
761.0,2,2,2,1,5,5,10,Apartment,Furnished,Ready to Move,Sarjapur Road,5.8,17.0,3,4,5240000,0,0,0,8
845.0,2,3,2,1,4,8,15,Villa,Semi-Furnished,Ready to Move,Hebbal,3.1,15.0,4,2,9610000,2,1,0,3
1003.0,2,3,1,1,18,11,15,Independent House,Unfurnished,Ready to Move,Sarjapur Road,3.1,21.5,3,0,5370000,1,2,0,8
1527.0,3,3,2,1,0,8,15,Villa,Semi-Furnished,Under Construction,Marathahalli,3.5,9.5,6,3,11950000,2,1,1,7
1595.0,3,3,1,1,5,3,25,Apartment,Furnished,Ready to Move,Koramangala,7.1,3.1,2,3,25920000,0,0,0,6
1037.0,2,2,1,1,8,3,10,Independent House,Semi-Furnished,Ready to Move,Whitefield,5.7,22.2,1,2,9450000,1,1,0,9
951.0,2,3,1,1,7,2,3,Villa,Semi-Furnished,Under Construction,Yelahanka,7.3,20.4,1,1,5670000,2,1,1,10
1745.0,4,4,1,1,2,7,7,Apartment,Furnished,Ready to Move,Marathahalli,2.3,18.2,3,2,15030000,0,0,0,7
1512.0,3,4,0,1,6,3,7,Apartment,Semi-Furnished,Under Construction,Hebbal,5.6,14.1,3,0,9990000,0,1,1,3
1919.0,3,3,1,1,9,9,10,Apartment,Furnished,Ready to Move,Indiranagar,9.1,5.3,3,1,36550000,0,0,0,4
2407.0,4,4,2,1,7,8,20,Apartment,Semi-Furnished,Ready to Move,Whitefield,4.8,19.5,2,2,17120000,0,1,0,9
2213.0,4,5,2,1,9,8,15,Apartment,Unfurnished,Ready to Move,Koramangala,10.0,5.5,3,1,28010000,0,2,0,6
1145.0,2,2,0,1,2,1,5,Apartment,Unfurnished,Under Construction,Sarjapur Road,4.2,22.3,3,1,5540000,0,2,1,8
2592.0,4,5,1,1,14,8,10,Apartment,Semi-Furnished,Ready to Move,Indiranagar,5.5,4.4,2,0,47570000,0,1,0,4
494.0,1,1,2,1,4,4,10,Villa,Semi-Furnished,Under Construction,HSR Layout,4.2,9.2,4,2,6150000,2,1,1,2
807.0,2,2,1,1,24,7,25,Villa,Semi-Furnished,Ready to Move,Jayanagar,5.1,9.4,4,6,7860000,2,1,0,5
1949.0,4,5,1,1,0,2,3,Independent House,Unfurnished,Ready to Move,Whitefield,3.2,23.2,3,4,20380000,1,2,0,9
869.0,2,2,2,1,3,6,10,Apartment,Furnished,Under Construction,Marathahalli,3.8,12.5,2,0,5290000,0,0,1,7
1179.0,2,3,0,1,1,14,25,Apartment,Furnished,Ready to Move,HSR Layout,6.0,6.0,4,2,16460000,0,0,0,2
859.0,2,2,1,1,6,12,25,Independent House,Semi-Furnished,Under Construction,Hebbal,2.3,6.9,4,2,7940000,1,1,1,3
1175.0,3,4,0,1,2,5,7,Apartment,Semi-Furnished,Ready to Move,Electronic City,0.9,22.4,3,2,6960000,0,1,0,1
1319.0,2,3,0,1,10,2,3,Independent House,Unfurnished,Ready to Move,Indiranagar,5.5,1.7,2,0,17460000,1,2,0,4
1273.0,3,4,3,1,17,9,10,Independent House,Semi-Furnished,Ready to Move,Whitefield,2.0,22.7,3,1,10050000,1,1,0,9
2061.0,4,5,1,1,1,14,20,Apartment,Semi-Furnished,Under Construction,Whitefield,5.8,14.8,4,2,14670000,0,1,1,9
1526.0,3,3,1,1,1,3,7,Independent House,Semi-Furnished,Ready to Move,Electronic City,2.9,26.8,5,4,8730000,1,1,0,1
734.0,2,2,2,1,16,14,20,Apartment,Semi-Furnished,Ready to Move,Indiranagar,7.2,4.0,3,1,9740000,0,1,0,4
2494.0,4,5,0,1,3,7,7,Apartment,Semi-Furnished,Ready to Move,Marathahalli,1.1,11.6,2,3,16540000,0,1,0,7
1071.0,2,2,1,1,4,3,10,Villa,Unfurnished,Ready to Move,HSR Layout,4.8,8.4,4,2,13530000,2,2,0,2
1246.0,2,2,2,1,1,12,15,Apartment,Unfurnished,Ready to Move,Sarjapur Road,4.6,15.4,4,2,7610000,0,2,0,8
475.0,1,1,2,1,4,7,7,Independent House,Furnished,Ready to Move,Hebbal,5.7,16.5,4,2,5240000,1,0,0,3
1427.0,3,3,1,1,2,7,7,Apartment,Unfurnished,Under Construction,Sarjapur Road,3.3,20.0,1,2,8210000,0,2,1,8
957.0,2,2,1,1,8,7,10,Apartment,Unfurnished,Under Construction,Whitefield,3.9,20.3,0,4,5390000,0,2,1,9
1000.0,2,2,2,1,5,2,15,Apartment,Semi-Furnished,Under Construction,Indiranagar,6.0,1.4,3,0,11700000,0,1,1,4
673.0,2,2,1,1,12,5,5,Villa,Semi-Furnished,Ready to Move,Whitefield,3.2,19.8,2,2,5630000,2,1,0,9
971.0,2,3,0,1,3,4,10,Apartment,Semi-Furnished,Under Construction,HSR Layout,7.2,7.7,4,2,10270000,0,1,1,2
1000.0,3,3,1,1,5,6,10,Apartment,Semi-Furnished,Ready to Move,Banashankari,3.7,1.0,5,0,8010000,0,1,0,0
2143.0,4,5,1,1,2,9,10,Independent House,Unfurnished,Ready to Move,Koramangala,10.0,1.9,2,3,43640000,1,2,0,6
803.0,3,3,0,1,21,5,20,Apartment,Unfurnished,Ready to Move,Jayanagar,8.5,7.8,3,1,6620000,0,2,0,5
598.0,2,3,1,1,5,5,10,Independent House,Unfurnished,Under Construction,Marathahalli,3.3,12.7,2,1,3970000,1,2,1,7
1105.0,2,2,2,1,1,4,10,Apartment,Semi-Furnished,Under Construction,Sarjapur Road,3.3,17.6,3,1,5180000,0,1,1,8
2493.0,4,5,1,1,2,9,10,Independent House,Furnished,Under Construction,Jayanagar,10.0,9.1,5,3,30270000,1,0,1,5
441.0,1,1,0,1,0,14,15,Villa,Unfurnished,Ready to Move,Whitefield,5.6,22.6,4,2,3920000,2,2,0,9
2508.0,4,4,1,1,0,2,5,Apartment,Semi-Furnished,Under Construction,Electronic City,3.4,27.9,0,1,11350000,0,1,1,1
1012.0,2,3,2,1,5,10,20,Apartment,Furnished,Ready to Move,Jayanagar,6.9,1.0,4,0,14650000,0,0,0,5
2348.0,4,5,0,1,3,2,3,Independent House,Unfurnished,Ready to Move,Whitefield,4.6,17.5,6,0,21410000,1,2,0,9
918.0,2,2,0,1,24,6,10,Apartment,Semi-Furnished,Ready to Move,Electronic City,3.3,24.7,6,4,4050000,0,1,0,1
1459.0,2,2,1,1,1,6,10,Independent House,Semi-Furnished,Ready to Move,Whitefield,2.7,21.3,5,2,12040000,1,1,0,9
1230.0,3,3,1,1,12,2,5,Apartment,Semi-Furnished,Under Construction,Whitefield,3.7,20.3,4,2,6260000,0,1,1,9
1888.0,3,3,3,1,3,2,3,Apartment,Furnished,Under Construction,Electronic City,1.2,20.2,0,3,9320000,0,0,1,1
938.0,2,2,2,1,2,4,5,Apartment,Semi-Furnished,Ready to Move,Koramangala,9.1,4.7,5,3,11960000,0,1,0,6
936.0,3,4,1,1,24,6,7,Independent House,Unfurnished,Ready to Move,Jayanagar,6.5,6.5,2,2,8640000,1,2,0,5
1535.0,3,3,2,1,12,11,20,Apartment,Semi-Furnished,Ready to Move,Sarjapur Road,4.8,12.4,2,3,9470000,0,1,0,8
584.0,1,2,1,1,7,7,20,Independent House,Unfurnished,Under Construction,Hebbal,3.1,12.6,3,1,4660000,1,2,1,3
434.0,1,2,0,1,9,2,3,Independent House,Semi-Furnished,Ready to Move,HSR Layout,8.5,8.4,3,2,4960000,1,1,0,2
1141.0,3,4,1,1,24,4,7,Apartment,Furnished,Under Construction,Koramangala,9.9,6.5,3,3,12280000,0,0,1,6
945.0,2,2,2,1,7,2,20,Apartment,Semi-Furnished,Ready to Move,Whitefield,2.0,21.0,0,1,6560000,0,1,0,9
1497.0,3,4,0,1,0,2,5,Villa,Semi-Furnished,Ready to Move,Marathahalli,3.2,19.9,5,2,12920000,2,1,0,7
480.0,2,3,1,1,0,7,25,Apartment,Unfurnished,Ready to Move,Sarjapur Road,3.1,18.0,2,0,2790000,0,2,0,8
1150.0,2,2,1,1,8,3,7,Independent House,Unfurnished,Ready to Move,Whitefield,2.2,16.7,2,2,7910000,1,2,0,9
856.0,2,2,1,1,8,14,15,Apartment,Unfurnished,Ready to Move,Yelahanka,2.6,8.5,4,0,4290000,0,2,0,10
1027.0,3,4,1,1,11,2,7,Apartment,Furnished,Under Construction,Whitefield,5.2,17.2,0,0,6950000,0,0,1,9
1128.0,2,3,2,1,0,4,5,Independent House,Furnished,Ready to Move,Jayanagar,6.0,7.1,3,2,18320000,1,0,0,5
547.0,1,1,2,1,23,7,7,Apartment,Semi-Furnished,Under Construction,Sarjapur Road,1.1,19.9,4,5,2310000,0,1,1,8
683.0,1,1,2,1,6,6,10,Apartment,Unfurnished,Ready to Move,Yelahanka,4.2,14.2,3,1,2820000,0,2,0,10
2712.875,4,5,3,1,8,4,7,Apartment,Furnished,Ready to Move,Sarjapur Road,2.5,16.7,5,2,24450000,0,0,0,8
949.0,2,2,0,1,0,9,10,Apartment,Furnished,Under Construction,Hebbal,4.0,12.2,4,3,8370000,0,0,1,3
1357.0,3,3,1,1,24,5,5,Apartment,Furnished,Ready to Move,Electronic City,5.9,23.1,6,2,7550000,0,0,0,1
603.0,1,1,1,1,6,2,7,Independent House,Semi-Furnished,Ready to Move,Hebbal,5.6,15.1,2,0,5450000,1,1,0,3
871.0,2,3,1,1,6,7,10,Apartment,Semi-Furnished,Ready to Move,Whitefield,3.1,18.2,4,6,7500000,0,1,0,9
1161.0,3,4,1,1,22,2,7,Apartment,Semi-Furnished,Ready to Move,Yelahanka,1.2,13.8,3,2,4960000,0,1,0,10
1570.0,3,4,1,1,21,4,5,Villa,Unfurnished,Ready to Move,Jayanagar,8.1,12.1,3,0,20600000,2,2,0,5
2712.875,4,5,0,1,1,2,10,Apartment,Semi-Furnished,Under Construction,Hebbal,6.3,17.3,3,2,22980000,0,1,1,3
2013.0,4,5,1,1,21,8,10,Apartment,Semi-Furnished,Under Construction,Indiranagar,7.9,3.4,5,1,24830000,0,1,1,4
1705.0,3,3,3,1,10,14,25,Independent House,Semi-Furnished,Ready to Move,Marathahalli,2.1,17.4,3,3,14210000,1,1,0,7
1368.0,3,3,1,1,0,14,15,Villa,Semi-Furnished,Ready to Move,Jayanagar,7.2,12.6,7,6,23650000,2,1,0,5
1404.0,3,4,0,1,2,4,5,Apartment,Semi-Furnished,Ready to Move,Sarjapur Road,4.6,22.0,6,2,11100000,0,1,0,8
836.0,2,2,2,1,4,1,7,Villa,Semi-Furnished,Ready to Move,Whitefield,3.8,17.7,2,4,7410000,2,1,0,9
2172.0,4,4,1,1,6,2,3,Apartment,Unfurnished,Ready to Move,Whitefield,2.7,20.3,2,3,17610000,0,2,0,9
1497.0,3,3,1,1,9,2,5,Villa,Furnished,Ready to Move,HSR Layout,6.4,4.7,6,2,24670000,2,0,0,2
1652.0,3,3,1,1,1,6,7,Apartment,Semi-Furnished,Ready to Move,Koramangala,8.7,1.1,3,1,25810000,0,1,0,6
839.0,2,3,2,1,14,1,5,Apartment,Semi-Furnished,Under Construction,Yelahanka,2.3,16.0,2,2,3400000,0,1,1,10
499.0,1,2,2,1,14,1,5,Apartment,Semi-Furnished,Ready to Move,HSR Layout,6.7,10.7,2,0,4720000,0,1,0,2
2316.0,4,5,2,1,8,5,5,Apartment,Furnished,Ready to Move,Banashankari,5.2,5.9,3,2,25280000,0,0,0,0
997.0,2,3,1,1,20,7,7,Apartment,Semi-Furnished,Under Construction,Electronic City,5.1,13.7,2,3,4460000,0,1,1,1
777.0,2,3,1,1,13,4,5,Independent House,Semi-Furnished,Ready to Move,Koramangala,7.4,4.6,3,3,11090000,1,1,0,6
1198.0,2,3,0,1,2,7,7,Apartment,Furnished,Under Construction,Hebbal,3.3,14.2,3,2,10400000,0,0,1,3
1320.0,4,4,3,1,12,1,10,Apartment,Furnished,Under Construction,Marathahalli,3.9,16.3,2,2,7100000,0,0,1,7
636.0,1,2,2,1,24,4,5,Apartment,Semi-Furnished,Under Construction,Jayanagar,9.2,5.4,5,2,4990000,0,1,1,5
1493.0,4,4,0,1,1,5,5,Apartment,Unfurnished,Ready to Move,Jayanagar,4.0,5.6,5,1,17990000,0,2,0,5
1308.0,2,3,2,1,24,2,3,Villa,Furnished,Ready to Move,Sarjapur Road,0.2,18.7,2,1,10150000,2,0,0,8
1382.0,4,4,1,1,0,7,10,Apartment,Furnished,Ready to Move,HSR Layout,6.2,11.2,5,3,21070000,0,0,0,2
1722.0,3,4,3,1,5,5,15,Apartment,Unfurnished,Ready to Move,Banashankari,4.1,7.7,3,0,12700000,0,2,0,0
934.0,2,3,2,1,11,2,3,Apartment,Semi-Furnished,Under Construction,Banashankari,4.4,1.0,0,2,6290000,0,1,1,0
1297.0,3,4,1,1,12,5,10,Villa,Semi-Furnished,Under Construction,Marathahalli,3.6,18.2,4,1,9560000,2,1,1,7
985.0,2,3,2,1,10,5,10,Apartment,Unfurnished,Under Construction,Koramangala,9.5,2.6,5,4,10050000,0,2,1,6
1070.0,2,2,1,1,6,7,10,Apartment,Unfurnished,Ready to Move,Sarjapur Road,3.6,14.3,1,2,6130000,0,2,0,8
1638.0,4,4,1,1,8,3,20,Apartment,Semi-Furnished,Under Construction,Whitefield,5.6,18.8,3,3,10680000,0,1,1,9
795.0,2,2,2,1,9,1,20,Apartment,Furnished,Ready to Move,Whitefield,0.6,20.3,2,4,6170000,0,0,0,9
1073.0,2,2,1,1,5,2,3,Apartment,Unfurnished,Under Construction,HSR Layout,5.5,8.2,4,3,9830000,0,2,1,2
625.0,2,2,0,1,7,4,7,Villa,Furnished,Ready to Move,Indiranagar,7.4,3.4,1,2,14700000,2,0,0,4
838.0,2,2,2,1,14,7,10,Villa,Furnished,Under Construction,Hebbal,1.6,11.0,5,2,8830000,2,0,1,3
2712.875,4,4,2,1,3,8,25,Independent House,Furnished,Ready to Move,Sarjapur Road,3.8,19.1,1,3,26400000,1,0,0,8
766.0,2,3,0,1,5,14,15,Apartment,Semi-Furnished,Ready to Move,Sarjapur Road,3.5,15.6,6,0,5130000,0,1,0,8
2712.875,4,6,1,1,0,1,5,Apartment,Semi-Furnished,Under Construction,Indiranagar,8.0,6.0,3,3,44690000,0,1,1,4
1765.0,4,4,2,1,9,1,7,Apartment,Semi-Furnished,Under Construction,Electronic City,3.1,17.9,5,1,8380000,0,1,1,1
1046.0,2,2,0,1,1,9,15,Independent House,Furnished,Under Construction,Electronic City,3.5,28.0,1,4,7190000,1,0,1,1
1074.0,2,2,2,1,5,7,10,Apartment,Semi-Furnished,Ready to Move,Banashankari,6.2,11.2,2,2,8890000,0,1,0,0
2451.0,4,4,0,1,1,9,10,Villa,Unfurnished,Ready to Move,Whitefield,5.3,19.2,1,6,23120000,2,2,0,9
911.0,2,2,0,1,0,4,10,Apartment,Unfurnished,Ready to Move,Hebbal,5.5,13.0,2,1,7210000,0,2,0,3
768.0,1,1,0,1,5,2,5,Apartment,Semi-Furnished,Under Construction,Marathahalli,7.5,10.5,2,2,4010000,0,1,1,7
838.0,2,2,1,1,4,14,20,Apartment,Furnished,Ready to Move,Indiranagar,7.6,6.7,2,3,15070000,0,0,0,4
1465.0,3,3,2,1,4,14,20,Apartment,Semi-Furnished,Under Construction,Sarjapur Road,1.6,20.5,5,1,8890000,0,1,1,8
1468.0,3,3,1,1,1,2,10,Independent House,Semi-Furnished,Ready to Move,Indiranagar,10.0,5.8,1,3,27420000,1,1,0,4
736.0,2,2,1,1,23,10,10,Independent House,Unfurnished,Ready to Move,Yelahanka,5.8,18.7,6,4,3740000,1,2,0,10
895.0,2,3,2,1,0,3,10,Apartment,Furnished,Under Construction,Yelahanka,2.0,16.0,4,3,4670000,0,0,1,10
2064.0,4,5,0,1,17,3,5,Apartment,Semi-Furnished,Ready to Move,Indiranagar,10.0,4.7,2,2,33120000,0,1,0,4
1279.0,3,3,1,1,10,5,5,Independent House,Furnished,Ready to Move,HSR Layout,5.5,8.0,3,2,18870000,1,0,0,2
2083.0,3,3,0,1,1,3,3,Villa,Semi-Furnished,Ready to Move,Marathahalli,4.9,15.7,2,2,16550000,2,1,0,7
1165.0,3,3,0,1,5,1,20,Apartment,Semi-Furnished,Ready to Move,Yelahanka,4.0,13.5,2,2,6330000,0,1,0,10
1174.0,2,2,1,1,24,7,7,Apartment,Semi-Furnished,Ready to Move,HSR Layout,5.4,11.2,3,3,9780000,0,1,0,2
1639.0,3,3,1,1,8,2,3,Apartment,Unfurnished,Ready to Move,Marathahalli,6.8,14.9,4,1,10500000,0,2,0,7
947.0,2,2,1,1,1,3,10,Apartment,Unfurnished,Ready to Move,Marathahalli,6.9,18.0,1,2,5390000,0,2,0,7
785.0,2,2,2,1,4,1,3,Apartment,Unfurnished,Ready to Move,Sarjapur Road,2.1,19.8,2,3,4210000,0,2,0,8
1184.0,3,3,1,1,5,3,3,Apartment,Semi-Furnished,Under Construction,Koramangala,8.3,1.0,1,1,15460000,0,1,1,6
851.0,2,3,2,1,12,4,10,Apartment,Semi-Furnished,Under Construction,Sarjapur Road,5.0,16.0,2,2,3630000,0,1,1,8
1799.0,4,5,2,1,19,7,10,Apartment,Unfurnished,Under Construction,Yelahanka,0.2,13.9,1,1,8400000,0,2,1,10
759.0,2,2,1,1,0,6,10,Apartment,Semi-Furnished,Ready to Move,Koramangala,8.0,1.8,7,2,12080000,0,1,0,6
1407.0,4,4,1,1,3,1,10,Independent House,Semi-Furnished,Under Construction,HSR Layout,3.9,12.9,3,2,15890000,1,1,1,2
2538.0,4,4,1,1,2,4,10,Villa,Semi-Furnished,Under Construction,Banashankari,5.7,1.4,4,5,25310000,2,1,1,0
1067.0,2,3,0,1,24,1,7,Apartment,Unfurnished,Ready to Move,Koramangala,8.1,8.3,3,2,8950000,0,2,0,6
1620.0,3,4,3,1,6,3,10,Independent House,Semi-Furnished,Under Construction,Hebbal,4.4,15.0,2,6,15360000,1,1,1,3
1061.0,2,2,2,1,16,6,7,Independent House,Semi-Furnished,Ready to Move,Jayanagar,4.3,6.6,1,1,12020000,1,1,0,5
2066.0,4,5,2,1,4,3,7,Apartment,Unfurnished,Ready to Move,HSR Layout,5.4,11.0,5,5,23190000,0,2,0,2
1808.0,3,4,2,1,10,2,7,Apartment,Semi-Furnished,Ready to Move,Yelahanka,3.8,16.2,3,0,8470000,0,1,0,10
1228.0,3,3,0,1,2,5,7,Villa,Unfurnished,Ready to Move,Indiranagar,8.6,5.5,2,1,22050000,2,2,0,4
1429.0,3,3,1,1,19,1,5,Independent House,Furnished,Under Construction,Jayanagar,8.5,9.4,5,4,17320000,1,0,1,5
1091.0,2,3,0,1,4,2,3,Independent House,Furnished,Ready to Move,Electronic City,5.0,21.3,4,1,7930000,1,0,0,1
698.0,2,2,2,1,13,3,10,Independent House,Semi-Furnished,Ready to Move,Marathahalli,5.6,15.8,3,2,4680000,1,1,0,7
1538.0,2,2,2,1,2,2,10,Villa,Semi-Furnished,Ready to Move,Koramangala,7.2,1.4,2,6,28580000,2,1,0,6
1407.0,3,3,1,1,9,2,7,Apartment,Semi-Furnished,Under Construction,Electronic City,3.8,23.6,2,2,7610000,0,1,1,1
1439.0,3,4,0,1,4,14,25,Apartment,Semi-Furnished,Ready to Move,Banashankari,3.2,7.2,2,4,10920000,0,1,0,0
1751.0,3,4,0,1,0,6,10,Apartment,Semi-Furnished,Under Construction,HSR Layout,4.4,11.3,2,1,17600000,0,1,1,2
1123.0,2,3,2,1,4,2,20,Apartment,Unfurnished,Ready to Move,Marathahalli,5.8,11.4,5,1,6570000,0,2,0,7
1410.0,3,4,3,1,6,1,10,Villa,Unfurnished,Under Construction,Electronic City,1.6,23.3,3,3,7740000,2,2,1,1
564.0,1,2,1,1,1,5,5,Apartment,Unfurnished,Under Construction,Sarjapur Road,1.7,17.9,3,1,2090000,0,2,1,8
1398.0,4,5,0,1,1,14,25,Villa,Semi-Furnished,Ready to Move,Koramangala,8.2,8.7,2,3,26440000,2,1,0,6
2488.0,4,6,1,1,5,14,20,Apartment,Furnished,Ready to Move,Banashankari,4.3,8.8,2,5,25450000,0,0,0,0
1048.0,2,3,0,1,3,9,10,Apartment,Semi-Furnished,Ready to Move,Indiranagar,8.4,6.5,3,5,17600000,0,1,0,4
598.0,1,1,2,1,4,4,5,Apartment,Unfurnished,Ready to Move,HSR Layout,9.8,8.7,2,5,5970000,0,2,0,2
1182.0,2,3,1,1,4,1,5,Apartment,Unfurnished,Ready to Move,Whitefield,2.8,20.9,1,3,8050000,0,2,0,9
1366.0,3,4,2,1,1,13,15,Independent House,Semi-Furnished,Ready to Move,Koramangala,8.7,5.4,1,0,24110000,1,1,0,6
1011.0,3,4,1,1,1,3,3,Villa,Unfurnished,Ready to Move,Jayanagar,6.8,4.9,5,2,14420000,2,2,0,5
1695.0,3,4,1,1,15,1,10,Independent House,Semi-Furnished,Ready to Move,Electronic City,4.8,20.7,6,4,11870000,1,1,0,1
1222.0,2,3,1,1,1,3,10,Apartment,Unfurnished,Ready to Move,Hebbal,3.8,9.6,1,2,9030000,0,2,0,3
1651.0,3,4,2,1,8,1,5,Apartment,Semi-Furnished,Ready to Move,Indiranagar,8.3,4.8,6,3,25080000,0,1,0,4
1354.0,3,3,2,1,4,6,15,Apartment,Semi-Furnished,Under Construction,HSR Layout,6.5,8.0,4,1,12540000,0,1,1,2
1148.0,2,2,1,1,24,1,15,Apartment,Furnished,Under Construction,Marathahalli,1.8,14.9,0,2,5940000,0,0,1,7
2360.0,3,3,1,1,0,2,7,Independent House,Semi-Furnished,Ready to Move,Sarjapur Road,1.0,15.6,3,4,20010000,1,1,0,8
971.0,2,2,0,1,14,9,10,Villa,Unfurnished,Ready to Move,Koramangala,8.0,3.6,5,0,15190000,2,2,0,6
1032.0,3,3,0,1,5,11,15,Independent House,Furnished,Ready to Move,Koramangala,10.0,1.2,4,1,19410000,1,0,0,6
1765.0,4,4,2,1,0,1,10,Apartment,Unfurnished,Ready to Move,Whitefield,3.8,23.4,2,2,13070000,0,2,0,9
1068.0,2,2,1,1,2,4,10,Independent House,Semi-Furnished,Under Construction,Sarjapur Road,3.3,18.1,4,2,7350000,1,1,1,8
1358.0,4,5,1,1,4,6,7,Apartment,Unfurnished,Under Construction,Marathahalli,5.7,14.0,4,2,7490000,0,2,1,7
1447.0,3,3,2,1,3,2,5,Independent House,Unfurnished,Ready to Move,Indiranagar,8.4,6.8,2,1,23770000,1,2,0,4
1022.0,2,3,1,1,3,14,25,Apartment,Semi-Furnished,Under Construction,Hebbal,6.2,17.3,3,3,7600000,0,1,1,3
1829.0,3,4,1,1,19,4,10,Apartment,Unfurnished,Under Construction,Hebbal,9.0,12.2,4,2,11360000,0,2,1,3
1766.0,3,3,1,1,3,3,7,Apartment,Semi-Furnished,Ready to Move,Marathahalli,3.1,9.5,1,1,13200000,0,1,0,7
1114.0,2,2,2,1,4,7,15,Independent House,Semi-Furnished,Under Construction,Hebbal,4.7,15.5,4,1,9660000,1,1,1,3
539.0,2,3,2,1,11,7,10,Apartment,Furnished,Ready to Move,HSR Layout,6.9,5.9,4,2,6540000,0,0,0,2
1125.0,2,3,0,1,12,4,5,Apartment,Semi-Furnished,Ready to Move,Whitefield,6.6,18.5,2,2,9060000,0,1,0,9
627.0,1,1,2,1,0,14,20,Independent House,Semi-Furnished,Ready to Move,HSR Layout,6.2,13.6,5,1,7890000,1,1,0,2
578.0,1,1,1,1,9,2,3,Apartment,Furnished,Ready to Move,Whitefield,5.4,19.0,2,5,4770000,0,0,0,9
621.0,2,2,2,1,5,7,10,Apartment,Unfurnished,Under Construction,Jayanagar,7.2,4.3,2,2,5400000,0,2,1,5
802.0,2,2,3,1,1,9,10,Apartment,Furnished,Under Construction,Yelahanka,2.9,16.8,5,4,4370000,0,0,1,10
1533.0,4,4,2,1,2,1,7,Apartment,Furnished,Ready to Move,Whitefield,3.7,20.0,2,1,14370000,0,0,0,9
567.0,2,2,2,1,0,4,15,Independent House,Furnished,Ready to Move,Koramangala,7.1,1.9,0,1,10640000,1,0,0,6
1399.0,3,4,0,1,3,9,10,Independent House,Semi-Furnished,Ready to Move,Indiranagar,10.0,7.6,2,3,27260000,1,1,0,4
1176.0,3,4,2,1,2,14,15,Apartment,Semi-Furnished,Under Construction,Yelahanka,0.7,19.7,2,3,4810000,0,1,1,10
2135.0,3,4,2,1,3,3,7,Independent House,Semi-Furnished,Ready to Move,Electronic City,1.2,26.2,6,2,14930000,1,1,0,1
917.0,2,3,1,1,6,7,20,Apartment,Unfurnished,Under Construction,Jayanagar,7.0,7.7,2,5,7470000,0,2,1,5
2517.0,4,5,2,1,10,6,7,Apartment,Unfurnished,Under Construction,Whitefield,4.6,17.9,3,2,16530000,0,2,1,9
960.0,3,4,2,1,7,9,10,Apartment,Semi-Furnished,Ready to Move,Koramangala,8.6,1.0,7,2,13410000,0,1,0,6
1787.0,4,4,1,1,9,4,20,Apartment,Semi-Furnished,Ready to Move,Banashankari,3.4,1.0,5,2,13170000,0,1,0,0
968.0,2,2,0,1,16,1,3,Apartment,Unfurnished,Ready to Move,Banashankari,3.1,11.1,3,2,6580000,0,2,0,0
777.0,2,3,2,1,16,5,5,Independent House,Semi-Furnished,Ready to Move,Whitefield,3.9,20.6,2,1,6130000,1,1,0,9
1281.0,3,4,2,1,15,14,25,Independent House,Unfurnished,Ready to Move,Banashankari,6.0,6.7,0,1,10570000,1,2,0,0
526.0,1,1,2,1,1,14,25,Apartment,Semi-Furnished,Under Construction,Marathahalli,2.5,8.2,3,1,2380000,0,1,1,7
1334.0,3,3,2,1,2,14,15,Apartment,Semi-Furnished,Ready to Move,Hebbal,5.2,8.5,5,4,13290000,0,1,0,3
1302.0,2,3,2,1,5,5,10,Villa,Unfurnished,Ready to Move,Indiranagar,7.9,1.0,3,3,23890000,2,2,0,4
1505.0,3,3,2,1,3,2,10,Independent House,Unfurnished,Ready to Move,Jayanagar,4.4,10.3,2,1,17460000,1,2,0,5
2712.875,4,5,0,1,1,4,7,Independent House,Unfurnished,Under Construction,Indiranagar,6.7,6.9,1,2,45840000,1,2,1,4
1551.0,3,4,2,1,2,2,7,Apartment,Unfurnished,Ready to Move,Marathahalli,5.4,10.1,6,1,11020000,0,2,0,7
2245.0,4,4,1,1,24,3,7,Independent House,Semi-Furnished,Under Construction,Koramangala,7.1,8.9,6,3,28550000,1,1,1,6
1376.0,3,4,1,1,3,2,3,Apartment,Furnished,Ready to Move,Whitefield,6.2,17.8,6,1,14160000,0,0,0,9
1310.0,3,4,1,1,4,3,10,Apartment,Semi-Furnished,Ready to Move,Electronic City,3.3,23.0,3,3,8090000,0,1,0,1
2066.0,4,4,1,1,0,2,10,Apartment,Furnished,Under Construction,Sarjapur Road,1.6,19.1,2,0,13810000,0,0,1,8
2462.0,4,4,1,1,10,10,10,Apartment,Furnished,Ready to Move,HSR Layout,7.0,9.7,1,2,34270000,0,0,0,2
1715.0,3,3,1,1,4,4,10,Apartment,Semi-Furnished,Ready to Move,Marathahalli,2.8,13.1,1,5,10760000,0,1,0,7
904.0,2,2,1,1,0,14,20,Apartment,Unfurnished,Under Construction,Banashankari,4.1,8.1,3,5,6010000,0,2,1,0
1614.0,3,4,0,1,24,1,7,Apartment,Furnished,Under Construction,Whitefield,6.0,19.2,4,3,10180000,0,0,1,9
913.0,2,2,1,1,12,5,7,Villa,Semi-Furnished,Ready to Move,Marathahalli,2.1,14.7,2,1,7160000,2,1,0,7
956.0,2,2,2,1,10,10,10,Apartment,Furnished,Ready to Move,Indiranagar,8.0,5.9,5,3,15560000,0,0,0,4
1267.0,3,3,2,1,24,1,5,Apartment,Semi-Furnished,Ready to Move,Hebbal,3.4,10.4,5,3,9540000,0,1,0,3
1927.0,4,4,2,1,4,4,7,Apartment,Furnished,Under Construction,Koramangala,6.2,7.3,3,3,28940000,0,0,1,6
2536.0,4,4,1,1,10,5,10,Independent House,Furnished,Under Construction,Sarjapur Road,3.0,15.5,2,4,17880000,1,0,1,8
967.0,2,3,2,1,1,6,7,Apartment,Furnished,Ready to Move,Hebbal,3.7,13.2,4,2,8930000,0,0,0,3
564.0,1,1,1,1,9,9,20,Apartment,Semi-Furnished,Ready to Move,Yelahanka,2.6,15.0,3,2,2230000,0,1,0,10
1421.0,4,4,0,1,0,3,10,Apartment,Semi-Furnished,Ready to Move,Sarjapur Road,4.6,15.4,1,5,10320000,0,1,0,8
891.0,2,2,2,1,1,4,5,Independent House,Furnished,Ready to Move,Jayanagar,5.5,5.2,4,2,13840000,1,0,0,5
1332.0,3,4,2,1,4,4,10,Independent House,Furnished,Under Construction,Marathahalli,1.8,12.0,1,3,10740000,1,0,1,7
458.0,1,1,2,1,0,2,15,Apartment,Semi-Furnished,Under Construction,Hebbal,6.0,14.0,0,2,3550000,0,1,1,3
954.0,2,3,2,1,4,4,10,Apartment,Semi-Furnished,Under Construction,Marathahalli,2.9,13.7,1,3,4940000,0,1,1,7
2559.0,4,5,1,1,5,8,20,Independent House,Semi-Furnished,Ready to Move,Whitefield,7.1,24.1,2,2,23220000,1,1,0,9
965.0,2,3,2,1,7,2,15,Apartment,Unfurnished,Under Construction,Yelahanka,2.4,13.1,4,0,3650000,0,2,1,10
973.0,2,2,2,1,0,3,3,Villa,Unfurnished,Under Construction,Sarjapur Road,3.5,11.4,3,2,6290000,2,2,1,8
768.0,2,3,2,1,1,1,5,Apartment,Unfurnished,Ready to Move,Marathahalli,0.5,15.2,1,1,4880000,0,2,0,7
1840.0,4,5,2,1,7,2,10,Apartment,Furnished,Under Construction,HSR Layout,4.6,15.2,5,2,20640000,0,0,1,2
2030.0,4,5,1,1,8,4,5,Apartment,Semi-Furnished,Ready to Move,Marathahalli,0.6,15.5,3,1,13340000,0,1,0,7
1175.0,2,2,0,1,0,9,10,Apartment,Semi-Furnished,Ready to Move,Electronic City,3.8,19.2,2,5,6520000,0,1,0,1
578.0,1,2,1,1,6,6,15,Villa,Furnished,Under Construction,Marathahalli,3.9,10.9,2,2,5110000,2,0,1,7
1214.0,3,4,0,1,12,9,10,Independent House,Unfurnished,Ready to Move,Whitefield,5.3,26.1,4,5,8980000,1,2,0,9
1025.0,2,2,1,1,0,1,7,Apartment,Unfurnished,Under Construction,Marathahalli,5.2,12.9,5,0,5730000,0,2,1,7
1878.0,3,3,1,1,4,7,10,Independent House,Furnished,Ready to Move,Banashankari,6.1,5.0,7,2,19770000,1,0,0,0
650.0,1,2,3,1,3,2,5,Apartment,Semi-Furnished,Under Construction,Whitefield,4.0,23.6,6,4,3730000,0,1,1,9
1054.0,2,2,2,1,19,10,15,Apartment,Unfurnished,Ready to Move,Banashankari,4.8,7.6,5,1,5950000,0,2,0,0
1603.0,3,4,2,1,1,7,10,Apartment,Furnished,Under Construction,Electronic City,4.2,15.9,0,1,9250000,0,0,1,1
1223.0,2,2,0,1,3,6,10,Independent House,Furnished,Ready to Move,Yelahanka,1.8,22.2,3,1,8530000,1,0,0,10
2430.0,4,4,1,1,18,7,7,Independent House,Furnished,Ready to Move,Hebbal,3.6,13.8,3,3,23470000,1,0,0,3
612.0,1,2,2,1,3,6,15,Villa,Unfurnished,Ready to Move,Jayanagar,9.0,1.5,6,3,7170000,2,2,0,5
1153.0,2,2,0,1,6,3,10,Independent House,Semi-Furnished,Ready to Move,Sarjapur Road,1.0,22.2,2,0,8300000,1,1,0,8
2194.0,4,6,2,1,0,1,3,Villa,Semi-Furnished,Under Construction,Yelahanka,3.8,12.9,2,1,15150000,2,1,1,10
664.0,2,3,3,1,24,14,20,Independent House,Semi-Furnished,Ready to Move,Electronic City,3.8,18.7,2,2,3340000,1,1,0,1
1443.0,3,4,1,1,13,6,15,Villa,Unfurnished,Ready to Move,Electronic City,1.6,19.3,5,2,8200000,2,2,0,1
963.0,2,3,2,1,8,3,10,Independent House,Unfurnished,Ready to Move,Marathahalli,3.0,19.8,5,0,6490000,1,2,0,7
1247.0,3,4,0,1,0,4,7,Apartment,Semi-Furnished,Ready to Move,Hebbal,4.5,18.1,4,2,10210000,0,1,0,3
1631.0,3,3,2,1,0,2,25,Apartment,Semi-Furnished,Ready to Move,Sarjapur Road,4.8,16.4,5,3,9420000,0,1,0,8
596.0,2,3,0,1,6,11,15,Apartment,Unfurnished,Under Construction,Hebbal,5.5,17.1,6,4,3850000,0,2,1,3
1786.0,4,4,1,1,2,4,10,Apartment,Furnished,Ready to Move,Indiranagar,8.6,1.0,4,0,35350000,0,0,0,4
1264.0,3,3,2,1,7,9,10,Apartment,Semi-Furnished,Under Construction,Hebbal,5.3,14.7,3,0,10610000,0,1,1,3
639.0,2,2,2,1,7,1,7,Apartment,Semi-Furnished,Under Construction,Koramangala,9.0,8.1,0,2,7060000,0,1,1,6
1818.0,3,4,2,1,14,5,5,Villa,Semi-Furnished,Ready to Move,Jayanagar,7.6,10.5,4,4,27680000,2,1,0,5
1019.0,3,3,1,1,2,2,7,Apartment,Semi-Furnished,Under Construction,Whitefield,6.6,20.2,4,1,6500000,0,1,1,9
838.0,2,2,2,1,6,6,7,Apartment,Semi-Furnished,Under Construction,Electronic City,4.9,23.7,1,3,4600000,0,1,1,1
1122.0,2,3,2,1,12,9,15,Apartment,Unfurnished,Ready to Move,Electronic City,3.4,19.8,5,2,5740000,0,2,0,1
1072.0,2,2,3,1,5,2,5,Independent House,Unfurnished,Under Construction,Electronic City,4.3,22.1,2,3,5320000,1,2,1,1
739.0,2,3,2,1,14,11,15,Apartment,Semi-Furnished,Ready to Move,Sarjapur Road,4.3,17.5,2,3,4200000,0,1,0,8
1591.0,3,4,2,1,1,3,10,Apartment,Furnished,Ready to Move,Electronic City,3.6,21.3,1,1,11350000,0,0,0,1
1481.0,3,3,2,1,10,1,7,Villa,Unfurnished,Ready to Move,Indiranagar,7.4,8.4,4,1,25150000,2,2,0,4
2712.875,4,4,2,1,22,1,7,Villa,Semi-Furnished,Ready to Move,HSR Layout,6.6,10.6,0,1,35970000,2,1,0,2
1026.0,2,3,0,1,3,2,10,Apartment,Unfurnished,Ready to Move,Electronic City,0.2,27.1,4,3,5050000,0,2,0,1
923.0,2,2,1,1,3,2,7,Apartment,Semi-Furnished,Under Construction,HSR Layout,7.9,10.7,3,4,9150000,0,1,1,2
1160.0,3,3,2,1,0,6,7,Apartment,Unfurnished,Ready to Move,Whitefield,4.9,26.6,5,0,8040000,0,2,0,9
1191.0,3,3,2,1,8,13,15,Independent House,Furnished,Ready to Move,Marathahalli,3.8,17.7,3,2,11070000,1,0,0,7
1168.0,3,3,2,1,6,6,10,Apartment,Semi-Furnished,Under Construction,Marathahalli,3.4,13.7,3,0,6030000,0,1,1,7
700.0,1,1,1,1,0,14,15,Apartment,Unfurnished,Ready to Move,Marathahalli,5.0,14.5,2,2,4410000,0,2,0,7
953.0,2,2,0,1,11,11,15,Apartment,Semi-Furnished,Ready to Move,Indiranagar,10.0,2.5,2,1,14150000,0,1,0,4
1057.0,2,3,1,1,14,8,15,Apartment,Unfurnished,Under Construction,Electronic City,3.9,22.5,2,1,3960000,0,2,1,1
2712.875,4,5,1,1,19,4,5,Independent House,Unfurnished,Under Construction,Hebbal,7.9,9.1,0,3,25860000,1,2,1,3
501.0,2,3,1,1,6,4,25,Apartment,Unfurnished,Ready to Move,Jayanagar,7.8,10.0,3,2,5100000,0,2,0,5
2511.0,4,4,3,1,4,3,10,Apartment,Furnished,Ready to Move,Indiranagar,7.5,4.0,3,5,45530000,0,0,0,4
1415.0,3,3,0,1,16,13,15,Apartment,Unfurnished,Under Construction,Whitefield,5.1,21.1,3,2,7980000,0,2,1,9
1032.0,2,3,1,1,4,2,10,Apartment,Furnished,Ready to Move,Electronic City,3.9,15.2,5,0,7180000,0,0,0,1
1168.0,3,4,1,1,8,1,10,Apartment,Unfurnished,Ready to Move,Electronic City,2.1,21.2,2,2,6620000,0,2,0,1
1697.0,4,5,3,1,7,8,25,Independent House,Unfurnished,Ready to Move,Electronic City,2.7,20.9,1,5,9010000,1,2,0,1
2195.0,4,5,2,1,3,5,5,Independent House,Furnished,Under Construction,Marathahalli,3.4,16.8,1,6,19630000,1,0,1,7
1403.0,2,3,1,1,0,7,7,Independent House,Semi-Furnished,Ready to Move,Jayanagar,6.8,7.6,1,3,18110000,1,1,0,5
1140.0,2,2,3,1,0,5,5,Independent House,Semi-Furnished,Ready to Move,Marathahalli,3.6,17.1,2,3,9900000,1,1,0,7
1190.0,2,3,1,1,4,3,5,Villa,Semi-Furnished,Ready to Move,Sarjapur Road,4.1,19.3,5,0,9510000,2,1,0,8
528.0,1,2,1,1,5,2,15,Apartment,Unfurnished,Ready to Move,Hebbal,5.6,15.7,3,4,4080000,0,2,0,3
1231.0,3,4,2,1,13,3,3,Independent House,Semi-Furnished,Ready to Move,Sarjapur Road,5.6,19.3,7,0,9030000,1,1,0,8
1687.0,4,5,1,1,4,12,20,Independent House,Semi-Furnished,Ready to Move,Banashankari,5.5,3.9,2,2,18410000,1,1,0,0
857.0,2,3,2,1,2,6,10,Independent House,Unfurnished,Under Construction,Whitefield,3.3,19.7,5,3,5630000,1,2,1,9
825.0,3,3,3,1,4,7,7,Apartment,Furnished,Under Construction,Koramangala,10.0,3.9,5,1,11760000,0,0,1,6
1197.0,3,4,2,1,2,6,7,Apartment,Semi-Furnished,Under Construction,Whitefield,3.3,10.2,1,0,9770000,0,1,1,9
843.0,2,3,1,1,0,4,5,Independent House,Unfurnished,Ready to Move,Marathahalli,3.4,11.0,0,1,6270000,1,2,0,7
916.0,2,3,1,1,0,1,20,Villa,Semi-Furnished,Ready to Move,Yelahanka,3.9,22.1,6,1,6230000,2,1,0,10
1436.0,3,4,0,1,3,10,15,Independent House,Furnished,Ready to Move,HSR Layout,10.0,9.2,3,1,21870000,1,0,0,2
2144.0,4,4,1,1,0,1,7,Apartment,Semi-Furnished,Ready to Move,Yelahanka,3.6,15.7,1,3,12540000,0,1,0,10
1395.0,3,4,0,1,1,1,3,Apartment,Semi-Furnished,Under Construction,Whitefield,3.4,13.5,3,4,7830000,0,1,1,9
486.0,1,2,1,1,12,5,7,Apartment,Furnished,Ready to Move,Yelahanka,0.5,12.0,5,3,2170000,0,0,0,10
576.0,2,3,2,1,2,3,5,Independent House,Semi-Furnished,Under Construction,Electronic City,0.8,23.5,5,2,3230000,1,1,1,1
486.0,1,1,2,1,0,9,15,Apartment,Semi-Furnished,Under Construction,Whitefield,4.8,18.6,3,3,2540000,0,1,1,9
1127.0,3,4,0,1,23,14,15,Apartment,Unfurnished,Under Construction,Indiranagar,9.5,1.7,3,1,11800000,0,2,1,4
1530.0,3,3,1,1,7,9,10,Independent House,Semi-Furnished,Ready to Move,HSR Layout,4.2,13.9,1,4,19500000,1,1,0,2
1122.0,2,3,1,1,0,6,20,Apartment,Semi-Furnished,Ready to Move,HSR Layout,6.7,7.9,2,3,13030000,0,1,0,2
2375.0,4,4,0,1,0,4,5,Independent House,Furnished,Ready to Move,Electronic City,1.4,18.1,6,5,21320000,1,0,0,1
1611.0,3,4,1,1,7,1,10,Apartment,Unfurnished,Ready to Move,Hebbal,3.6,12.1,4,2,12760000,0,2,0,3
1362.0,3,3,1,1,6,10,15,Independent House,Unfurnished,Under Construction,Jayanagar,7.6,3.6,4,2,13370000,1,2,1,5
2507.0,4,5,2,1,0,1,3,Apartment,Unfurnished,Ready to Move,Electronic City,2.2,19.6,3,3,13620000,0,2,0,1
467.0,1,2,2,1,2,2,7,Independent House,Semi-Furnished,Ready to Move,Marathahalli,6.0,13.8,3,2,3540000,1,1,0,7
1397.0,4,4,1,1,21,2,10,Independent House,Unfurnished,Ready to Move,Sarjapur Road,2.8,16.1,3,3,9200000,1,2,0,8
1138.0,2,3,2,1,6,4,7,Apartment,Furnished,Under Construction,HSR Layout,8.0,5.0,1,4,13160000,0,0,1,2
916.0,2,3,0,1,4,1,10,Apartment,Furnished,Ready to Move,Electronic City,6.7,23.7,3,1,5980000,0,0,0,1
1501.0,4,5,2,1,2,5,10,Apartment,Semi-Furnished,Under Construction,Koramangala,6.9,6.6,4,2,16850000,0,1,1,6
1669.0,4,4,1,1,1,5,7,Villa,Unfurnished,Ready to Move,Koramangala,10.0,3.2,3,0,33530000,2,2,0,6
1157.0,3,4,1,1,4,1,5,Independent House,Semi-Furnished,Under Construction,Sarjapur Road,3.7,19.9,2,2,7280000,1,1,1,8
1412.0,3,3,0,1,20,5,5,Apartment,Furnished,Ready to Move,Koramangala,7.1,2.9,1,4,19660000,0,0,0,6
1698.0,3,4,1,1,0,7,10,Villa,Unfurnished,Ready to Move,Jayanagar,6.2,1.0,2,0,26390000,2,2,0,5
1860.0,4,5,2,1,24,3,5,Apartment,Semi-Furnished,Under Construction,Sarjapur Road,3.1,20.7,4,4,7490000,0,1,1,8
522.0,2,2,3,1,1,11,20,Independent House,Semi-Furnished,Under Construction,Whitefield,6.4,19.7,3,2,4140000,1,1,1,9
1924.0,4,4,2,1,4,13,15,Independent House,Furnished,Ready to Move,Jayanagar,8.6,6.5,1,0,33670000,1,0,0,5
1356.0,3,3,1,1,0,6,7,Apartment,Unfurnished,Under Construction,HSR Layout,8.3,9.7,5,0,14950000,0,2,1,2
1337.0,3,4,2,1,7,2,15,Apartment,Unfurnished,Ready to Move,Banashankari,2.7,7.5,3,1,8960000,0,2,0,0
830.0,2,2,2,1,5,9,10,Apartment,Semi-Furnished,Under Construction,Indiranagar,9.0,5.4,2,0,11540000,0,1,1,4
1460.0,3,4,2,1,8,2,5,Apartment,Semi-Furnished,Ready to Move,Hebbal,2.7,12.5,4,0,10730000,0,1,0,3
2026.0,4,5,2,1,6,2,10,Apartment,Semi-Furnished,Ready to Move,Jayanagar,8.2,9.8,5,0,25390000,0,1,0,5
1393.0,3,4,2,1,4,1,10,Apartment,Unfurnished,Ready to Move,Whitefield,3.6,21.3,0,1,8780000,0,2,0,9
2712.875,4,6,2,1,10,1,3,Apartment,Semi-Furnished,Ready to Move,Marathahalli,4.8,17.5,4,4,22440000,0,1,0,7
868.0,2,2,2,1,0,4,7,Apartment,Semi-Furnished,Ready to Move,Banashankari,3.9,12.5,1,2,7160000,0,1,0,0
1263.0,3,4,0,1,6,3,3,Apartment,Semi-Furnished,Ready to Move,Marathahalli,1.4,9.2,7,1,9280000,0,1,0,7
2552.0,4,5,1,1,0,4,7,Apartment,Furnished,Ready to Move,Hebbal,6.3,15.8,2,1,29760000,0,0,0,3
1556.0,3,4,2,1,4,5,7,Apartment,Furnished,Ready to Move,Yelahanka,4.4,18.0,3,3,8870000,0,0,0,10
1631.0,3,3,2,1,12,6,10,Independent House,Furnished,Ready to Move,HSR Layout,6.5,11.5,3,2,20360000,1,0,0,2
1743.0,3,3,1,1,1,5,5,Villa,Furnished,Under Construction,HSR Layout,3.2,13.0,2,2,24980000,2,0,1,2
2210.0,4,4,3,1,21,1,3,Apartment,Semi-Furnished,Under Construction,Marathahalli,5.1,13.2,3,6,12900000,0,1,1,7
2371.0,4,4,1,1,17,6,7,Apartment,Unfurnished,Ready to Move,Electronic City,2.2,23.8,5,1,12220000,0,2,0,1
649.0,2,2,1,1,4,4,15,Independent House,Semi-Furnished,Ready to Move,Hebbal,5.8,8.8,4,0,6470000,1,1,0,3
2081.0,4,4,1,1,0,6,7,Independent House,Unfurnished,Ready to Move,Yelahanka,2.3,11.8,3,4,11390000,1,2,0,10
915.0,2,3,3,1,12,1,7,Apartment,Unfurnished,Under Construction,Electronic City,2.8,23.6,2,3,3600000,0,2,1,1
1268.0,2,2,1,1,17,5,10,Apartment,Semi-Furnished,Under Construction,HSR Layout,7.1,9.8,4,2,10060000,0,1,1,2
2371.0,4,5,1,1,1,9,15,Apartment,Semi-Furnished,Ready to Move,Hebbal,3.8,12.0,6,2,23010000,0,1,0,3
830.0,2,2,1,1,19,4,10,Apartment,Semi-Furnished,Under Construction,HSR Layout,6.1,7.6,2,1,7050000,0,1,1,2
2149.0,4,5,1,1,19,1,3,Apartment,Furnished,Ready to Move,Hebbal,5.8,13.2,4,2,22490000,0,0,0,3
981.0,2,3,2,1,5,5,5,Apartment,Furnished,Ready to Move,Indiranagar,10.0,3.7,6,2,19270000,0,0,0,4
599.0,1,2,1,1,12,1,5,Villa,Semi-Furnished,Ready to Move,Marathahalli,3.9,13.9,6,3,3890000,2,1,0,7
1114.0,3,4,2,1,4,4,10,Apartment,Semi-Furnished,Ready to Move,Whitefield,5.6,18.5,1,3,9600000,0,1,0,9
1018.0,2,2,3,1,6,1,3,Apartment,Unfurnished,Under Construction,Marathahalli,2.2,11.6,4,4,5280000,0,2,1,7
1336.0,3,4,0,1,3,7,7,Apartment,Furnished,Under Construction,Indiranagar,10.0,4.4,4,3,22700000,0,0,1,4
1003.0,2,2,2,1,1,4,10,Apartment,Unfurnished,Under Construction,Marathahalli,2.8,17.6,2,2,5560000,0,2,1,7
812.0,2,2,1,1,10,2,7,Apartment,Furnished,Ready to Move,Koramangala,7.8,2.6,3,5,12430000,0,0,0,6
485.0,1,1,1,1,0,3,15,Apartment,Furnished,Ready to Move,Sarjapur Road,4.4,17.6,2,1,3510000,0,0,0,8
1173.0,2,2,2,1,6,4,7,Independent House,Semi-Furnished,Ready to Move,Hebbal,3.8,11.2,1,0,10850000,1,1,0,3
1105.0,3,3,2,1,16,8,25,Apartment,Furnished,Ready to Move,HSR Layout,8.0,8.1,1,6,14450000,0,0,0,2
764.0,2,3,1,1,2,14,25,Villa,Semi-Furnished,Ready to Move,Whitefield,3.3,23.7,2,1,9240000,2,1,0,9
1385.0,3,3,0,1,3,1,15,Independent House,Furnished,Under Construction,Whitefield,5.6,15.9,1,0,11340000,1,0,1,9
1691.0,4,5,3,1,7,2,25,Apartment,Semi-Furnished,Ready to Move,Marathahalli,5.6,13.7,1,2,11450000,0,1,0,7
1152.0,3,4,2,1,2,4,5,Apartment,Semi-Furnished,Under Construction,Marathahalli,4.9,11.5,1,2,7570000,0,1,1,7
2042.0,4,4,1,1,15,11,15,Apartment,Unfurnished,Ready to Move,Jayanagar,7.7,7.7,1,1,19040000,0,2,0,5
664.0,2,2,1,1,3,5,7,Independent House,Semi-Furnished,Under Construction,HSR Layout,10.0,10.4,3,4,7600000,1,1,1,2
758.0,2,3,0,1,6,6,15,Independent House,Furnished,Under Construction,Electronic City,4.0,25.5,0,1,5130000,1,0,1,1
2712.875,4,4,1,1,2,3,7,Villa,Furnished,Ready to Move,Marathahalli,4.2,16.2,4,2,31950000,2,0,0,7
1528.0,3,3,1,1,0,7,7,Apartment,Furnished,Ready to Move,Jayanagar,7.2,6.2,2,2,20710000,0,0,0,5
1190.0,3,4,1,1,1,3,25,Villa,Unfurnished,Under Construction,Banashankari,6.6,10.2,5,5,11770000,2,2,1,0
1517.0,3,3,1,1,0,4,5,Apartment,Semi-Furnished,Under Construction,Koramangala,10.0,6.5,2,2,21250000,0,1,1,6
1057.0,2,2,2,1,5,5,15,Apartment,Semi-Furnished,Ready to Move,Sarjapur Road,3.4,15.3,4,3,6640000,0,1,0,8
659.0,1,1,1,1,7,5,10,Apartment,Semi-Furnished,Ready to Move,Electronic City,2.0,24.3,3,1,3620000,0,1,0,1
1364.0,3,3,2,1,0,3,7,Apartment,Semi-Furnished,Ready to Move,Indiranagar,10.0,5.9,3,1,24960000,0,1,0,4
1673.0,3,3,1,1,0,4,10,Independent House,Semi-Furnished,Ready to Move,Sarjapur Road,1.6,19.5,4,4,12720000,1,1,0,8
829.0,3,3,1,1,5,5,5,Apartment,Semi-Furnished,Under Construction,Sarjapur Road,4.1,16.8,0,1,4740000,0,1,1,8
1577.0,4,4,1,1,12,3,20,Apartment,Semi-Furnished,Ready to Move,Banashankari,5.1,5.4,1,2,13050000,0,1,0,0
981.0,2,2,2,1,7,10,25,Apartment,Semi-Furnished,Under Construction,Koramangala,7.8,1.0,1,0,12270000,0,1,1,6
1012.0,2,3,1,1,0,3,15,Independent House,Semi-Furnished,Under Construction,Whitefield,4.3,9.8,3,4,7720000,1,1,1,9
1635.0,4,4,0,1,17,8,15,Villa,Unfurnished,Under Construction,Sarjapur Road,1.2,15.9,4,1,10500000,2,2,1,8
1472.0,3,4,0,1,19,3,3,Apartment,Furnished,Ready to Move,Marathahalli,2.7,21.3,3,1,9280000,0,0,0,7
1225.0,3,3,1,1,3,6,7,Apartment,Unfurnished,Ready to Move,HSR Layout,7.7,12.5,1,1,14160000,0,2,0,2
897.0,2,2,1,1,7,7,7,Apartment,Semi-Furnished,Under Construction,Whitefield,1.3,21.0,1,4,5760000,0,1,1,9
1144.0,2,3,2,1,5,7,10,Independent House,Unfurnished,Ready to Move,Whitefield,4.2,22.9,3,3,8300000,1,2,0,9
1654.0,3,4,1,1,22,5,5,Apartment,Semi-Furnished,Ready to Move,Yelahanka,2.5,15.2,3,4,6720000,0,1,0,10
760.0,2,2,2,1,5,9,10,Apartment,Furnished,Under Construction,Koramangala,5.0,2.8,2,2,10900000,0,0,1,6
1577.0,4,4,3,1,24,5,10,Apartment,Unfurnished,Ready to Move,Electronic City,5.9,21.1,4,1,6850000,0,2,0,1
1835.0,4,4,1,1,1,5,5,Apartment,Furnished,Ready to Move,HSR Layout,4.8,7.8,1,1,23800000,0,0,0,2
1989.0,4,5,1,1,3,2,5,Independent House,Unfurnished,Under Construction,Electronic City,4.2,20.0,1,0,9460000,1,2,1,1
824.0,2,2,2,1,12,3,3,Apartment,Unfurnished,Under Construction,Whitefield,3.6,20.0,4,3,4960000,0,2,1,9
1691.0,3,3,3,1,12,13,15,Apartment,Furnished,Ready to Move,Jayanagar,5.4,6.2,4,3,19490000,0,0,0,5
1016.0,2,3,1,1,10,4,7,Apartment,Semi-Furnished,Ready to Move,Whitefield,4.0,24.0,3,0,7820000,0,1,0,9
1027.0,2,3,2,1,15,2,5,Apartment,Unfurnished,Ready to Move,Hebbal,4.5,15.1,3,2,7800000,0,2,0,3
410.0,1,2,3,1,9,10,15,Independent House,Furnished,Ready to Move,HSR Layout,6.1,5.5,2,0,5280000,1,0,0,2
1171.0,2,2,1,1,8,1,5,Apartment,Semi-Furnished,Ready to Move,Jayanagar,5.5,5.1,3,3,12740000,0,1,0,5
871.0,4,5,1,1,4,4,7,Independent House,Unfurnished,Ready to Move,Yelahanka,1.5,12.7,4,1,4990000,1,2,0,10
1108.0,2,3,3,1,5,2,15,Independent House,Furnished,Under Construction,Marathahalli,5.5,6.2,6,1,8290000,1,0,1,7
1127.0,2,3,2,1,4,3,10,Apartment,Semi-Furnished,Ready to Move,Jayanagar,6.7,6.3,2,0,12570000,0,1,0,5
2557.0,4,6,1,1,7,9,10,Apartment,Unfurnished,Ready to Move,Electronic City,3.2,23.7,5,0,13220000,0,2,0,1
690.0,1,2,2,1,4,1,5,Apartment,Furnished,Under Construction,Electronic City,2.0,22.2,6,2,3400000,0,0,1,1
1382.0,3,3,1,1,1,5,5,Villa,Semi-Furnished,Under Construction,Marathahalli,6.4,15.3,1,1,13540000,2,1,1,7
961.0,2,2,1,1,0,3,10,Apartment,Semi-Furnished,Ready to Move,Banashankari,4.5,7.0,1,2,7980000,0,1,0,0
587.0,1,2,1,1,20,2,3,Apartment,Furnished,Ready to Move,Marathahalli,1.2,10.9,2,1,3840000,0,0,0,7
2712.875,4,4,2,1,0,14,20,Apartment,Furnished,Under Construction,Jayanagar,7.1,4.9,4,1,42770000,0,0,1,5
1205.0,2,2,2,1,0,1,7,Villa,Unfurnished,Ready to Move,Sarjapur Road,2.5,22.1,1,2,8460000,2,2,0,8
1596.0,3,3,1,1,4,6,7,Apartment,Furnished,Under Construction,Indiranagar,10.0,6.1,7,1,23390000,0,0,1,4
776.0,2,3,2,1,2,3,7,Apartment,Semi-Furnished,Under Construction,Whitefield,5.9,15.4,2,3,5270000,0,1,1,9
565.0,1,1,1,1,4,4,20,Apartment,Semi-Furnished,Ready to Move,Jayanagar,8.1,6.4,6,2,5830000,0,1,0,5
460.0,1,2,2,1,0,5,10,Apartment,Furnished,Under Construction,Banashankari,4.0,11.8,4,0,3870000,0,0,1,0
1106.0,2,2,1,1,1,5,7,Independent House,Furnished,Under Construction,Koramangala,7.8,6.3,5,2,17770000,1,0,1,6
565.0,1,1,1,1,12,2,10,Apartment,Semi-Furnished,Ready to Move,Sarjapur Road,4.0,21.9,3,2,3210000,0,1,0,8
1085.0,3,3,2,1,11,7,7,Independent House,Semi-Furnished,Ready to Move,HSR Layout,7.7,5.5,0,2,14070000,1,1,0,2
1422.0,3,3,1,1,0,6,10,Villa,Semi-Furnished,Under Construction,Jayanagar,5.1,6.4,2,3,23530000,2,1,1,5
788.0,2,3,2,1,8,6,7,Apartment,Unfurnished,Ready to Move,Whitefield,4.5,19.0,6,2,4830000,0,2,0,9
978.0,2,3,1,1,7,3,7,Villa,Furnished,Ready to Move,Indiranagar,10.0,6.8,5,2,20820000,2,0,0,4
1656.0,4,5,0,1,9,7,7,Apartment,Furnished,Under Construction,Sarjapur Road,2.9,15.5,3,1,10890000,0,0,1,8
2010.0,4,4,0,1,5,3,3,Apartment,Furnished,Under Construction,Electronic City,3.3,19.4,3,1,13690000,0,0,1,1
1610.0,3,3,2,1,2,2,3,Villa,Semi-Furnished,Ready to Move,Marathahalli,7.9,14.0,0,0,15840000,2,1,0,7
1978.0,4,4,1,1,8,2,5,Apartment,Unfurnished,Ready to Move,Hebbal,4.6,9.2,3,1,14320000,0,2,0,3
875.0,2,2,2,1,3,3,7,Villa,Furnished,Under Construction,Yelahanka,0.7,16.8,5,3,6500000,2,0,1,10
988.0,2,2,2,1,1,14,20,Apartment,Semi-Furnished,Ready to Move,HSR Layout,6.2,3.9,1,1,10090000,0,1,0,2
1595.0,3,4,1,1,4,6,10,Independent House,Unfurnished,Ready to Move,Electronic City,5.8,25.5,3,1,10020000,1,2,0,1
1089.0,3,3,1,1,11,14,25,Apartment,Furnished,Ready to Move,Koramangala,9.6,1.0,2,1,17260000,0,0,0,6
1472.0,3,3,1,1,5,1,7,Apartment,Furnished,Ready to Move,Banashankari,3.2,10.7,3,1,12630000,0,0,0,0
1200.0,2,3,3,1,2,3,7,Apartment,Semi-Furnished,Ready to Move,Yelahanka,3.6,14.3,2,0,5590000,0,1,0,10
2712.875,4,5,1,1,14,1,15,Independent House,Unfurnished,Under Construction,Jayanagar,6.4,1.7,4,2,37090000,1,2,1,5
2023.0,4,5,1,1,17,1,10,Independent House,Unfurnished,Ready to Move,Hebbal,6.2,12.5,0,2,17260000,1,2,0,3
1071.0,2,3,1,1,4,10,10,Apartment,Semi-Furnished,Under Construction,Jayanagar,5.7,8.7,1,1,10540000,0,1,1,5
1526.0,3,3,2,1,3,2,10,Independent House,Semi-Furnished,Under Construction,Marathahalli,4.7,17.5,4,3,12550000,1,1,1,7
1093.0,2,2,2,1,7,8,10,Apartment,Semi-Furnished,Ready to Move,Whitefield,7.2,23.4,1,1,8780000,0,1,0,9
565.0,2,3,3,1,0,10,15,Apartment,Furnished,Ready to Move,Sarjapur Road,0.0,15.4,7,3,3970000,0,0,0,8
654.0,2,2,2,1,9,6,10,Independent House,Semi-Furnished,Under Construction,Koramangala,8.9,4.6,0,2,8640000,1,1,1,6
1140.0,2,2,1,1,12,14,25,Independent House,Semi-Furnished,Ready to Move,Hebbal,7.0,6.7,3,1,10050000,1,1,0,3
384.0,1,2,1,1,4,14,20,Villa,Furnished,Ready to Move,Hebbal,2.7,12.2,2,3,4660000,2,0,0,3
2160.0,4,4,2,1,1,2,7,Independent House,Semi-Furnished,Ready to Move,Sarjapur Road,2.6,19.0,4,1,15240000,1,1,0,8
883.0,2,2,3,1,0,1,3,Apartment,Furnished,Under Construction,Whitefield,3.7,18.9,5,2,6460000,0,0,1,9
1121.0,3,4,1,1,8,3,3,Independent House,Furnished,Ready to Move,Electronic City,2.2,16.5,3,2,7370000,1,0,0,1
588.0,1,2,1,1,2,2,5,Apartment,Unfurnished,Ready to Move,HSR Layout,5.1,8.2,6,4,5370000,0,2,0,2
988.0,2,2,2,1,4,2,3,Apartment,Furnished,Under Construction,Electronic City,2.8,27.7,2,2,6300000,0,0,1,1
2712.875,4,4,1,1,3,1,7,Apartment,Unfurnished,Under Construction,Whitefield,5.6,21.2,2,2,17770000,0,2,1,9
1225.0,3,3,1,1,1,2,3,Apartment,Furnished,Ready to Move,Yelahanka,5.2,14.5,5,3,8570000,0,0,0,10
2712.875,4,5,3,1,5,7,10,Apartment,Semi-Furnished,Ready to Move,Jayanagar,8.6,5.5,1,2,47350000,0,1,0,5
2712.875,4,6,2,1,4,1,5,Apartment,Semi-Furnished,Under Construction,Electronic City,4.8,23.2,2,2,18010000,0,1,1,1
824.0,2,3,1,1,7,1,10,Apartment,Semi-Furnished,Under Construction,Electronic City,6.1,17.4,6,2,3620000,0,1,1,1
1101.0,2,3,1,1,2,3,5,Apartment,Unfurnished,Ready to Move,Indiranagar,10.0,1.0,1,1,14590000,0,2,0,4
2226.0,4,4,1,1,1,10,15,Apartment,Unfurnished,Ready to Move,Marathahalli,4.2,11.8,6,0,16820000,0,2,0,7
2712.875,4,5,3,1,13,14,15,Apartment,Furnished,Ready to Move,Jayanagar,8.8,4.5,3,1,41990000,0,0,0,5
1474.0,3,3,3,1,9,6,7,Apartment,Semi-Furnished,Ready to Move,Yelahanka,3.6,21.4,3,2,6850000,0,1,0,10
1232.0,3,3,2,1,11,2,20,Villa,Semi-Furnished,Under Construction,Jayanagar,6.3,6.2,0,1,16740000,2,1,1,5
1168.0,3,3,1,1,1,3,5,Independent House,Furnished,Ready to Move,Banashankari,4.6,6.4,1,2,13190000,1,0,0,0
1094.0,2,2,0,1,2,8,15,Independent House,Unfurnished,Ready to Move,Hebbal,6.5,12.2,1,1,10670000,1,2,0,3
1337.0,3,3,2,1,6,4,10,Apartment,Furnished,Ready to Move,HSR Layout,8.5,3.9,3,2,16170000,0,0,0,2
1967.0,4,5,1,1,15,4,7,Villa,Semi-Furnished,Under Construction,Yelahanka,3.9,13.3,1,3,11180000,2,1,1,10
1478.0,3,4,2,1,17,3,3,Apartment,Unfurnished,Under Construction,Whitefield,3.7,17.8,2,2,8090000,0,2,1,9
579.0,1,1,2,1,14,2,5,Apartment,Furnished,Ready to Move,Hebbal,4.3,8.9,1,3,5360000,0,0,0,3
678.0,2,2,1,1,0,5,20,Apartment,Semi-Furnished,Ready to Move,Electronic City,0.6,25.7,5,4,3910000,0,1,0,1
1194.0,2,3,3,1,13,6,10,Independent House,Unfurnished,Ready to Move,Yelahanka,3.5,18.0,5,1,5190000,1,2,0,10
973.0,2,3,0,1,18,5,5,Apartment,Semi-Furnished,Ready to Move,Hebbal,5.4,8.4,7,2,8040000,0,1,0,3
1918.0,4,4,2,1,0,2,10,Apartment,Furnished,Ready to Move,Hebbal,3.4,8.2,1,3,15510000,0,0,0,3
597.0,1,2,1,1,4,3,5,Apartment,Unfurnished,Ready to Move,Hebbal,5.7,8.2,1,0,3960000,0,2,0,3
994.0,2,3,2,1,6,2,3,Independent House,Semi-Furnished,Ready to Move,Electronic City,4.0,21.4,1,1,6740000,1,1,0,1
1095.0,2,2,2,1,2,8,20,Villa,Furnished,Ready to Move,Whitefield,2.1,20.6,0,4,12930000,2,0,0,9
1550.0,3,3,0,1,5,5,10,Apartment,Furnished,Under Construction,Electronic City,2.9,23.2,3,0,8430000,0,0,1,1
1600.0,3,3,1,1,17,2,7,Apartment,Furnished,Under Construction,Koramangala,10.0,1.0,1,2,19200000,0,0,1,6
1206.0,2,2,1,1,16,1,20,Apartment,Semi-Furnished,Ready to Move,Sarjapur Road,2.7,17.5,0,1,6840000,0,1,0,8
1117.0,2,2,1,1,22,1,7,Villa,Semi-Furnished,Ready to Move,Electronic City,3.4,21.8,3,0,7360000,2,1,0,1
919.0,2,3,2,1,5,7,7,Apartment,Semi-Furnished,Ready to Move,Banashankari,4.9,11.6,2,3,7570000,0,1,0,0
1085.0,3,4,1,1,4,5,7,Independent House,Unfurnished,Ready to Move,Marathahalli,4.0,16.3,3,0,8260000,1,2,0,7
1266.0,2,2,1,1,8,1,10,Apartment,Semi-Furnished,Ready to Move,Hebbal,6.0,7.7,3,2,9340000,0,1,0,3
1904.0,4,4,1,1,4,9,10,Villa,Semi-Furnished,Ready to Move,Koramangala,9.4,1.0,5,5,40330000,2,1,0,6
1267.0,3,4,2,1,0,2,3,Apartment,Furnished,Under Construction,Hebbal,6.9,11.7,3,1,11130000,0,0,1,3
358.0,1,1,2,1,10,6,10,Apartment,Unfurnished,Ready to Move,Yelahanka,2.5,14.1,4,5,1390000,0,2,0,10
1494.0,3,3,1,1,2,7,15,Apartment,Semi-Furnished,Ready to Move,Indiranagar,9.5,2.1,1,1,22600000,0,1,0,4
978.0,2,3,2,1,0,1,10,Apartment,Semi-Furnished,Ready to Move,Marathahalli,5.3,11.7,3,3,7160000,0,1,0,7
975.0,3,3,2,1,0,10,20,Apartment,Semi-Furnished,Under Construction,Sarjapur Road,4.8,19.7,4,4,5740000,0,1,1,8
1036.0,2,2,0,1,21,3,7,Independent House,Semi-Furnished,Under Construction,Koramangala,6.9,1.0,2,2,11460000,1,1,1,6
1260.0,3,3,2,1,2,1,5,Apartment,Unfurnished,Ready to Move,Jayanagar,6.9,11.5,3,0,12520000,0,2,0,5
2153.0,3,3,1,1,4,5,10,Villa,Unfurnished,Ready to Move,Electronic City,2.4,19.8,3,0,17180000,2,2,0,1
1772.0,4,4,0,1,24,2,5,Independent House,Semi-Furnished,Ready to Move,Koramangala,6.9,5.9,2,2,29330000,1,1,0,6
867.0,2,2,1,1,5,3,3,Apartment,Furnished,Ready to Move,Electronic City,3.7,20.0,4,4,5100000,0,0,0,1
783.0,2,3,1,1,0,2,3,Villa,Furnished,Ready to Move,Whitefield,4.1,15.4,6,2,9360000,2,0,0,9
1757.0,3,3,2,1,6,12,15,Villa,Semi-Furnished,Ready to Move,Whitefield,4.6,19.6,2,3,14350000,2,1,0,9
1850.0,4,4,0,1,0,1,3,Apartment,Furnished,Under Construction,Koramangala,5.7,1.0,2,3,26900000,0,0,1,6
1710.0,4,4,0,1,0,5,7,Independent House,Semi-Furnished,Ready to Move,Banashankari,4.4,8.4,3,1,15380000,1,1,0,0
627.0,1,1,1,1,15,1,5,Apartment,Semi-Furnished,Under Construction,Jayanagar,3.3,5.9,2,1,4790000,0,1,1,5
687.0,2,3,2,1,2,6,15,Apartment,Unfurnished,Ready to Move,Banashankari,3.1,5.9,5,1,4910000,0,2,0,0
1575.0,3,3,2,1,9,10,10,Villa,Furnished,Under Construction,Indiranagar,8.5,5.5,3,2,33080000,2,0,1,4
1288.0,2,3,1,1,5,3,5,Apartment,Semi-Furnished,Ready to Move,Electronic City,5.2,25.1,3,5,6800000,0,1,0,1
1057.0,2,2,2,1,2,1,15,Apartment,Semi-Furnished,Ready to Move,Jayanagar,7.5,5.7,4,2,12830000,0,1,0,5
1071.0,2,2,3,1,5,5,15,Apartment,Unfurnished,Under Construction,Indiranagar,8.8,2.8,6,3,12490000,0,2,1,4
1643.0,3,4,1,1,0,2,10,Independent House,Semi-Furnished,Ready to Move,Whitefield,3.8,21.2,2,3,16370000,1,1,0,9
2683.0,4,4,2,1,3,3,7,Independent House,Unfurnished,Ready to Move,Marathahalli,3.6,15.3,4,1,18650000,1,2,0,7
2712.875,4,6,1,1,5,8,10,Apartment,Semi-Furnished,Ready to Move,HSR Layout,8.3,9.1,3,0,36930000,0,1,0,2
1033.0,2,2,0,1,2,13,20,Villa,Furnished,Ready to Move,Marathahalli,2.3,18.1,5,3,11080000,2,0,0,7
1653.0,3,3,1,1,8,3,3,Independent House,Unfurnished,Ready to Move,Marathahalli,2.9,13.1,2,4,10050000,1,2,0,7
1645.0,4,5,0,1,0,3,7,Apartment,Semi-Furnished,Under Construction,Koramangala,9.6,8.5,1,1,28380000,0,1,1,6
1097.0,2,3,3,1,5,6,7,Apartment,Unfurnished,Ready to Move,Whitefield,3.8,18.0,4,0,6020000,0,2,0,9
1118.0,3,4,1,1,10,2,10,Villa,Furnished,Under Construction,Hebbal,7.9,14.6,6,0,14210000,2,0,1,3
880.0,2,3,2,1,4,3,10,Independent House,Semi-Furnished,Ready to Move,Indiranagar,9.7,4.3,1,4,18340000,1,1,0,4
364.0,2,3,1,1,16,1,5,Independent House,Unfurnished,Ready to Move,Whitefield,6.1,20.8,2,4,2640000,1,2,0,9
1026.0,2,2,2,1,8,1,5,Apartment,Furnished,Ready to Move,Banashankari,2.2,1.9,3,2,8690000,0,0,0,0
479.0,1,1,1,1,24,14,20,Apartment,Furnished,Under Construction,Whitefield,5.9,26.5,1,1,2640000,0,0,1,9
1711.0,3,3,2,1,2,14,15,Apartment,Furnished,Under Construction,Sarjapur Road,2.4,19.0,0,4,11860000,0,0,1,8
1024.0,2,2,0,1,22,13,20,Apartment,Unfurnished,Ready to Move,Banashankari,5.7,11.1,1,1,6270000,0,2,0,0
1163.0,2,2,2,1,7,12,15,Apartment,Semi-Furnished,Under Construction,HSR Layout,5.8,5.9,3,6,9470000,0,1,1,2
744.0,2,3,2,1,10,4,7,Independent House,Furnished,Ready to Move,Koramangala,8.3,4.5,3,5,12200000,1,0,0,6
2415.0,4,4,2,1,18,4,5,Apartment,Furnished,Under Construction,Koramangala,6.3,3.5,2,1,31460000,0,0,1,6
1989.0,3,4,0,1,6,7,10,Independent House,Furnished,Ready to Move,Electronic City,0.8,18.8,2,1,15930000,1,0,0,1
1613.0,3,3,1,1,15,1,7,Apartment,Semi-Furnished,Ready to Move,Whitefield,4.6,23.9,2,4,12710000,0,1,0,9
1621.0,3,3,2,1,6,1,7,Apartment,Semi-Furnished,Ready to Move,Sarjapur Road,3.2,18.4,1,3,9440000,0,1,0,8
982.0,2,3,0,1,7,6,7,Apartment,Furnished,Under Construction,Whitefield,3.0,19.8,2,2,6610000,0,0,1,9
850.0,2,2,1,1,4,9,20,Apartment,Unfurnished,Ready to Move,Jayanagar,4.1,7.9,3,3,8390000,0,2,0,5
1613.0,3,3,1,1,1,2,3,Apartment,Semi-Furnished,Ready to Move,Banashankari,0.7,5.4,2,0,14090000,0,1,0,0
663.0,2,2,1,1,6,2,5,Independent House,Furnished,Under Construction,Hebbal,5.8,12.5,4,2,6520000,1,0,1,3
870.0,2,3,1,1,24,1,10,Independent House,Unfurnished,Ready to Move,Marathahalli,3.6,14.3,2,2,5040000,1,2,0,7
904.0,3,3,2,1,12,14,20,Apartment,Unfurnished,Ready to Move,Electronic City,2.4,22.4,1,0,4870000,0,2,0,1
816.0,2,2,1,1,11,1,20,Apartment,Semi-Furnished,Under Construction,Marathahalli,4.3,17.1,4,4,3970000,0,1,1,7
1071.0,2,3,0,1,8,3,10,Independent House,Furnished,Under Construction,Jayanagar,8.2,4.7,0,4,13610000,1,0,1,5
1541.0,3,3,1,1,3,2,3,Apartment,Furnished,Under Construction,Indiranagar,9.1,3.4,3,1,27630000,0,0,1,4
959.0,2,3,1,1,1,7,7,Apartment,Semi-Furnished,Ready to Move,Koramangala,7.3,2.2,2,2,12470000,0,1,0,6
1447.0,3,3,2,1,2,14,20,Apartment,Furnished,Ready to Move,Yelahanka,6.2,14.0,5,2,9310000,0,0,0,10
871.0,3,3,0,1,0,4,10,Independent House,Semi-Furnished,Under Construction,Indiranagar,7.7,8.3,3,2,13540000,1,1,1,4
1295.0,3,4,2,1,8,8,15,Apartment,Furnished,Ready to Move,Koramangala,5.9,3.8,6,1,22720000,0,0,0,6
1209.0,3,4,1,1,13,4,7,Apartment,Unfurnished,Ready to Move,Electronic City,3.5,25.1,3,2,5110000,0,2,0,1
824.0,2,3,1,1,2,2,3,Independent House,Semi-Furnished,Ready to Move,Electronic City,2.9,22.8,4,1,5870000,1,1,0,1
1063.0,2,3,1,1,0,6,10,Apartment,Unfurnished,Under Construction,Hebbal,6.4,9.4,5,0,7740000,0,2,1,3
786.0,2,2,0,1,3,3,15,Apartment,Unfurnished,Ready to Move,Sarjapur Road,2.9,13.5,4,0,4770000,0,2,0,8
835.0,2,2,2,1,2,14,25,Apartment,Unfurnished,Under Construction,Sarjapur Road,3.4,13.6,4,3,4110000,0,2,1,8
1631.0,4,5,1,1,4,14,15,Independent House,Semi-Furnished,Ready to Move,Whitefield,3.0,17.3,6,1,14790000,1,1,0,9
1882.0,4,5,2,1,2,8,10,Apartment,Furnished,Under Construction,Electronic City,4.5,25.1,4,2,12250000,0,0,1,1
743.0,2,3,3,1,3,2,10,Independent House,Semi-Furnished,Ready to Move,Indiranagar,8.9,8.9,2,2,15430000,1,1,0,4
558.0,1,2,2,1,19,13,15,Villa,Unfurnished,Ready to Move,Whitefield,3.9,20.3,2,3,3910000,2,2,0,9
445.0,1,1,1,1,3,3,3,Apartment,Furnished,Ready to Move,HSR Layout,6.1,12.8,4,3,5080000,0,0,0,2
969.0,2,2,1,1,12,5,25,Independent House,Unfurnished,Under Construction,Sarjapur Road,3.6,16.3,4,1,5390000,1,2,1,8
922.0,2,3,3,1,7,6,10,Apartment,Furnished,Ready to Move,Koramangala,5.8,2.1,1,1,13000000,0,0,0,6
1868.0,3,4,2,1,3,14,25,Apartment,Furnished,Ready to Move,Jayanagar,8.4,8.3,3,5,27800000,0,0,0,5
2198.0,4,5,2,1,13,12,15,Apartment,Semi-Furnished,Under Construction,HSR Layout,8.0,10.5,3,4,23090000,0,1,1,2
884.0,3,4,1,1,7,5,5,Apartment,Unfurnished,Ready to Move,Whitefield,4.4,22.2,3,2,6670000,0,2,0,9
709.0,2,2,2,1,0,3,5,Apartment,Semi-Furnished,Under Construction,HSR Layout,6.2,10.2,2,1,6250000,0,1,1,2
960.0,2,2,2,1,0,3,7,Apartment,Furnished,Under Construction,Banashankari,3.2,6.9,3,2,7010000,0,0,1,0
1139.0,3,3,1,1,11,6,7,Apartment,Semi-Furnished,Ready to Move,Hebbal,7.6,11.4,2,2,9450000,0,1,0,3
812.0,4,4,2,1,4,3,7,Independent House,Unfurnished,Ready to Move,Banashankari,6.9,8.9,5,1,7230000,1,2,0,0
2539.0,4,4,1,1,4,1,10,Apartment,Furnished,Ready to Move,Indiranagar,9.3,5.7,3,2,47850000,0,0,0,4
2288.0,4,4,0,1,1,5,7,Independent House,Semi-Furnished,Ready to Move,Whitefield,5.6,17.2,4,2,22410000,1,1,0,9
1545.0,3,3,2,1,1,1,3,Apartment,Unfurnished,Ready to Move,Jayanagar,8.5,5.6,0,3,16850000,0,2,0,5
1229.0,3,4,0,1,12,5,25,Apartment,Furnished,Ready to Move,Indiranagar,10.0,1.0,4,4,18460000,0,0,0,4
1031.0,2,3,1,1,14,3,7,Apartment,Furnished,Ready to Move,Hebbal,3.7,11.0,3,2,9770000,0,0,0,3
1202.0,3,4,1,1,6,11,20,Apartment,Semi-Furnished,Ready to Move,Whitefield,3.9,17.2,1,1,8240000,0,1,0,9
988.0,2,2,1,1,2,1,3,Apartment,Unfurnished,Ready to Move,Indiranagar,9.4,1.0,4,4,14390000,0,2,0,4
775.0,2,2,1,1,21,14,15,Independent House,Semi-Furnished,Ready to Move,Koramangala,8.3,10.6,2,2,9080000,1,1,0,6
1824.0,3,3,3,1,7,2,5,Independent House,Semi-Furnished,Under Construction,Electronic City,4.5,19.7,5,2,11000000,1,1,1,1
651.0,2,3,1,1,12,1,10,Independent House,Unfurnished,Ready to Move,Sarjapur Road,4.6,15.2,4,2,3970000,1,2,0,8
685.0,1,1,1,1,0,2,10,Apartment,Furnished,Under Construction,Indiranagar,9.0,9.9,0,1,10450000,0,0,1,4
554.0,1,1,2,1,4,4,20,Independent House,Furnished,Ready to Move,Electronic City,0.0,18.5,2,0,3480000,1,0,0,1
496.0,1,2,1,1,16,2,7,Apartment,Semi-Furnished,Under Construction,Electronic City,5.1,17.6,3,3,2290000,0,1,1,1
568.0,1,1,0,1,3,1,5,Apartment,Semi-Furnished,Ready to Move,Indiranagar,9.9,4.4,2,2,8220000,0,1,0,4
1089.0,2,3,0,1,10,10,20,Independent House,Unfurnished,Ready to Move,Hebbal,8.1,10.5,5,0,8750000,1,2,0,3
1209.0,2,2,0,1,8,3,7,Villa,Semi-Furnished,Ready to Move,Yelahanka,2.3,14.1,2,1,8230000,2,1,0,10
1009.0,2,2,1,1,1,2,5,Apartment,Unfurnished,Under Construction,Banashankari,1.9,5.2,3,1,5730000,0,2,1,0
2301.0,4,5,1,1,11,2,10,Apartment,Unfurnished,Ready to Move,Hebbal,4.7,11.4,1,1,18190000,0,2,0,3
960.0,2,3,1,1,0,1,5,Apartment,Semi-Furnished,Ready to Move,Electronic City,4.0,26.9,3,0,5920000,0,1,0,1
1295.0,2,3,2,1,10,4,7,Villa,Furnished,Ready to Move,Sarjapur Road,3.0,13.2,2,1,11410000,2,0,0,8
1777.0,3,3,0,1,24,5,7,Apartment,Semi-Furnished,Ready to Move,Indiranagar,10.0,7.5,4,0,18080000,0,1,0,4
2363.0,4,4,3,1,24,2,7,Independent House,Semi-Furnished,Ready to Move,HSR Layout,5.3,14.6,3,2,23980000,1,1,0,2
1622.0,3,3,2,1,12,10,10,Apartment,Unfurnished,Ready to Move,Hebbal,4.8,10.1,3,1,11850000,0,2,0,3
1082.0,2,3,0,1,6,6,7,Apartment,Semi-Furnished,Under Construction,Whitefield,4.0,21.1,3,4,6960000,0,1,1,9
1724.0,3,4,3,1,8,8,15,Apartment,Semi-Furnished,Ready to Move,Yelahanka,7.2,15.6,5,0,9180000,0,1,0,10
1272.0,3,4,1,1,10,12,20,Apartment,Unfurnished,Ready to Move,Indiranagar,7.3,1.0,3,1,19110000,0,2,0,4
1020.0,3,3,1,1,0,3,5,Apartment,Unfurnished,Ready to Move,Marathahalli,4.9,17.7,0,3,5810000,0,2,0,7
1419.0,3,3,1,1,0,12,15,Villa,Unfurnished,Ready to Move,Marathahalli,2.2,14.1,6,3,12940000,2,2,0,7
1672.0,4,4,2,1,7,14,20,Independent House,Semi-Furnished,Ready to Move,Yelahanka,3.5,14.4,2,1,11370000,1,1,0,10
1577.0,4,5,1,1,0,4,10,Independent House,Unfurnished,Under Construction,Marathahalli,2.6,9.4,1,2,12340000,1,2,1,7
1198.0,3,4,0,1,19,7,25,Independent House,Furnished,Ready to Move,Marathahalli,5.6,15.6,3,1,9070000,1,0,0,7
1422.0,2,2,0,1,5,5,7,Independent House,Furnished,Ready to Move,Whitefield,5.7,20.5,3,1,13600000,1,0,0,9
1438.0,3,3,2,1,2,5,15,Apartment,Unfurnished,Under Construction,Jayanagar,7.1,7.8,4,2,13880000,0,2,1,5
2144.0,4,4,1,1,4,8,10,Independent House,Semi-Furnished,Under Construction,Koramangala,5.9,5.7,1,3,32000000,1,1,1,6
415.0,1,1,0,1,15,7,7,Apartment,Semi-Furnished,Ready to Move,Sarjapur Road,3.6,15.6,2,6,2360000,0,1,0,8
1767.0,4,6,1,1,20,5,15,Apartment,Furnished,Under Construction,Jayanagar,6.2,1.0,0,3,19980000,0,0,1,5
794.0,2,2,2,1,0,8,10,Apartment,Unfurnished,Ready to Move,Sarjapur Road,4.9,17.7,1,3,5100000,0,2,0,8
1802.0,3,4,1,1,12,1,5,Apartment,Semi-Furnished,Ready to Move,Whitefield,3.0,19.5,1,5,13350000,0,1,0,9
2133.0,4,5,1,1,6,3,5,Apartment,Semi-Furnished,Under Construction,Whitefield,6.1,20.5,3,3,13620000,0,1,1,9
1063.0,2,3,2,1,7,1,15,Independent House,Semi-Furnished,Ready to Move,Sarjapur Road,5.1,22.6,0,3,7620000,1,1,0,8
1606.0,3,4,0,1,12,9,15,Apartment,Unfurnished,Ready to Move,Whitefield,2.3,19.9,1,3,9110000,0,2,0,9
837.0,2,3,2,1,2,6,10,Apartment,Unfurnished,Ready to Move,Whitefield,4.8,22.1,1,2,4720000,0,2,0,9
1213.0,2,3,3,1,6,8,10,Apartment,Unfurnished,Ready to Move,Whitefield,4.3,21.1,3,1,8120000,0,2,0,9
829.0,2,2,2,1,3,3,5,Apartment,Unfurnished,Ready to Move,Banashankari,6.2,3.8,3,2,5610000,0,2,0,0
1217.0,2,3,0,1,0,6,7,Apartment,Unfurnished,Ready to Move,Sarjapur Road,2.6,14.1,3,4,7490000,0,2,0,8
1034.0,2,3,1,1,0,12,20,Apartment,Semi-Furnished,Ready to Move,Electronic City,3.6,25.5,3,2,5970000,0,1,0,1
1798.0,4,5,0,1,1,11,20,Apartment,Semi-Furnished,Ready to Move,HSR Layout,8.0,7.4,3,4,26190000,0,1,0,2
2381.0,4,6,3,1,7,4,10,Apartment,Semi-Furnished,Ready to Move,Electronic City,3.7,23.1,2,4,15250000,0,1,0,1
610.0,2,3,3,1,0,13,25,Independent House,Unfurnished,Ready to Move,Sarjapur Road,0.9,14.9,5,4,3790000,1,2,0,8
1725.0,3,4,1,1,6,14,20,Villa,Unfurnished,Under Construction,Marathahalli,3.3,16.2,3,2,12310000,2,2,1,7
547.0,1,1,2,1,7,2,5,Apartment,Furnished,Under Construction,Koramangala,9.4,4.7,3,3,6200000,0,0,1,6
304.0,1,2,2,1,18,6,7,Apartment,Unfurnished,Ready to Move,Koramangala,9.2,3.1,1,1,2800000,0,2,0,6
1021.0,2,2,1,1,7,2,5,Apartment,Furnished,Ready to Move,Whitefield,1.0,22.0,4,1,7590000,0,0,0,9
2499.0,4,6,1,1,24,1,10,Independent House,Furnished,Ready to Move,Marathahalli,4.3,14.8,6,4,20770000,1,0,0,7
1406.0,4,4,0,1,0,14,15,Apartment,Unfurnished,Ready to Move,Sarjapur Road,5.1,15.8,2,3,9450000,0,2,0,8
1268.0,2,2,1,1,9,4,5,Apartment,Furnished,Ready to Move,HSR Layout,7.1,10.0,7,0,16820000,0,0,0,2
970.0,2,2,2,1,0,2,20,Independent House,Semi-Furnished,Ready to Move,Whitefield,5.3,22.0,1,1,7600000,1,1,0,9
894.0,2,2,3,1,10,5,10,Apartment,Semi-Furnished,Ready to Move,Whitefield,7.4,23.3,0,1,6380000,0,1,0,9
1288.0,3,3,0,1,3,1,15,Apartment,Furnished,Ready to Move,Banashankari,4.6,7.6,2,1,11660000,0,0,0,0
976.0,3,3,1,1,7,2,3,Apartment,Semi-Furnished,Ready to Move,HSR Layout,6.8,15.4,2,2,12600000,0,1,0,2
702.0,2,3,1,1,2,1,3,Independent House,Semi-Furnished,Ready to Move,Sarjapur Road,2.3,15.8,3,0,6120000,1,1,0,8
1759.0,3,4,2,1,1,5,10,Independent House,Semi-Furnished,Ready to Move,Marathahalli,3.0,9.3,4,0,16070000,1,1,0,7
859.0,2,2,2,1,10,5,15,Villa,Furnished,Under Construction,Electronic City,2.8,17.8,7,3,5680000,2,0,1,1
2008.0,4,4,1,1,18,7,20,Apartment,Semi-Furnished,Under Construction,HSR Layout,7.6,10.0,3,1,15840000,0,1,1,2
827.0,3,3,2,1,1,5,10,Apartment,Unfurnished,Ready to Move,Koramangala,6.9,4.0,5,2,10140000,0,2,0,6
699.0,2,3,0,1,20,3,5,Independent House,Unfurnished,Under Construction,Marathahalli,5.9,14.4,3,0,3690000,1,2,1,7
1570.0,3,3,1,1,1,2,5,Independent House,Furnished,Under Construction,Sarjapur Road,2.0,16.0,3,2,12900000,1,0,1,8
2151.0,4,4,3,1,10,14,20,Apartment,Unfurnished,Ready to Move,Marathahalli,5.0,20.7,2,0,13450000,0,2,0,7
1283.0,2,2,0,1,24,3,5,Independent House,Semi-Furnished,Ready to Move,Jayanagar,7.5,10.5,2,1,15140000,1,1,0,5
1205.0,2,2,1,1,1,10,10,Apartment,Semi-Furnished,Ready to Move,Whitefield,4.7,16.6,4,1,9860000,0,1,0,9
1907.0,4,4,1,1,4,7,10,Apartment,Unfurnished,Ready to Move,Banashankari,6.1,7.7,4,2,17120000,0,2,0,0
1039.0,2,2,1,1,3,7,7,Villa,Unfurnished,Ready to Move,Hebbal,3.9,12.1,2,3,9170000,2,2,0,3
515.0,1,2,2,1,3,3,7,Apartment,Unfurnished,Under Construction,HSR Layout,5.6,12.1,4,2,4060000,0,2,1,2
1975.0,3,4,2,1,11,13,20,Independent House,Semi-Furnished,Ready to Move,Banashankari,3.2,3.4,1,2,18240000,1,1,0,0
2459.0,4,4,2,1,8,14,20,Apartment,Furnished,Ready to Move,Marathahalli,4.0,8.9,1,4,19930000,0,0,0,7
1447.0,3,4,1,1,24,1,20,Apartment,Semi-Furnished,Under Construction,Marathahalli,3.8,10.3,4,0,7170000,0,1,1,7
2080.0,4,4,1,1,1,1,7,Independent House,Semi-Furnished,Under Construction,Sarjapur Road,5.0,22.5,2,3,15760000,1,1,1,8
1804.0,3,4,0,1,6,2,5,Independent House,Semi-Furnished,Under Construction,Hebbal,5.6,10.0,2,2,18090000,1,1,1,3
1060.0,2,2,2,1,4,11,25,Apartment,Furnished,Under Construction,Marathahalli,5.0,16.4,1,1,5760000,0,0,1,7
1836.0,3,4,1,1,20,5,5,Apartment,Semi-Furnished,Ready to Move,Koramangala,7.7,5.8,1,1,23640000,0,1,0,6
785.0,3,4,2,1,0,7,10,Villa,Unfurnished,Ready to Move,Electronic City,3.9,21.5,3,3,5590000,2,2,0,1
600.0,1,1,1,1,24,7,7,Apartment,Semi-Furnished,Ready to Move,Yelahanka,5.7,18.5,1,2,2400000,0,1,0,10
852.0,2,3,0,1,5,10,10,Independent House,Furnished,Ready to Move,HSR Layout,4.3,6.3,6,1,13190000,1,0,0,2
743.0,1,1,1,1,7,7,7,Independent House,Semi-Furnished,Ready to Move,Electronic City,0.6,20.6,6,2,4250000,1,1,0,1
1832.0,3,4,3,1,3,4,20,Apartment,Furnished,Ready to Move,Indiranagar,9.6,1.0,2,3,34000000,0,0,0,4
2013.0,4,4,1,1,15,10,25,Apartment,Unfurnished,Ready to Move,Indiranagar,7.4,5.3,1,3,27100000,0,2,0,4
1829.0,3,3,0,1,6,1,7,Apartment,Furnished,Ready to Move,Marathahalli,1.9,11.6,3,3,12850000,0,0,0,7
2712.875,4,5,0,1,8,3,3,Independent House,Unfurnished,Ready to Move,Yelahanka,3.8,22.6,6,2,21950000,1,2,0,10
558.0,1,1,1,1,8,10,10,Apartment,Unfurnished,Under Construction,HSR Layout,4.8,10.2,3,2,4410000,0,2,1,2
2712.875,4,4,0,1,3,3,7,Apartment,Semi-Furnished,Ready to Move,Koramangala,10.0,6.5,1,3,45970000,0,1,0,6
1987.0,4,4,1,1,0,11,25,Apartment,Unfurnished,Ready to Move,Koramangala,8.2,6.0,3,1,26180000,0,2,0,6
909.0,2,3,1,1,13,1,3,Apartment,Semi-Furnished,Ready to Move,Yelahanka,2.7,15.8,2,2,4190000,0,1,0,10
2712.875,4,5,1,1,2,1,5,Apartment,Furnished,Ready to Move,Marathahalli,2.8,17.0,3,2,29280000,0,0,0,7
882.0,2,2,0,1,15,1,10,Apartment,Furnished,Under Construction,HSR Layout,6.7,10.1,2,1,9190000,0,0,1,2
2034.0,4,5,1,1,7,14,15,Independent House,Semi-Furnished,Ready to Move,Hebbal,2.6,13.4,4,2,21630000,1,1,0,3
2563.0,4,4,2,1,3,7,10,Independent House,Semi-Furnished,Ready to Move,Hebbal,1.3,19.1,2,2,26760000,1,1,0,3
1405.0,3,3,0,1,7,1,7,Independent House,Furnished,Ready to Move,Hebbal,2.7,12.6,3,3,16710000,1,0,0,3
925.0,3,3,1,1,8,5,7,Apartment,Semi-Furnished,Ready to Move,Yelahanka,4.7,14.4,1,2,4470000,0,1,0,10
1019.0,2,2,1,1,9,4,7,Apartment,Furnished,Ready to Move,HSR Layout,4.9,7.9,3,1,12340000,0,0,0,2
1205.0,3,3,1,1,13,1,5,Villa,Furnished,Under Construction,Sarjapur Road,1.5,17.8,5,0,7560000,2,0,1,8
1114.0,2,3,2,1,1,14,20,Apartment,Unfurnished,Ready to Move,Indiranagar,8.5,5.4,3,1,15200000,0,2,0,4
1594.0,3,3,2,1,23,1,3,Independent House,Unfurnished,Ready to Move,Hebbal,8.3,12.2,3,2,13270000,1,2,0,3
1811.0,3,3,2,1,4,4,7,Villa,Semi-Furnished,Ready to Move,Sarjapur Road,5.3,13.3,7,1,14690000,2,1,0,8
2363.0,4,4,1,1,15,13,15,Apartment,Furnished,Ready to Move,Sarjapur Road,2.5,11.2,4,2,16420000,0,0,0,8
669.0,1,1,1,1,1,3,3,Independent House,Furnished,Ready to Move,Marathahalli,2.8,11.1,4,1,5600000,1,0,0,7
1732.0,4,4,1,1,0,5,20,Independent House,Semi-Furnished,Ready to Move,Koramangala,6.8,4.2,3,2,28840000,1,1,0,6
2321.0,4,4,1,1,6,14,15,Apartment,Unfurnished,Ready to Move,Jayanagar,5.3,6.2,4,3,24280000,0,2,0,5
1951.0,3,3,1,1,3,3,3,Apartment,Unfurnished,Ready to Move,Banashankari,5.5,9.4,5,1,15780000,0,2,0,0
819.0,2,2,1,1,24,13,20,Apartment,Furnished,Under Construction,Yelahanka,2.5,17.1,3,3,3400000,0,0,1,10
747.0,1,2,2,1,0,3,10,Apartment,Semi-Furnished,Under Construction,Whitefield,2.7,18.5,3,3,4410000,0,1,1,9
489.0,1,1,0,1,0,3,10,Apartment,Semi-Furnished,Ready to Move,Koramangala,6.0,1.0,4,1,6090000,0,1,0,6
1161.0,3,3,3,1,0,14,20,Apartment,Furnished,Ready to Move,Koramangala,10.0,5.6,2,4,20800000,0,0,0,6
1482.0,3,4,0,1,1,14,20,Independent House,Furnished,Ready to Move,Sarjapur Road,4.8,18.7,3,2,11670000,1,0,0,8
2712.875,4,5,2,1,6,1,7,Apartment,Semi-Furnished,Ready to Move,Hebbal,3.7,8.7,4,4,27050000,0,1,0,3
1123.0,2,3,1,1,5,2,5,Apartment,Semi-Furnished,Ready to Move,HSR Layout,8.2,11.9,2,2,11470000,0,1,0,2
767.0,2,3,2,1,3,7,7,Villa,Semi-Furnished,Ready to Move,Jayanagar,4.9,8.9,5,2,13020000,2,1,0,5
1521.0,3,3,0,1,0,2,15,Apartment,Semi-Furnished,Ready to Move,Hebbal,4.8,14.4,4,4,12900000,0,1,0,3
1725.0,4,4,1,1,2,14,20,Independent House,Semi-Furnished,Ready to Move,Sarjapur Road,3.3,20.9,2,2,14390000,1,1,0,8
1404.0,4,5,1,1,1,3,3,Apartment,Unfurnished,Ready to Move,Jayanagar,6.9,3.7,2,1,14610000,0,2,0,5
1628.0,4,5,3,1,10,3,3,Apartment,Furnished,Ready to Move,Marathahalli,2.6,16.6,2,3,12860000,0,0,0,7
807.0,2,3,3,1,12,5,15,Apartment,Furnished,Under Construction,Jayanagar,6.9,5.5,5,5,9120000,0,0,1,5
1546.0,3,3,1,1,12,2,7,Independent House,Furnished,Ready to Move,HSR Layout,3.7,16.1,2,1,22450000,1,0,0,2
2460.0,4,4,2,1,24,6,7,Apartment,Semi-Furnished,Ready to Move,Jayanagar,6.1,8.7,2,1,24410000,0,1,0,5
987.0,3,4,1,1,17,1,5,Independent House,Semi-Furnished,Ready to Move,Sarjapur Road,5.7,19.3,4,1,6840000,1,1,0,8
1016.0,2,2,1,1,5,4,7,Apartment,Unfurnished,Under Construction,Yelahanka,4.5,21.1,4,1,4610000,0,2,1,10
726.0,2,3,1,1,4,12,25,Apartment,Semi-Furnished,Ready to Move,Marathahalli,3.0,12.5,3,0,5260000,0,1,0,7
619.0,1,1,3,1,19,14,25,Apartment,Semi-Furnished,Under Construction,Sarjapur Road,1.4,19.7,4,4,2670000,0,1,1,8
1225.0,3,4,1,1,7,5,7,Independent House,Semi-Furnished,Ready to Move,Koramangala,4.7,10.7,3,2,19320000,1,1,0,6
750.0,2,2,0,1,2,14,25,Independent House,Unfurnished,Ready to Move,Indiranagar,9.6,7.4,2,5,12750000,1,2,0,4
1101.0,2,2,1,1,6,7,7,Apartment,Semi-Furnished,Under Construction,Whitefield,4.8,20.5,1,2,7710000,0,1,1,9
838.0,2,3,1,1,24,9,20,Apartment,Semi-Furnished,Under Construction,HSR Layout,6.9,9.2,3,6,6910000,0,1,1,2
1311.0,3,3,1,1,15,1,5,Apartment,Unfurnished,Under Construction,Sarjapur Road,6.2,15.1,2,1,5450000,0,2,1,8
528.0,2,2,1,1,2,6,15,Apartment,Unfurnished,Under Construction,Banashankari,4.9,7.1,4,0,3340000,0,2,1,0
1665.0,3,3,1,1,24,7,7,Apartment,Semi-Furnished,Ready to Move,Whitefield,4.7,17.5,3,3,10160000,0,1,0,9
640.0,1,2,1,1,24,1,5,Independent House,Semi-Furnished,Ready to Move,Electronic City,1.2,21.3,3,0,3200000,1,1,0,1
951.0,2,3,1,1,2,14,20,Independent House,Semi-Furnished,Ready to Move,Hebbal,7.4,11.7,5,0,9570000,1,1,0,3
972.0,3,3,0,1,18,2,5,Apartment,Semi-Furnished,Ready to Move,HSR Layout,6.1,13.0,4,2,10550000,0,1,0,2
1179.0,2,2,2,1,17,14,25,Apartment,Unfurnished,Ready to Move,Jayanagar,5.4,4.8,3,2,11210000,0,2,0,5
823.0,2,2,1,1,0,3,5,Independent House,Unfurnished,Ready to Move,Sarjapur Road,4.0,16.2,6,0,5870000,1,2,0,8
500.0,1,2,2,1,8,3,3,Independent House,Unfurnished,Ready to Move,Marathahalli,7.0,16.7,1,1,3340000,1,2,0,7
2712.875,4,4,1,1,2,11,20,Apartment,Unfurnished,Ready to Move,Koramangala,10.0,6.1,6,2,43460000,0,2,0,6
1202.0,3,3,1,1,8,6,10,Apartment,Furnished,Ready to Move,Electronic City,1.9,21.3,2,2,6880000,0,0,0,1
1091.0,2,2,1,1,19,3,7,Apartment,Unfurnished,Ready to Move,Hebbal,6.8,13.8,1,3,6750000,0,2,0,3
611.0,1,1,2,1,5,2,3,Apartment,Unfurnished,Under Construction,Jayanagar,7.2,5.2,5,2,5490000,0,2,1,5
2712.875,4,6,2,1,4,6,10,Apartment,Unfurnished,Under Construction,Whitefield,5.8,19.4,3,3,19610000,0,2,1,9
1478.0,3,3,1,1,20,7,7,Apartment,Semi-Furnished,Ready to Move,Sarjapur Road,4.1,22.7,2,4,8370000,0,1,0,8
1021.0,2,2,1,1,24,1,10,Villa,Semi-Furnished,Ready to Move,Whitefield,5.3,19.6,1,3,7320000,2,1,0,9
1476.0,3,3,2,1,0,3,10,Apartment,Unfurnished,Ready to Move,Sarjapur Road,5.6,16.8,3,2,8640000,0,2,0,8
1385.0,3,4,1,1,20,2,10,Apartment,Unfurnished,Ready to Move,HSR Layout,3.7,10.1,3,3,12070000,0,2,0,2
1823.0,3,3,2,1,0,14,25,Apartment,Furnished,Ready to Move,Banashankari,5.2,2.1,0,2,17360000,0,0,0,0
1032.0,3,3,0,1,3,8,10,Independent House,Furnished,Under Construction,Electronic City,1.6,21.5,4,2,7240000,1,0,1,1
1144.0,2,2,2,1,11,3,7,Independent House,Furnished,Ready to Move,Electronic City,2.6,22.8,2,1,8140000,1,0,0,1
640.0,1,2,1,1,12,7,7,Apartment,Unfurnished,Ready to Move,Koramangala,8.0,9.9,1,0,7410000,0,2,0,6
2279.0,4,4,0,1,10,6,10,Apartment,Semi-Furnished,Ready to Move,Electronic City,1.8,22.3,7,1,13910000,0,1,0,1
1712.0,3,3,2,1,0,2,7,Independent House,Semi-Furnished,Under Construction,Yelahanka,2.1,17.3,2,2,7710000,1,1,1,10
932.0,2,2,1,1,1,6,7,Apartment,Unfurnished,Ready to Move,Banashankari,2.6,9.0,4,2,7280000,0,2,0,0
1252.0,4,4,1,1,22,1,15,Apartment,Semi-Furnished,Ready to Move,Electronic City,2.4,28.8,2,0,6000000,0,1,0,1
1971.0,4,5,1,1,0,14,20,Apartment,Semi-Furnished,Under Construction,Indiranagar,9.4,8.0,2,2,28100000,0,1,1,4
2244.0,4,5,1,1,0,5,10,Apartment,Semi-Furnished,Ready to Move,Sarjapur Road,5.0,13.6,0,0,20500000,0,1,0,8
1707.0,4,5,0,1,14,5,10,Apartment,Semi-Furnished,Ready to Move,Yelahanka,1.8,19.7,2,2,8510000,0,1,0,10
2104.0,4,5,3,1,8,1,7,Independent House,Semi-Furnished,Ready to Move,Marathahalli,6.0,11.2,2,2,20290000,1,1,0,7
859.0,2,2,2,1,3,9,10,Villa,Furnished,Ready to Move,Electronic City,4.2,20.0,2,0,7010000,2,0,0,1
1761.0,4,4,0,1,1,5,15,Apartment,Semi-Furnished,Ready to Move,Electronic City,5.5,18.1,2,1,10370000,0,1,0,1
1048.0,4,5,2,1,17,9,15,Independent House,Semi-Furnished,Ready to Move,Sarjapur Road,1.0,23.5,3,0,6540000,1,1,0,8
1083.0,2,2,1,1,24,3,3,Apartment,Semi-Furnished,Under Construction,Whitefield,4.8,23.6,1,0,5350000,0,1,1,9
794.0,1,2,2,1,0,5,15,Apartment,Furnished,Under Construction,Marathahalli,4.9,17.7,0,1,4500000,0,0,1,7
2712.875,4,5,1,1,6,9,15,Apartment,Furnished,Ready to Move,Electronic City,0.8,25.1,5,1,21750000,0,0,0,1
911.0,2,2,2,1,2,1,3,Villa,Semi-Furnished,Under Construction,Hebbal,8.6,14.1,1,2,9840000,2,1,1,3
1978.0,4,5,2,1,14,2,5,Apartment,Semi-Furnished,Ready to Move,Whitefield,3.4,19.0,0,5,15570000,0,1,0,9
503.0,1,2,2,1,3,9,15,Apartment,Furnished,Under Construction,Marathahalli,4.8,14.6,1,3,3010000,0,0,1,7
559.0,1,1,1,1,10,5,10,Villa,Semi-Furnished,Under Construction,Indiranagar,10.0,3.5,1,1,9750000,2,1,1,4
1389.0,3,4,1,1,6,1,15,Villa,Furnished,Ready to Move,Marathahalli,4.2,11.4,0,2,14800000,2,0,0,7
790.0,2,2,1,1,6,5,5,Villa,Semi-Furnished,Ready to Move,Whitefield,6.4,18.1,7,4,6500000,2,1,0,9
1871.0,3,3,0,1,15,1,3,Apartment,Furnished,Ready to Move,Marathahalli,7.0,21.1,5,4,14590000,0,0,0,7
983.0,3,3,1,1,5,4,5,Apartment,Semi-Furnished,Ready to Move,Jayanagar,5.0,4.9,2,3,12270000,0,1,0,5
629.0,1,1,2,1,14,8,10,Apartment,Unfurnished,Under Construction,Jayanagar,6.8,9.0,4,1,5250000,0,2,1,5
930.0,2,2,2,1,3,1,10,Apartment,Semi-Furnished,Ready to Move,Marathahalli,5.4,20.2,5,4,6000000,0,1,0,7
1311.0,2,2,1,1,1,10,20,Independent House,Unfurnished,Ready to Move,Marathahalli,1.6,16.3,2,0,9850000,1,2,0,7
1014.0,2,3,1,1,4,11,15,Apartment,Semi-Furnished,Under Construction,Hebbal,6.6,9.6,2,1,7530000,0,1,1,3
1299.0,3,4,2,1,5,3,25,Apartment,Semi-Furnished,Under Construction,HSR Layout,8.9,7.8,4,4,13440000,0,1,1,2
902.0,2,2,2,1,5,2,3,Independent House,Semi-Furnished,Under Construction,Hebbal,6.9,12.4,3,1,7970000,1,1,1,3
554.0,1,2,1,1,13,1,5,Apartment,Unfurnished,Ready to Move,Jayanagar,7.3,12.8,2,0,4840000,0,2,0,5
1080.0,3,3,0,1,6,2,3,Apartment,Semi-Furnished,Ready to Move,Whitefield,6.6,24.3,4,3,8110000,0,1,0,9
465.0,1,1,2,1,17,5,10,Independent House,Unfurnished,Ready to Move,Whitefield,4.9,21.6,5,2,3550000,1,2,0,9
610.0,2,3,2,1,5,5,7,Independent House,Furnished,Under Construction,Electronic City,1.4,21.4,7,2,3720000,1,0,1,1
774.0,2,2,0,1,2,10,10,Villa,Furnished,Ready to Move,Hebbal,4.2,13.1,2,1,10800000,2,0,0,3
2037.0,4,5,2,1,1,1,5,Apartment,Furnished,Ready to Move,Sarjapur Road,3.3,18.6,3,1,15570000,0,0,0,8
2120.0,4,4,2,1,16,3,5,Apartment,Unfurnished,Under Construction,Hebbal,4.9,12.5,2,4,14400000,0,2,1,3
1208.0,4,4,1,1,0,2,10,Independent House,Unfurnished,Ready to Move,Jayanagar,6.5,3.4,4,4,18260000,1,2,0,5
923.0,2,2,2,1,1,7,7,Apartment,Furnished,Ready to Move,Indiranagar,8.2,2.3,3,3,17700000,0,0,0,4
1057.0,2,3,1,1,0,9,15,Apartment,Unfurnished,Under Construction,Koramangala,8.3,5.0,4,2,11650000,0,2,1,6
1354.0,3,4,2,1,4,8,15,Independent House,Semi-Furnished,Ready to Move,Electronic City,5.6,18.5,2,5,10240000,1,1,0,1
1222.0,3,4,1,1,6,1,5,Apartment,Furnished,Under Construction,Indiranagar,9.0,3.1,3,1,18450000,0,0,1,4
2569.0,4,5,1,1,0,14,15,Independent House,Semi-Furnished,Ready to Move,Whitefield,5.3,20.1,1,3,29570000,1,1,0,9
847.0,2,2,2,1,5,1,10,Apartment,Semi-Furnished,Ready to Move,HSR Layout,3.0,11.0,1,1,9450000,0,1,0,2
479.0,1,2,2,1,4,2,10,Apartment,Unfurnished,Ready to Move,Marathahalli,4.2,17.3,2,2,2810000,0,2,0,7
1448.0,3,3,3,1,11,1,3,Apartment,Furnished,Ready to Move,Sarjapur Road,5.3,14.2,3,4,11380000,0,0,0,8
2712.875,4,4,1,1,14,8,15,Independent House,Semi-Furnished,Under Construction,Banashankari,6.5,4.2,3,1,27970000,1,1,1,0
1702.0,4,5,0,1,9,3,3,Apartment,Unfurnished,Under Construction,Yelahanka,4.7,19.9,4,2,7560000,0,2,1,10
1310.0,3,3,3,1,5,6,7,Apartment,Semi-Furnished,Under Construction,Marathahalli,4.5,19.0,3,3,8100000,0,1,1,7
2712.875,4,5,2,1,1,3,3,Villa,Unfurnished,Ready to Move,Indiranagar,9.3,1.9,2,4,58580000,2,2,0,4
1207.0,3,4,3,1,15,2,10,Villa,Semi-Furnished,Ready to Move,Marathahalli,3.0,11.5,3,0,11380000,2,1,0,7
2439.0,4,5,0,1,3,9,10,Independent House,Semi-Furnished,Ready to Move,Hebbal,6.3,13.6,4,3,24510000,1,1,0,3
1472.0,4,6,1,1,3,14,20,Apartment,Unfurnished,Ready to Move,Whitefield,3.3,20.1,4,5,10500000,0,2,0,9
1787.0,4,4,0,1,19,1,15,Apartment,Unfurnished,Ready to Move,Electronic City,4.4,22.2,3,0,9120000,0,2,0,1
1105.0,2,2,2,1,24,2,25,Independent House,Unfurnished,Ready to Move,Hebbal,5.1,9.7,4,3,7070000,1,2,0,3
894.0,2,3,2,1,18,7,15,Villa,Unfurnished,Ready to Move,Electronic City,3.4,24.2,3,0,4750000,2,2,0,1
1170.0,3,4,1,1,24,2,7,Apartment,Semi-Furnished,Ready to Move,Marathahalli,5.5,13.3,1,2,5460000,0,1,0,7
1523.0,3,3,1,1,16,1,10,Apartment,Furnished,Under Construction,Marathahalli,4.8,13.2,2,1,9750000,0,0,1,7
2362.0,4,5,0,1,9,3,10,Independent House,Unfurnished,Under Construction,Koramangala,8.4,1.0,3,2,33010000,1,2,1,6
990.0,2,3,2,1,2,10,10,Apartment,Unfurnished,Ready to Move,Electronic City,2.6,24.4,3,0,4670000,0,2,0,1
797.0,2,2,1,1,24,8,10,Villa,Semi-Furnished,Ready to Move,Electronic City,5.7,20.9,4,0,5220000,2,1,0,1
1527.0,3,4,2,1,16,12,15,Apartment,Semi-Furnished,Ready to Move,Whitefield,4.8,19.9,2,1,11140000,0,1,0,9
505.0,1,1,1,1,2,3,3,Apartment,Furnished,Ready to Move,Whitefield,5.5,23.6,4,2,4140000,0,0,0,9
1091.0,2,2,1,1,5,8,15,Villa,Furnished,Ready to Move,Hebbal,5.1,8.9,1,1,12590000,2,0,0,3
1231.0,2,2,0,1,0,5,5,Apartment,Semi-Furnished,Ready to Move,HSR Layout,5.3,9.7,1,0,14480000,0,1,0,2
670.0,3,3,2,1,24,1,3,Apartment,Unfurnished,Under Construction,Jayanagar,7.2,1.3,4,2,5230000,0,2,1,5
971.0,2,3,1,1,6,6,10,Apartment,Unfurnished,Under Construction,HSR Layout,5.4,8.4,2,3,8230000,0,2,1,2
1305.0,4,5,3,1,2,8,10,Apartment,Unfurnished,Ready to Move,Yelahanka,3.7,19.9,4,2,7300000,0,2,0,10
1413.0,2,3,2,1,2,3,3,Villa,Furnished,Ready to Move,HSR Layout,1.4,5.4,1,3,24970000,2,0,0,2
1812.0,4,4,1,1,24,5,10,Independent House,Semi-Furnished,Ready to Move,Indiranagar,8.1,5.7,2,2,30790000,1,1,0,4
1608.0,3,3,1,1,7,9,10,Independent House,Unfurnished,Under Construction,Yelahanka,3.0,20.8,4,1,7070000,1,2,1,10
943.0,2,2,3,1,4,2,3,Apartment,Furnished,Under Construction,Hebbal,3.6,13.6,5,1,7320000,0,0,1,3
797.0,2,2,0,1,5,11,15,Apartment,Furnished,Ready to Move,Koramangala,8.5,2.2,2,1,12550000,0,0,0,6
448.0,1,1,1,1,0,5,5,Apartment,Furnished,Under Construction,Hebbal,4.4,8.7,1,0,3840000,0,0,1,3
1843.0,3,3,3,1,0,1,15,Independent House,Unfurnished,Ready to Move,Indiranagar,8.7,1.0,3,1,35150000,1,2,0,4
1131.0,2,2,2,1,7,7,7,Independent House,Unfurnished,Ready to Move,Indiranagar,7.8,9.7,1,2,17420000,1,2,0,4
1319.0,2,2,1,1,5,6,10,Independent House,Unfurnished,Under Construction,Koramangala,9.5,2.7,4,1,18530000,1,2,1,6
1415.0,3,3,1,1,3,8,20,Apartment,Semi-Furnished,Ready to Move,Whitefield,5.2,14.6,1,1,10740000,0,1,0,9
1004.0,2,2,2,1,6,2,15,Apartment,Semi-Furnished,Ready to Move,Sarjapur Road,4.1,14.9,3,1,6260000,0,1,0,8
899.0,2,3,1,1,0,1,15,Apartment,Furnished,Ready to Move,Jayanagar,6.8,2.8,3,0,13950000,0,0,0,5
1319.0,3,3,1,1,23,1,5,Apartment,Unfurnished,Ready to Move,Indiranagar,10.0,3.5,2,2,17280000,0,2,0,4
1583.0,4,4,1,1,2,2,3,Apartment,Semi-Furnished,Under Construction,Sarjapur Road,3.4,25.2,5,1,8630000,0,1,1,8
965.0,2,3,1,1,0,2,10,Independent House,Furnished,Under Construction,Sarjapur Road,2.6,20.8,2,2,7240000,1,0,1,8
800.0,2,3,3,1,1,5,7,Apartment,Unfurnished,Under Construction,Koramangala,6.2,5.5,6,2,8670000,0,2,1,6
2712.875,4,6,2,1,0,7,20,Apartment,Unfurnished,Ready to Move,Marathahalli,5.4,17.6,1,2,19440000,0,2,0,7
568.0,1,1,2,1,1,7,7,Apartment,Semi-Furnished,Under Construction,Koramangala,10.0,9.5,3,2,7600000,0,1,1,6
2712.875,4,5,3,1,4,5,7,Independent House,Semi-Furnished,Ready to Move,Sarjapur Road,2.4,19.6,6,2,24050000,1,1,0,8
734.0,1,2,1,1,10,9,10,Apartment,Furnished,Ready to Move,Marathahalli,3.6,18.3,3,1,5760000,0,0,0,7
1984.0,4,5,0,1,2,4,15,Villa,Furnished,Ready to Move,Banashankari,4.1,6.1,4,0,24300000,2,0,0,0
1093.0,2,2,2,1,4,5,7,Independent House,Furnished,Ready to Move,Whitefield,4.1,17.4,1,2,10910000,1,0,0,9
2712.875,4,4,1,1,21,14,20,Apartment,Semi-Furnished,Ready to Move,Whitefield,1.7,16.9,3,2,16490000,0,1,0,9
1198.0,2,2,1,1,2,3,10,Villa,Unfurnished,Ready to Move,HSR Layout,7.5,10.9,4,1,16170000,2,2,0,2
1722.0,3,3,0,1,12,12,15,Apartment,Furnished,Ready to Move,HSR Layout,8.1,2.1,2,0,20630000,0,0,0,2
516.0,1,2,1,1,1,6,10,Apartment,Furnished,Ready to Move,HSR Layout,3.5,14.0,4,2,5720000,0,0,0,2
993.0,2,2,1,1,1,9,15,Independent House,Semi-Furnished,Ready to Move,Yelahanka,5.6,14.5,3,2,6480000,1,1,0,10
1030.0,3,4,1,1,4,3,3,Independent House,Semi-Furnished,Ready to Move,HSR Layout,8.8,12.5,4,2,11120000,1,1,0,2
1539.0,3,3,1,1,2,14,15,Apartment,Semi-Furnished,Ready to Move,HSR Layout,1.7,5.8,3,1,18950000,0,1,0,2
2109.0,4,5,1,1,18,1,10,Apartment,Furnished,Ready to Move,Sarjapur Road,0.4,21.3,2,1,12120000,0,0,0,8
954.0,2,2,1,1,0,4,7,Apartment,Unfurnished,Under Construction,Indiranagar,8.5,9.1,6,1,11960000,0,2,1,4
2410.0,4,4,1,1,7,4,5,Apartment,Semi-Furnished,Ready to Move,Sarjapur Road,5.6,18.3,2,2,14460000,0,1,0,8
720.0,2,2,1,1,7,5,15,Apartment,Furnished,Under Construction,Whitefield,4.8,21.6,4,1,5110000,0,0,1,9
2712.875,4,6,3,1,0,3,5,Apartment,Furnished,Ready to Move,Indiranagar,8.7,1.9,3,5,78370000,0,0,0,4
2712.875,4,5,2,1,10,3,5,Apartment,Semi-Furnished,Ready to Move,Whitefield,5.2,20.1,3,3,26590000,0,1,0,9
936.0,2,2,3,1,5,4,5,Independent House,Furnished,Under Construction,Whitefield,3.1,22.9,2,3,8220000,1,0,1,9
1940.0,4,5,3,1,10,2,3,Apartment,Unfurnished,Under Construction,Yelahanka,4.9,15.1,5,1,6140000,0,2,1,10
2192.0,4,4,1,1,14,6,10,Apartment,Unfurnished,Ready to Move,Koramangala,7.8,8.6,1,5,28850000,0,2,0,6
1238.0,2,3,1,1,3,7,7,Apartment,Semi-Furnished,Ready to Move,Jayanagar,4.2,1.0,5,2,15110000,0,1,0,5
1428.0,3,4,3,1,5,4,5,Independent House,Unfurnished,Under Construction,Electronic City,2.1,21.0,2,2,8000000,1,2,1,1
565.0,1,2,2,1,2,6,7,Apartment,Semi-Furnished,Under Construction,Electronic City,3.9,16.2,6,3,2310000,0,1,1,1
2007.0,4,4,1,1,1,4,10,Apartment,Unfurnished,Under Construction,Yelahanka,2.6,16.9,2,1,8230000,0,2,1,10
1288.0,2,2,2,1,0,9,10,Apartment,Semi-Furnished,Ready to Move,Whitefield,3.7,19.4,1,0,10370000,0,1,0,9
509.0,1,2,1,1,24,5,7,Villa,Semi-Furnished,Under Construction,Marathahalli,4.3,13.5,6,3,3010000,2,1,1,7
944.0,2,2,1,1,4,1,10,Apartment,Semi-Furnished,Under Construction,Banashankari,5.2,10.2,1,1,5890000,0,1,1,0
1809.0,3,3,1,1,0,4,7,Independent House,Unfurnished,Under Construction,Jayanagar,4.8,5.1,4,1,22060000,1,2,1,5
2058.0,4,5,1,1,0,9,15,Independent House,Unfurnished,Under Construction,Yelahanka,4.8,24.4,4,1,10680000,1,2,1,10
2712.875,4,5,0,1,2,3,3,Independent House,Unfurnished,Under Construction,Whitefield,4.1,22.4,2,2,27340000,1,2,1,9
776.0,2,3,2,1,0,14,20,Villa,Unfurnished,Ready to Move,Electronic City,4.0,22.1,5,2,4600000,2,2,0,1
527.0,1,2,1,1,3,3,5,Apartment,Unfurnished,Ready to Move,HSR Layout,6.5,8.0,5,2,4610000,0,2,0,2
1815.0,3,4,0,1,0,11,15,Apartment,Unfurnished,Ready to Move,Sarjapur Road,4.8,15.3,1,2,11170000,0,2,0,8
1210.0,3,3,0,1,0,5,7,Independent House,Semi-Furnished,Under Construction,Banashankari,6.0,9.3,4,2,10890000,1,1,1,0
921.0,2,2,2,1,8,3,7,Apartment,Unfurnished,Ready to Move,HSR Layout,6.5,8.4,5,3,9430000,0,2,0,2
998.0,2,2,3,1,18,1,10,Apartment,Semi-Furnished,Ready to Move,Marathahalli,4.1,17.0,7,1,6140000,0,1,0,7
1123.0,3,3,0,1,4,8,15,Villa,Unfurnished,Ready to Move,Koramangala,4.3,3.8,3,3,21690000,2,2,0,6
871.0,2,2,0,1,14,1,7,Apartment,Furnished,Under Construction,Jayanagar,7.9,5.8,0,1,9330000,0,0,1,5
1431.0,3,3,1,1,0,6,10,Apartment,Unfurnished,Under Construction,Indiranagar,8.4,5.3,1,3,17560000,0,2,1,4
1413.0,3,3,2,1,12,2,3,Apartment,Semi-Furnished,Ready to Move,Banashankari,5.8,7.5,4,3,11860000,0,1,0,0
2512.0,4,4,1,1,0,6,20,Apartment,Semi-Furnished,Ready to Move,Marathahalli,6.5,14.8,1,3,20390000,0,1,0,7
1831.0,3,4,1,1,14,6,15,Independent House,Furnished,Ready to Move,Electronic City,4.6,28.2,3,1,12950000,1,0,0,1
787.0,2,2,1,1,17,6,7,Apartment,Semi-Furnished,Ready to Move,Whitefield,4.4,21.6,1,3,5510000,0,1,0,9
2044.0,4,4,1,1,12,10,15,Apartment,Semi-Furnished,Ready to Move,Koramangala,7.6,5.3,4,4,26770000,0,1,0,6
1588.0,3,4,3,1,13,3,7,Apartment,Semi-Furnished,Under Construction,HSR Layout,10.0,12.4,1,2,14960000,0,1,1,2
1238.0,2,3,0,1,6,14,15,Villa,Semi-Furnished,Ready to Move,HSR Layout,7.1,9.7,1,2,17860000,2,1,0,2
1601.0,3,3,1,1,2,9,10,Independent House,Unfurnished,Ready to Move,Hebbal,5.3,9.1,3,3,15200000,1,2,0,3
1005.0,2,3,2,1,8,4,10,Apartment,Semi-Furnished,Under Construction,Jayanagar,6.4,1.0,2,2,9510000,0,1,1,5
2266.0,4,4,2,1,4,2,3,Villa,Furnished,Ready to Move,Jayanagar,5.3,1.0,2,2,48940000,2,0,0,5
1588.0,3,3,0,1,0,14,25,Apartment,Semi-Furnished,Ready to Move,Whitefield,1.4,22.2,2,2,11910000,0,1,0,9
1140.0,3,4,3,1,5,6,15,Independent House,Semi-Furnished,Ready to Move,Hebbal,7.3,13.1,1,1,11900000,1,1,0,3
571.0,1,2,2,1,8,14,15,Apartment,Unfurnished,Under Construction,Sarjapur Road,2.5,17.6,3,1,2460000,0,2,1,8
1227.0,2,2,1,1,0,7,7,Villa,Furnished,Ready to Move,Whitefield,4.0,27.1,3,0,12660000,2,0,0,9
2683.0,4,6,1,1,7,7,7,Apartment,Unfurnished,Under Construction,Sarjapur Road,3.5,17.9,3,0,14800000,0,2,1,8
2051.0,4,5,1,1,8,10,10,Apartment,Unfurnished,Ready to Move,Jayanagar,8.8,1.0,7,2,25770000,0,2,0,5
903.0,2,3,1,1,1,1,15,Apartment,Semi-Furnished,Under Construction,Whitefield,3.2,22.3,1,4,5140000,0,1,1,9
510.0,2,2,1,1,4,14,20,Independent House,Semi-Furnished,Under Construction,Indiranagar,9.1,8.5,3,1,7970000,1,1,1,4
953.0,2,2,2,1,24,6,7,Apartment,Furnished,Ready to Move,Indiranagar,9.4,7.2,1,3,15660000,0,0,0,4
1484.0,3,3,2,1,17,2,10,Independent House,Unfurnished,Ready to Move,Koramangala,5.9,7.5,7,3,16860000,1,2,0,6
1256.0,3,3,1,1,4,4,15,Apartment,Semi-Furnished,Ready to Move,Yelahanka,0.8,10.7,4,2,5870000,0,1,0,10
1076.0,3,3,1,1,3,2,5,Apartment,Unfurnished,Ready to Move,Hebbal,3.9,12.3,3,1,9240000,0,2,0,3
1153.0,3,4,1,1,1,4,7,Apartment,Semi-Furnished,Under Construction,Marathahalli,4.4,11.5,4,1,6060000,0,1,1,7
2305.0,4,5,2,1,0,3,5,Independent House,Semi-Furnished,Ready to Move,Indiranagar,8.8,6.6,5,5,40520000,1,1,0,4
1324.0,2,3,2,1,2,1,10,Apartment,Semi-Furnished,Ready to Move,Electronic City,3.2,26.6,6,5,6970000,0,1,0,1
1212.0,2,2,1,1,22,10,20,Independent House,Semi-Furnished,Under Construction,Marathahalli,5.0,12.9,3,2,6770000,1,1,1,7
1023.0,3,3,2,1,24,14,20,Independent House,Semi-Furnished,Under Construction,Jayanagar,5.4,8.0,0,4,10000000,1,1,1,5
2712.875,4,5,1,1,13,1,10,Independent House,Semi-Furnished,Ready to Move,Whitefield,4.1,17.4,7,1,30420000,1,1,0,9
1214.0,3,3,2,1,3,2,7,Apartment,Semi-Furnished,Under Construction,Jayanagar,6.5,5.9,3,2,11660000,0,1,1,5
1236.0,3,4,1,1,1,7,10,Villa,Semi-Furnished,Ready to Move,Hebbal,3.8,10.5,4,2,13130000,2,1,0,3
1270.0,3,3,1,1,7,12,20,Independent House,Semi-Furnished,Ready to Move,Indiranagar,10.0,10.4,3,2,24310000,1,1,0,4
2282.0,4,5,1,1,8,1,10,Apartment,Furnished,Ready to Move,Whitefield,1.1,16.8,1,1,21590000,0,0,0,9
1132.0,2,2,2,1,4,3,7,Villa,Semi-Furnished,Ready to Move,Hebbal,6.9,12.3,1,1,12540000,2,1,0,3
931.0,2,2,2,1,9,11,20,Apartment,Furnished,Ready to Move,HSR Layout,7.5,14.1,7,1,12630000,0,0,0,2
2712.875,4,6,3,1,10,5,15,Apartment,Unfurnished,Ready to Move,HSR Layout,7.5,4.2,3,2,30020000,0,2,0,2
2185.0,4,4,0,1,12,11,20,Apartment,Unfurnished,Ready to Move,Koramangala,8.1,5.3,3,2,28160000,0,2,0,6
1057.0,2,2,1,1,5,5,20,Apartment,Semi-Furnished,Ready to Move,Electronic City,5.3,22.3,4,1,5720000,0,1,0,1
1729.0,3,3,1,1,12,7,7,Apartment,Unfurnished,Ready to Move,Sarjapur Road,3.0,16.0,1,3,9790000,0,2,0,8
705.0,2,3,2,1,0,14,20,Apartment,Semi-Furnished,Under Construction,Jayanagar,7.3,9.6,3,2,8240000,0,1,1,5
953.0,2,3,2,1,9,8,10,Villa,Unfurnished,Under Construction,HSR Layout,6.4,15.1,1,1,10780000,2,2,1,2
2201.0,4,6,2,1,2,3,3,Apartment,Furnished,Ready to Move,Yelahanka,2.7,18.0,4,2,13980000,0,0,0,10
940.0,2,3,2,1,2,8,10,Apartment,Semi-Furnished,Ready to Move,Yelahanka,3.2,15.1,4,0,4720000,0,1,0,10
1909.0,4,5,2,1,0,6,10,Apartment,Semi-Furnished,Under Construction,Yelahanka,1.6,11.7,3,5,9040000,0,1,1,10
941.0,2,3,3,1,1,4,7,Apartment,Furnished,Ready to Move,HSR Layout,5.3,10.5,4,2,11820000,0,0,0,2
1176.0,3,3,1,1,24,14,25,Villa,Unfurnished,Under Construction,Indiranagar,10.0,4.5,4,1,15630000,2,2,1,4
386.0,1,1,2,1,4,3,3,Apartment,Furnished,Ready to Move,Banashankari,9.0,7.7,3,1,3320000,0,0,0,0
813.0,3,3,3,1,21,14,20,Villa,Semi-Furnished,Ready to Move,Sarjapur Road,4.4,16.5,4,2,6230000,2,1,0,8
1363.0,3,4,1,1,1,5,5,Apartment,Unfurnished,Under Construction,Whitefield,5.6,18.2,1,3,9910000,0,2,1,9
1279.0,3,3,2,1,1,4,7,Independent House,Furnished,Ready to Move,Whitefield,4.7,20.1,1,0,14010000,1,0,0,9
475.0,1,1,1,1,6,2,7,Apartment,Semi-Furnished,Ready to Move,Indiranagar,9.3,1.3,0,1,6600000,0,1,0,4
1201.0,2,3,1,1,3,2,15,Apartment,Semi-Furnished,Under Construction,Yelahanka,3.8,19.1,2,2,6190000,0,1,1,10
455.0,1,1,2,1,8,1,5,Villa,Furnished,Under Construction,Jayanagar,8.2,3.7,6,0,5500000,2,0,1,5
1219.0,2,3,1,1,4,8,25,Apartment,Furnished,Ready to Move,Jayanagar,9.0,6.3,4,0,17140000,0,0,0,5
1854.0,3,4,1,1,13,13,15,Villa,Furnished,Under Construction,Whitefield,3.0,19.0,3,1,15230000,2,0,1,9
853.0,3,3,2,1,4,5,15,Villa,Semi-Furnished,Under Construction,Marathahalli,8.2,16.0,1,2,7100000,2,1,1,7
1425.0,3,4,0,1,6,5,5,Apartment,Semi-Furnished,Ready to Move,Hebbal,5.2,13.8,2,1,13300000,0,1,0,3
1288.0,3,4,0,1,3,7,10,Apartment,Unfurnished,Ready to Move,Electronic City,3.5,23.5,1,1,7190000,0,2,0,1
396.0,2,2,2,1,9,12,20,Apartment,Furnished,Ready to Move,Sarjapur Road,3.0,14.5,4,5,2990000,0,0,0,8
675.0,2,3,1,1,8,7,7,Independent House,Semi-Furnished,Ready to Move,Banashankari,4.1,7.4,3,6,6490000,1,1,0,0
1097.0,2,3,1,1,4,3,5,Villa,Semi-Furnished,Under Construction,HSR Layout,7.3,14.8,4,0,14110000,2,1,1,2
2712.875,4,4,1,1,2,10,10,Apartment,Furnished,Ready to Move,Jayanagar,7.6,5.0,2,3,50460000,0,0,0,5
1652.0,3,3,0,1,7,6,20,Apartment,Furnished,Ready to Move,HSR Layout,7.2,13.1,7,3,22390000,0,0,0,2
1011.0,2,2,0,1,22,5,10,Apartment,Furnished,Ready to Move,Hebbal,4.3,12.0,4,2,8060000,0,0,0,3
945.0,2,2,2,1,1,2,7,Independent House,Semi-Furnished,Ready to Move,Marathahalli,0.0,13.1,1,1,6830000,1,1,0,7
2673.0,4,4,1,1,12,3,10,Apartment,Unfurnished,Ready to Move,Marathahalli,1.3,14.6,3,1,16140000,0,2,0,7
2001.0,3,4,1,1,6,3,20,Apartment,Furnished,Ready to Move,Hebbal,5.0,9.5,2,3,20160000,0,0,0,3
1235.0,3,3,3,1,5,1,3,Independent House,Semi-Furnished,Under Construction,Electronic City,3.8,24.7,3,1,7310000,1,1,1,1
570.0,2,3,2,1,24,2,5,Apartment,Furnished,Under Construction,Yelahanka,2.4,13.4,7,2,2250000,0,0,1,10
551.0,2,2,0,1,7,3,5,Apartment,Semi-Furnished,Under Construction,Jayanagar,5.6,7.7,2,0,5510000,0,1,1,5
2712.875,4,5,1,1,14,1,3,Independent House,Furnished,Under Construction,Koramangala,8.4,7.2,3,3,72900000,1,0,1,6
1386.0,3,4,2,1,5,4,7,Villa,Semi-Furnished,Under Construction,Sarjapur Road,3.5,19.3,4,0,10720000,2,1,1,8
984.0,2,3,2,1,2,2,5,Apartment,Furnished,Ready to Move,Hebbal,4.3,10.3,2,3,10820000,0,0,0,3
1283.0,4,4,2,1,9,3,10,Apartment,Unfurnished,Under Construction,Electronic City,0.9,22.6,7,2,6060000,0,2,1,1
1189.0,3,3,1,1,20,3,7,Apartment,Furnished,Ready to Move,Hebbal,3.7,9.8,3,1,9000000,0,0,0,3
893.0,2,3,1,1,14,3,7,Apartment,Unfurnished,Ready to Move,Yelahanka,4.4,15.4,2,3,3920000,0,2,0,10
989.0,2,2,1,1,1,10,20,Independent House,Unfurnished,Ready to Move,HSR Layout,4.9,8.4,0,4,10780000,1,2,0,2
874.0,2,2,2,1,3,3,5,Apartment,Semi-Furnished,Ready to Move,Banashankari,5.7,5.7,4,1,6390000,0,1,0,0
752.0,2,2,2,1,5,6,7,Villa,Semi-Furnished,Ready to Move,Koramangala,10.0,5.9,5,0,11700000,2,1,0,6
1180.0,3,4,0,1,6,4,7,Independent House,Semi-Furnished,Ready to Move,HSR Layout,5.1,13.0,1,1,17650000,1,1,0,2
1179.0,2,2,0,1,1,9,10,Apartment,Semi-Furnished,Ready to Move,Koramangala,7.3,7.2,1,2,18480000,0,1,0,6
2097.0,4,4,3,1,2,10,15,Apartment,Furnished,Under Construction,Yelahanka,4.5,16.7,5,3,10840000,0,0,1,10
2712.875,4,5,1,1,11,13,15,Apartment,Furnished,Ready to Move,Marathahalli,5.8,18.4,7,2,25720000,0,0,0,7
451.0,1,2,1,1,10,10,10,Independent House,Semi-Furnished,Under Construction,Koramangala,7.0,2.0,1,2,5740000,1,1,1,6
572.0,3,3,2,1,14,13,20,Independent House,Semi-Furnished,Ready to Move,Indiranagar,6.2,8.9,2,2,9850000,1,1,0,4
1790.0,4,4,1,1,21,14,15,Apartment,Semi-Furnished,Ready to Move,Marathahalli,5.9,16.7,2,2,11720000,0,1,0,7
1157.0,3,3,1,1,2,2,5,Villa,Furnished,Ready to Move,Whitefield,5.2,20.1,4,4,13460000,2,0,0,9
1497.0,3,3,1,1,15,5,5,Apartment,Furnished,Under Construction,Yelahanka,3.6,16.7,3,4,8090000,0,0,1,10
1574.0,2,3,2,1,8,2,10,Independent House,Unfurnished,Under Construction,Hebbal,6.4,15.1,2,0,10750000,1,2,1,3
1594.0,3,4,1,1,24,14,25,Apartment,Unfurnished,Ready to Move,Jayanagar,4.9,8.0,5,2,12980000,0,2,0,5
2166.0,3,4,3,1,2,1,7,Apartment,Unfurnished,Under Construction,Banashankari,5.3,8.8,2,2,13960000,0,2,1,0
2712.875,4,6,1,1,2,1,5,Independent House,Semi-Furnished,Under Construction,Electronic City,2.9,20.6,3,0,21150000,1,1,1,1
830.0,2,3,2,1,9,5,20,Apartment,Semi-Furnished,Ready to Move,Banashankari,5.6,5.2,0,3,5720000,0,1,0,0
2139.0,4,4,0,1,21,1,5,Apartment,Semi-Furnished,Ready to Move,Marathahalli,5.2,14.3,2,2,11370000,0,1,0,7
1288.0,2,3,1,1,13,8,10,Apartment,Semi-Furnished,Under Construction,Marathahalli,5.5,10.6,1,3,7310000,0,1,1,7
2712.875,4,5,2,1,10,1,3,Apartment,Semi-Furnished,Ready to Move,Koramangala,8.9,6.2,1,5,52530000,0,1,0,6
1238.0,3,4,1,1,3,1,3,Apartment,Unfurnished,Ready to Move,Yelahanka,3.4,10.7,6,2,5760000,0,2,0,10
1470.0,3,3,2,1,10,8,10,Independent House,Semi-Furnished,Ready to Move,Indiranagar,9.1,5.9,2,6,27030000,1,1,0,4
999.0,3,4,1,1,12,3,10,Apartment,Unfurnished,Ready to Move,Koramangala,8.6,3.2,3,4,11970000,0,2,0,6
1106.0,2,2,0,1,11,4,5,Apartment,Furnished,Ready to Move,Whitefield,3.4,18.7,2,1,7530000,0,0,0,9
1245.0,2,3,1,1,9,8,15,Villa,Semi-Furnished,Ready to Move,Jayanagar,6.1,5.2,6,3,17170000,2,1,0,5
957.0,2,3,2,1,0,4,5,Apartment,Semi-Furnished,Under Construction,Jayanagar,7.3,1.0,4,3,11480000,0,1,1,5
823.0,2,3,0,1,8,9,10,Apartment,Semi-Furnished,Under Construction,Sarjapur Road,4.6,16.7,3,3,4280000,0,1,1,8
1018.0,2,3,3,1,5,6,7,Villa,Semi-Furnished,Ready to Move,Yelahanka,2.0,13.4,3,5,6380000,2,1,0,10
1516.0,3,3,1,1,24,3,15,Independent House,Semi-Furnished,Ready to Move,Whitefield,2.7,17.4,3,1,11970000,1,1,0,9
1422.0,3,3,0,1,7,5,15,Villa,Unfurnished,Ready to Move,Sarjapur Road,1.2,27.4,1,1,9880000,2,2,0,8
983.0,2,3,1,1,7,3,3,Villa,Semi-Furnished,Under Construction,Koramangala,6.1,1.0,5,2,18280000,2,1,1,6
1930.0,4,5,1,1,24,3,5,Apartment,Unfurnished,Ready to Move,Hebbal,4.2,13.2,4,1,11420000,0,2,0,3
1678.0,3,3,0,1,0,12,20,Independent House,Semi-Furnished,Ready to Move,Hebbal,4.3,9.6,3,1,18710000,1,1,0,3
2712.875,4,5,2,1,2,1,7,Apartment,Semi-Furnished,Ready to Move,Jayanagar,6.2,3.3,3,0,37170000,0,1,0,5
1124.0,3,3,1,1,8,1,10,Independent House,Semi-Furnished,Ready to Move,Sarjapur Road,1.9,14.0,3,1,7770000,1,1,0,8
757.0,2,2,1,1,3,1,5,Apartment,Semi-Furnished,Ready to Move,Electronic City,0.6,25.4,3,2,4090000,0,1,0,1
1328.0,3,3,3,1,3,3,25,Independent House,Unfurnished,Under Construction,Indiranagar,8.9,8.6,4,5,19990000,1,2,1,4
1606.0,3,3,1,1,17,7,20,Villa,Unfurnished,Ready to Move,Hebbal,5.2,10.1,4,3,14550000,2,2,0,3
566.0,1,1,1,1,6,3,3,Independent House,Unfurnished,Ready to Move,Indiranagar,9.6,7.7,4,4,8640000,1,2,0,4
479.0,1,1,1,1,0,2,10,Apartment,Unfurnished,Under Construction,Electronic City,4.6,18.9,5,1,2210000,0,2,1,1
999.0,2,2,1,1,2,14,20,Apartment,Semi-Furnished,Ready to Move,Jayanagar,7.3,4.8,1,1,14050000,0,1,0,5
887.0,2,2,1,1,0,5,7,Villa,Semi-Furnished,Ready to Move,Hebbal,5.2,14.0,7,2,9500000,2,1,0,3
1117.0,2,2,1,1,6,2,7,Independent House,Furnished,Ready to Move,Electronic City,4.6,19.0,1,4,9950000,1,0,0,1
1493.0,3,4,1,1,1,6,7,Apartment,Furnished,Ready to Move,Koramangala,10.0,1.8,1,1,31260000,0,0,0,6
890.0,2,2,2,1,15,1,3,Independent House,Semi-Furnished,Under Construction,Sarjapur Road,2.7,18.1,3,5,5810000,1,1,1,8
1464.0,3,4,2,1,6,7,15,Independent House,Semi-Furnished,Under Construction,Hebbal,6.2,12.1,3,3,12540000,1,1,1,3
1768.0,3,4,2,1,0,2,10,Apartment,Unfurnished,Ready to Move,Whitefield,3.4,16.8,0,2,12740000,0,2,0,9
841.0,2,2,1,1,2,10,10,Independent House,Semi-Furnished,Ready to Move,HSR Layout,6.7,16.7,7,1,11540000,1,1,0,2
594.0,1,1,0,1,7,2,7,Apartment,Unfurnished,Under Construction,Koramangala,9.6,1.5,3,4,5760000,0,2,1,6
542.0,1,1,1,1,3,2,15,Apartment,Semi-Furnished,Ready to Move,Electronic City,2.9,24.9,3,0,2530000,0,1,0,1
1031.0,2,2,1,1,5,11,15,Apartment,Furnished,Ready to Move,Indiranagar,7.2,6.8,2,1,16850000,0,0,0,4
825.0,2,2,0,1,19,6,10,Apartment,Semi-Furnished,Under Construction,Sarjapur Road,3.0,15.6,1,3,4170000,0,1,1,8
970.0,2,2,1,1,3,2,20,Villa,Unfurnished,Under Construction,Marathahalli,2.6,15.4,5,2,6530000,2,2,1,7
1710.0,3,4,1,1,3,2,5,Apartment,Furnished,Ready to Move,Marathahalli,2.4,11.5,2,3,16080000,0,0,0,7
1137.0,3,3,2,1,13,14,15,Villa,Unfurnished,Ready to Move,Electronic City,5.1,22.2,1,4,7900000,2,2,0,1
697.0,2,3,1,1,3,1,10,Villa,Furnished,Ready to Move,Hebbal,5.8,14.5,2,3,9500000,2,0,0,3
704.0,2,2,3,1,0,3,5,Villa,Furnished,Ready to Move,Indiranagar,7.6,3.3,1,1,16140000,2,0,0,4
1072.0,3,4,2,1,1,4,5,Apartment,Semi-Furnished,Ready to Move,Banashankari,3.2,9.2,1,2,9330000,0,1,0,0
2238.0,4,4,0,1,23,1,7,Independent House,Unfurnished,Ready to Move,Marathahalli,2.6,12.3,5,2,14260000,1,2,0,7
1006.0,3,3,1,1,21,6,20,Apartment,Furnished,Ready to Move,Koramangala,6.9,4.5,4,4,13540000,0,0,0,6
1316.0,3,3,2,1,2,4,15,Apartment,Semi-Furnished,Ready to Move,Marathahalli,5.7,14.3,2,3,9220000,0,1,0,7
1067.0,2,3,2,1,6,2,10,Apartment,Unfurnished,Ready to Move,Electronic City,3.2,20.9,3,2,5900000,0,2,0,1
1029.0,2,2,1,1,1,1,3,Apartment,Semi-Furnished,Under Construction,Sarjapur Road,6.9,12.5,3,4,5350000,0,1,1,8
1845.0,4,5,1,1,8,14,25,Independent House,Semi-Furnished,Ready to Move,Whitefield,4.3,22.3,5,1,15180000,1,1,0,9
571.0,1,2,1,1,1,4,7,Apartment,Unfurnished,Ready to Move,Koramangala,7.1,10.0,1,0,5890000,0,2,0,6
2712.875,4,6,1,1,0,7,10,Villa,Unfurnished,Ready to Move,Hebbal,6.4,12.4,6,1,26520000,2,2,0,3
1337.0,3,3,3,1,13,7,15,Apartment,Unfurnished,Ready to Move,HSR Layout,3.8,8.2,3,2,13240000,0,2,0,2
1340.0,3,4,1,1,3,4,5,Apartment,Unfurnished,Ready to Move,Hebbal,5.3,12.6,4,1,11840000,0,2,0,3
795.0,1,2,0,1,0,7,10,Independent House,Unfurnished,Ready to Move,HSR Layout,4.5,13.4,5,1,10070000,1,2,0,2
1626.0,3,3,1,1,14,1,3,Independent House,Unfurnished,Ready to Move,Marathahalli,0.7,17.8,3,2,10770000,1,2,0,7
2094.0,3,3,2,1,11,1,5,Apartment,Unfurnished,Ready to Move,Sarjapur Road,3.5,20.7,2,1,10670000,0,2,0,8
855.0,2,3,2,1,9,3,15,Apartment,Unfurnished,Ready to Move,Jayanagar,7.9,7.3,3,0,8130000,0,2,0,5
933.0,2,3,2,1,19,5,5,Apartment,Furnished,Under Construction,Electronic City,3.7,24.0,5,2,4630000,0,0,1,1
1467.0,4,4,2,1,5,1,7,Apartment,Semi-Furnished,Under Construction,HSR Layout,4.8,10.4,3,2,16160000,0,1,1,2
1173.0,3,4,2,1,1,2,5,Independent House,Semi-Furnished,Ready to Move,Whitefield,0.4,17.1,2,2,11170000,1,1,0,9
1311.0,2,2,2,1,0,1,7,Independent House,Semi-Furnished,Under Construction,Electronic City,3.1,20.9,1,1,8490000,1,1,1,1
492.0,1,1,1,1,3,1,3,Apartment,Unfurnished,Under Construction,Marathahalli,3.8,13.0,2,2,2540000,0,2,1,7
1937.0,3,3,0,1,0,7,15,Independent House,Furnished,Ready to Move,Yelahanka,3.9,16.9,7,3,13580000,1,0,0,10
1051.0,3,3,2,1,6,1,3,Apartment,Semi-Furnished,Under Construction,Yelahanka,1.4,10.7,6,2,4800000,0,1,1,10
1105.0,3,4,1,1,0,14,15,Apartment,Semi-Furnished,Ready to Move,Sarjapur Road,4.9,19.5,2,1,7090000,0,1,0,8
1304.0,3,3,2,1,4,8,10,Apartment,Furnished,Ready to Move,Hebbal,4.2,6.0,5,0,12680000,0,0,0,3
937.0,2,2,1,1,1,2,7,Villa,Semi-Furnished,Under Construction,Marathahalli,3.6,15.2,0,1,7850000,2,1,1,7
1658.0,3,3,2,1,3,2,20,Apartment,Semi-Furnished,Ready to Move,HSR Layout,7.1,13.5,2,2,17950000,0,1,0,2
1035.0,2,2,0,1,8,1,5,Apartment,Furnished,Ready to Move,Yelahanka,1.2,18.7,2,0,5320000,0,0,0,10
1833.0,4,5,0,1,3,5,7,Apartment,Furnished,Ready to Move,Marathahalli,5.2,11.3,4,1,14100000,0,0,0,7
1362.0,3,4,2,1,3,2,5,Apartment,Furnished,Ready to Move,Jayanagar,4.6,7.9,2,2,18680000,0,0,0,5
889.0,2,2,1,1,24,4,7,Independent House,Unfurnished,Ready to Move,Whitefield,5.3,22.1,5,3,5630000,1,2,0,9
776.0,2,3,2,1,10,14,25,Apartment,Furnished,Ready to Move,Indiranagar,8.3,10.1,2,1,13790000,0,0,0,4
1644.0,4,4,1,1,5,5,5,Apartment,Semi-Furnished,Ready to Move,Indiranagar,8.4,6.1,4,3,28930000,0,1,0,4
1145.0,2,3,3,1,6,14,15,Independent House,Semi-Furnished,Ready to Move,Hebbal,0.4,15.1,2,1,10050000,1,1,0,3
602.0,2,3,2,1,7,9,10,Independent House,Unfurnished,Ready to Move,Jayanagar,5.8,4.7,2,4,6990000,1,2,0,5
1852.0,3,3,1,1,0,2,3,Independent House,Unfurnished,Under Construction,Electronic City,3.0,19.4,1,2,8270000,1,2,1,1
884.0,2,3,2,1,0,12,20,Apartment,Unfurnished,Under Construction,Banashankari,7.0,10.6,4,4,6340000,0,2,1,0
1183.0,3,3,0,1,8,12,25,Apartment,Semi-Furnished,Ready to Move,Whitefield,4.3,22.6,4,3,9250000,0,1,0,9
1090.0,2,2,1,1,3,9,20,Apartment,Unfurnished,Ready to Move,Indiranagar,7.7,3.1,3,0,16120000,0,2,0,4
1815.0,3,3,2,1,0,10,10,Apartment,Unfurnished,Ready to Move,Whitefield,5.6,16.4,2,0,14400000,0,2,0,9
672.0,1,2,2,1,2,2,5,Independent House,Furnished,Ready to Move,Sarjapur Road,2.9,18.4,2,1,5630000,1,0,0,8
605.0,1,1,1,1,1,5,7,Apartment,Semi-Furnished,Under Construction,Yelahanka,4.5,16.1,5,3,2290000,0,1,1,10
2434.0,4,5,1,1,19,7,10,Apartment,Semi-Furnished,Ready to Move,HSR Layout,6.7,10.7,1,1,26070000,0,1,0,2
919.0,3,4,2,1,1,2,7,Apartment,Semi-Furnished,Ready to Move,Hebbal,3.7,14.7,3,1,8970000,0,1,0,3
850.0,2,2,1,1,1,7,15,Apartment,Semi-Furnished,Ready to Move,HSR Layout,7.7,13.1,5,2,9860000,0,1,0,2
776.0,2,2,2,1,7,11,15,Independent House,Unfurnished,Under Construction,Yelahanka,3.9,16.0,5,3,3550000,1,2,1,10
1742.0,3,4,2,1,5,1,5,Apartment,Semi-Furnished,Ready to Move,Sarjapur Road,5.0,15.0,5,2,10590000,0,1,0,8
1292.0,3,3,1,1,6,4,7,Apartment,Semi-Furnished,Ready to Move,Hebbal,4.7,9.8,4,1,12350000,0,1,0,3
2712.875,4,5,0,1,4,14,25,Apartment,Unfurnished,Under Construction,Whitefield,5.2,18.2,1,4,20390000,0,2,1,9
2712.875,4,6,1,1,5,5,5,Apartment,Semi-Furnished,Ready to Move,Banashankari,7.5,7.6,3,1,26630000,0,1,0,0
1158.0,3,4,2,1,12,4,7,Apartment,Semi-Furnished,Under Construction,Sarjapur Road,3.9,16.5,4,1,6520000,0,1,1,8
838.0,2,2,2,1,1,2,3,Villa,Semi-Furnished,Under Construction,Electronic City,2.7,21.3,5,0,5570000,2,1,1,1
1762.0,3,4,2,1,4,5,7,Apartment,Unfurnished,Ready to Move,Hebbal,7.3,12.2,3,1,16100000,0,2,0,3
1182.0,3,3,1,1,24,3,7,Villa,Semi-Furnished,Ready to Move,HSR Layout,7.3,8.1,4,2,13020000,2,1,0,2
973.0,2,2,2,1,1,1,3,Independent House,Semi-Furnished,Ready to Move,Yelahanka,2.3,17.0,7,1,6070000,1,1,0,10
801.0,2,3,1,1,2,2,3,Independent House,Semi-Furnished,Under Construction,Whitefield,6.9,25.5,4,2,6650000,1,1,1,9
515.0,1,2,2,1,1,1,10,Independent House,Furnished,Under Construction,Sarjapur Road,1.9,17.5,5,2,3820000,1,0,1,8
544.0,1,1,1,1,0,3,7,Apartment,Furnished,Ready to Move,Jayanagar,7.5,4.0,3,2,7050000,0,0,0,5
801.0,2,2,2,1,2,1,3,Apartment,Semi-Furnished,Ready to Move,Whitefield,6.1,20.9,3,1,6260000,0,1,0,9
1131.0,3,4,2,1,0,9,20,Apartment,Unfurnished,Ready to Move,HSR Layout,7.9,7.6,2,3,11070000,0,2,0,2
1480.0,3,3,1,1,1,1,10,Independent House,Semi-Furnished,Ready to Move,Whitefield,3.0,19.6,3,0,14140000,1,1,0,9
1163.0,3,3,2,1,3,4,5,Independent House,Semi-Furnished,Under Construction,Indiranagar,6.8,3.0,1,1,18040000,1,1,1,4
795.0,2,2,1,1,0,14,20,Independent House,Furnished,Under Construction,Electronic City,3.7,18.8,4,2,5510000,1,0,1,1
446.0,1,2,1,1,11,4,7,Apartment,Furnished,Ready to Move,Marathahalli,5.1,11.4,7,1,2950000,0,0,0,7
1378.0,3,3,0,1,12,2,5,Independent House,Semi-Furnished,Ready to Move,HSR Layout,4.7,8.0,0,1,17150000,1,1,0,2
1129.0,2,2,2,1,4,6,20,Apartment,Semi-Furnished,Under Construction,HSR Layout,6.8,6.9,3,2,10740000,0,1,1,2
1821.0,3,3,2,1,24,1,5,Apartment,Unfurnished,Ready to Move,Sarjapur Road,1.5,21.8,3,4,7910000,0,2,0,8
2393.0,4,5,2,1,9,10,20,Apartment,Semi-Furnished,Ready to Move,Whitefield,5.9,21.3,4,3,20420000,0,1,0,9
1358.0,2,2,2,1,10,2,15,Apartment,Semi-Furnished,Ready to Move,Yelahanka,2.1,18.8,4,4,6050000,0,1,0,10
759.0,2,2,0,1,1,1,7,Apartment,Semi-Furnished,Ready to Move,Hebbal,4.8,7.9,3,1,6430000,0,1,0,3
1703.0,3,3,0,1,14,3,3,Apartment,Semi-Furnished,Ready to Move,Marathahalli,5.3,13.1,3,2,9830000,0,1,0,7
2395.0,4,6,1,1,23,1,3,Apartment,Furnished,Ready to Move,Marathahalli,5.2,15.3,4,1,17690000,0,0,0,7
1156.0,3,3,2,1,2,1,5,Villa,Semi-Furnished,Ready to Move,Yelahanka,3.7,21.0,3,3,8060000,2,1,0,10
1702.0,4,4,3,1,9,14,20,Independent House,Furnished,Ready to Move,Koramangala,9.5,1.7,2,5,34150000,1,0,0,6
940.0,2,3,1,1,10,2,7,Villa,Semi-Furnished,Ready to Move,Whitefield,4.9,16.1,1,4,7890000,2,1,0,9
2712.875,4,6,2,1,2,1,3,Apartment,Furnished,Ready to Move,HSR Layout,8.5,10.6,3,5,51010000,0,0,0,2
1077.0,2,3,2,1,5,9,10,Independent House,Semi-Furnished,Ready to Move,Hebbal,2.4,10.0,6,1,10630000,1,1,0,3
446.0,1,1,0,1,0,5,5,Independent House,Semi-Furnished,Ready to Move,Whitefield,4.2,25.1,5,1,3750000,1,1,0,9
1604.0,4,4,1,1,1,1,5,Apartment,Semi-Furnished,Ready to Move,Marathahalli,3.8,15.6,0,1,11320000,0,1,0,7
1633.0,4,5,2,1,0,1,5,Apartment,Semi-Furnished,Under Construction,Banashankari,4.3,7.1,1,1,11720000,0,1,1,0
537.0,1,2,1,1,6,14,15,Apartment,Semi-Furnished,Ready to Move,Hebbal,5.7,11.2,4,4,4610000,0,1,0,3
910.0,2,2,2,1,7,1,3,Apartment,Semi-Furnished,Ready to Move,Jayanagar,7.0,5.6,6,2,10800000,0,1,0,5
445.0,1,1,1,1,19,3,7,Villa,Semi-Furnished,Ready to Move,Whitefield,5.6,14.5,1,2,3520000,2,1,0,9
1001.0,2,3,0,1,6,3,3,Independent House,Furnished,Under Construction,Hebbal,3.2,12.1,1,2,8320000,1,0,1,3
1379.0,2,2,1,1,2,8,10,Apartment,Unfurnished,Ready to Move,Marathahalli,7.4,12.5,3,5,9110000,0,2,0,7
2517.0,4,5,2,1,0,3,7,Independent House,Semi-Furnished,Ready to Move,Whitefield,3.7,21.9,5,1,29690000,1,1,0,9
1278.0,3,3,1,1,17,1,3,Independent House,Semi-Furnished,Under Construction,Whitefield,4.8,17.3,3,2,8310000,1,1,1,9
1556.0,3,4,2,1,5,4,10,Independent House,Unfurnished,Ready to Move,Yelahanka,2.7,18.0,4,0,8400000,1,2,0,10
1243.0,3,4,1,1,10,5,10,Apartment,Furnished,Under Construction,Marathahalli,4.1,15.6,3,1,8490000,0,0,1,7
1587.0,3,4,1,1,0,2,5,Independent House,Furnished,Under Construction,Hebbal,4.2,12.5,6,1,17000000,1,0,1,3
1198.0,3,3,2,1,5,10,15,Apartment,Semi-Furnished,Ready to Move,Yelahanka,3.3,19.8,1,1,6720000,0,1,0,10
1912.0,3,3,1,1,3,3,7,Apartment,Semi-Furnished,Ready to Move,Marathahalli,4.9,8.3,1,1,12480000,0,1,0,7
1015.0,2,2,2,1,0,4,15,Apartment,Semi-Furnished,Ready to Move,Jayanagar,3.1,7.3,2,1,12800000,0,1,0,5
1226.0,3,4,0,1,11,7,10,Apartment,Unfurnished,Under Construction,Indiranagar,8.2,4.9,2,2,15040000,0,2,1,4
1235.0,3,4,2,1,5,11,20,Villa,Semi-Furnished,Ready to Move,Electronic City,2.8,21.8,2,1,9400000,2,1,0,1
1794.0,4,5,2,1,3,4,10,Apartment,Semi-Furnished,Ready to Move,Indiranagar,10.0,2.1,2,2,29860000,0,1,0,4
2712.875,4,5,2,1,13,3,5,Apartment,Furnished,Ready to Move,Sarjapur Road,5.0,13.7,1,1,27760000,0,0,0,8
708.0,2,3,1,1,4,1,15,Apartment,Furnished,Ready to Move,Marathahalli,6.3,16.7,4,3,5080000,0,0,0,7
1212.0,3,3,2,1,0,5,15,Villa,Semi-Furnished,Ready to Move,Yelahanka,3.8,18.4,5,4,8270000,2,1,0,10
488.0,1,1,1,1,23,14,25,Apartment,Furnished,Ready to Move,Indiranagar,8.8,10.4,3,2,7870000,0,0,0,4
1395.0,3,3,1,1,2,2,3,Independent House,Furnished,Ready to Move,Marathahalli,4.5,19.9,1,3,15170000,1,0,0,7
898.0,2,2,0,1,14,4,10,Apartment,Semi-Furnished,Ready to Move,Marathahalli,5.7,9.4,4,4,5710000,0,1,0,7
385.0,1,2,0,1,13,4,10,Apartment,Unfurnished,Under Construction,Marathahalli,6.6,13.5,1,1,1930000,0,2,1,7
874.0,2,2,2,1,1,1,10,Apartment,Furnished,Ready to Move,Sarjapur Road,4.1,18.8,0,4,6530000,0,0,0,8
1372.0,3,4,2,1,5,13,25,Apartment,Semi-Furnished,Ready to Move,HSR Layout,5.4,12.9,2,1,12850000,0,1,0,2
830.0,2,2,1,1,0,1,10,Apartment,Semi-Furnished,Under Construction,Jayanagar,8.1,10.3,2,0,8460000,0,1,1,5
2274.0,4,4,2,1,3,3,10,Apartment,Unfurnished,Under Construction,Whitefield,3.1,16.9,0,4,12170000,0,2,1,9
651.0,1,1,0,1,10,4,7,Independent House,Semi-Furnished,Ready to Move,Electronic City,3.9,20.4,4,2,3960000,1,1,0,1
1968.0,4,4,2,1,2,7,7,Villa,Semi-Furnished,Under Construction,Indiranagar,9.7,9.1,4,2,41350000,2,1,1,4
1464.0,3,3,2,1,0,4,7,Apartment,Semi-Furnished,Ready to Move,Marathahalli,3.8,9.0,3,1,11150000,0,1,0,7
539.0,2,2,2,1,5,2,3,Apartment,Unfurnished,Ready to Move,Banashankari,3.3,4.8,6,5,3700000,0,2,0,0
869.0,2,2,1,1,6,3,7,Independent House,Semi-Furnished,Ready to Move,Marathahalli,3.3,15.3,3,4,6280000,1,1,0,7
1681.0,3,4,2,1,9,1,5,Apartment,Furnished,Ready to Move,Sarjapur Road,3.2,24.2,1,1,10190000,0,0,0,8
1281.0,3,4,1,1,11,8,10,Apartment,Unfurnished,Under Construction,Jayanagar,5.1,1.0,3,2,11900000,0,2,1,5
1193.0,3,4,2,1,9,3,10,Independent House,Semi-Furnished,Ready to Move,Marathahalli,3.4,14.2,3,3,9360000,1,1,0,7
1382.0,2,2,1,1,14,11,15,Villa,Unfurnished,Ready to Move,Whitefield,2.2,21.7,0,4,10880000,2,2,0,9
1909.0,3,3,2,1,2,2,10,Apartment,Semi-Furnished,Ready to Move,HSR Layout,7.2,14.4,5,4,22390000,0,1,0,2
2712.875,4,5,0,1,6,1,10,Apartment,Semi-Furnished,Ready to Move,Electronic City,3.8,23.3,4,4,19110000,0,1,0,1
1166.0,2,3,2,1,3,2,5,Apartment,Semi-Furnished,Under Construction,Indiranagar,9.1,1.0,6,3,15280000,0,1,1,4
527.0,2,2,2,1,24,5,20,Villa,Semi-Furnished,Under Construction,Whitefield,3.8,16.1,2,2,3540000,2,1,1,9
800.0,2,2,2,1,4,1,3,Apartment,Unfurnished,Under Construction,Koramangala,7.6,8.1,7,0,8450000,0,2,1,6
1268.0,3,3,2,1,24,14,25,Apartment,Unfurnished,Ready to Move,HSR Layout,5.1,11.3,2,0,11770000,0,2,0,2
1333.0,3,3,3,1,11,4,10,Apartment,Furnished,Ready to Move,Banashankari,5.4,4.6,1,2,11580000,0,0,0,0
856.0,2,3,2,1,10,2,5,Apartment,Semi-Furnished,Under Construction,Electronic City,1.3,23.5,1,3,4530000,0,1,1,1
300.0,1,1,1,1,5,5,7,Independent House,Furnished,Ready to Move,Indiranagar,8.8,5.9,6,3,6070000,1,0,0,4
592.0,1,1,2,1,4,3,3,Independent House,Furnished,Ready to Move,Koramangala,7.0,1.0,5,3,9270000,1,0,0,6
1053.0,2,3,0,1,5,3,5,Villa,Furnished,Ready to Move,Marathahalli,6.6,7.7,3,1,12950000,2,0,0,7
1254.0,2,2,2,1,2,3,7,Apartment,Semi-Furnished,Under Construction,HSR Layout,7.1,10.9,5,0,14400000,0,1,1,2
2358.0,4,5,2,1,18,5,10,Apartment,Unfurnished,Ready to Move,HSR Layout,6.3,16.1,7,2,19180000,0,2,0,2
1156.0,3,3,0,1,12,2,5,Apartment,Furnished,Under Construction,Jayanagar,5.0,6.8,4,2,12800000,0,0,1,5
440.0,2,3,2,1,12,3,10,Apartment,Unfurnished,Ready to Move,Whitefield,2.3,12.7,6,2,2280000,0,2,0,9
1882.0,4,5,2,1,4,7,15,Independent House,Semi-Furnished,Ready to Move,Whitefield,5.1,15.2,2,1,16390000,1,1,0,9
1652.0,3,4,1,1,0,1,10,Apartment,Furnished,Under Construction,HSR Layout,9.0,11.9,2,1,18330000,0,0,1,2
1228.0,3,4,1,1,9,5,7,Apartment,Semi-Furnished,Ready to Move,Whitefield,4.9,22.2,3,2,9550000,0,1,0,9
785.0,1,1,1,1,3,2,5,Apartment,Unfurnished,Ready to Move,Whitefield,4.6,19.4,4,5,4890000,0,2,0,9
901.0,2,2,3,1,16,3,3,Villa,Semi-Furnished,Ready to Move,Electronic City,3.6,20.5,4,2,6270000,2,1,0,1
2058.0,4,4,1,1,12,13,15,Apartment,Furnished,Ready to Move,Hebbal,5.2,14.4,5,3,23100000,0,0,0,3
1018.0,3,4,2,1,1,4,10,Apartment,Furnished,Under Construction,Marathahalli,4.3,17.3,4,2,6690000,0,0,1,7
1004.0,2,2,0,1,7,2,10,Apartment,Semi-Furnished,Ready to Move,Jayanagar,5.6,8.1,5,1,11170000,0,1,0,5
845.0,3,4,1,1,9,2,5,Independent House,Furnished,Ready to Move,HSR Layout,4.9,7.1,1,1,13070000,1,0,0,2
2277.0,4,5,2,1,6,5,5,Apartment,Unfurnished,Ready to Move,Yelahanka,3.2,18.7,2,2,10080000,0,2,0,10
1087.0,2,3,1,1,5,5,15,Independent House,Unfurnished,Under Construction,Electronic City,5.6,20.9,3,2,6320000,1,2,1,1
1780.0,3,3,3,1,2,7,10,Independent House,Semi-Furnished,Under Construction,Whitefield,5.5,18.2,4,2,14980000,1,1,1,9
2228.0,4,5,1,1,2,13,25,Apartment,Unfurnished,Under Construction,Marathahalli,2.1,12.1,2,2,13940000,0,2,1,7
980.0,2,2,1,1,11,9,25,Independent House,Semi-Furnished,Ready to Move,Whitefield,4.0,20.1,2,1,7860000,1,1,0,9
1557.0,3,3,0,1,0,1,15,Apartment,Unfurnished,Ready to Move,Electronic City,4.4,23.7,0,1,9780000,0,2,0,1
1523.0,3,4,3,1,12,2,7,Independent House,Semi-Furnished,Ready to Move,Jayanagar,8.9,1.0,7,3,18220000,1,1,0,5
1157.0,3,3,1,1,5,5,5,Apartment,Unfurnished,Ready to Move,Yelahanka,5.7,13.8,3,1,6680000,0,2,0,10
495.0,2,3,1,1,22,6,7,Apartment,Unfurnished,Ready to Move,Jayanagar,6.4,4.6,5,1,3470000,0,2,0,5
1015.0,2,3,1,1,24,6,25,Apartment,Furnished,Under Construction,Sarjapur Road,4.9,21.1,1,6,3650000,0,0,1,8
1357.0,3,3,1,1,8,1,7,Apartment,Unfurnished,Under Construction,Banashankari,5.0,5.4,4,3,8110000,0,2,1,0
842.0,2,2,2,1,4,2,15,Independent House,Unfurnished,Ready to Move,Koramangala,7.8,3.0,7,4,13630000,1,2,0,6
1095.0,2,2,2,1,5,14,25,Apartment,Unfurnished,Ready to Move,HSR Layout,6.4,12.4,4,1,10370000,0,2,0,2
941.0,2,2,1,1,1,14,15,Villa,Furnished,Ready to Move,Electronic City,3.4,22.1,6,2,7860000,2,0,0,1
404.0,1,1,1,1,0,8,10,Apartment,Semi-Furnished,Ready to Move,Indiranagar,10.0,9.6,3,3,6070000,0,1,0,4
1718.0,4,5,2,1,6,5,5,Independent House,Semi-Furnished,Under Construction,Electronic City,1.2,21.5,5,1,9600000,1,1,1,1
735.0,2,2,1,1,13,1,5,Apartment,Unfurnished,Ready to Move,Yelahanka,3.7,21.6,4,3,3310000,0,2,0,10
2712.875,4,6,1,1,2,10,10,Apartment,Semi-Furnished,Ready to Move,Sarjapur Road,6.0,24.2,4,0,26570000,0,1,0,8
1087.0,2,2,1,1,4,13,25,Apartment,Unfurnished,Under Construction,Marathahalli,6.1,15.4,1,2,5540000,0,2,1,7
1452.0,3,3,1,1,6,10,20,Villa,Semi-Furnished,Under Construction,Electronic City,4.2,23.3,4,2,9390000,2,1,1,1
915.0,2,2,0,1,19,3,5,Apartment,Semi-Furnished,Ready to Move,Hebbal,3.9,13.7,0,2,6910000,0,1,0,3
1330.0,3,4,1,1,1,6,7,Apartment,Furnished,Ready to Move,Banashankari,5.8,10.4,5,2,13240000,0,0,0,0
1726.0,3,4,1,1,2,10,10,Apartment,Unfurnished,Under Construction,Hebbal,7.0,12.4,2,3,15390000,0,2,1,3
856.0,2,2,0,1,20,7,10,Villa,Furnished,Ready to Move,Whitefield,3.6,23.5,3,3,8230000,2,0,0,9
2230.0,4,5,2,1,0,2,5,Apartment,Unfurnished,Under Construction,Marathahalli,4.5,15.5,4,4,13120000,0,2,1,7
883.0,2,3,3,1,8,3,7,Apartment,Semi-Furnished,Ready to Move,Whitefield,4.0,24.2,0,2,5990000,0,1,0,9
1943.0,3,4,3,1,8,14,25,Apartment,Unfurnished,Ready to Move,HSR Layout,5.4,5.6,3,0,20710000,0,2,0,2
2712.875,4,5,2,1,3,14,25,Independent House,Furnished,Ready to Move,Whitefield,3.9,20.6,3,4,30680000,1,0,0,9
2498.0,4,5,1,1,5,6,10,Independent House,Unfurnished,Ready to Move,Marathahalli,4.2,17.0,3,2,17400000,1,2,0,7
2472.0,4,5,0,1,15,8,10,Apartment,Semi-Furnished,Under Construction,Sarjapur Road,2.3,14.6,1,3,10570000,0,1,1,8
1151.0,2,3,2,1,1,5,5,Apartment,Unfurnished,Ready to Move,Whitefield,2.7,21.3,5,1,7200000,0,2,0,9
890.0,2,2,0,1,2,6,15,Apartment,Semi-Furnished,Under Construction,Electronic City,2.0,23.8,7,1,5060000,0,1,1,1
970.0,2,3,1,1,5,2,3,Apartment,Semi-Furnished,Ready to Move,Indiranagar,9.2,10.2,2,3,13720000,0,1,0,4
1857.0,3,4,1,1,4,1,5,Apartment,Unfurnished,Ready to Move,Electronic City,1.1,21.0,0,2,8260000,0,2,0,1
1108.0,3,3,1,1,6,1,3,Villa,Furnished,Ready to Move,Koramangala,4.7,4.6,2,3,23120000,2,0,0,6
988.0,2,3,2,1,20,3,7,Apartment,Furnished,Ready to Move,Electronic City,5.4,20.3,6,3,6300000,0,0,0,1
1522.0,3,3,2,1,19,10,20,Independent House,Unfurnished,Ready to Move,Sarjapur Road,2.1,17.6,1,5,9520000,1,2,0,8
1048.0,2,2,2,1,2,12,25,Apartment,Semi-Furnished,Ready to Move,Whitefield,4.0,24.9,3,3,8310000,0,1,0,9
864.0,2,2,2,1,2,10,10,Villa,Semi-Furnished,Ready to Move,Whitefield,4.8,19.9,1,6,9730000,2,1,0,9
1984.0,3,4,1,1,1,9,15,Apartment,Furnished,Under Construction,Electronic City,1.2,19.9,3,1,11490000,0,0,1,1
1037.0,3,3,2,1,21,2,7,Apartment,Semi-Furnished,Ready to Move,Yelahanka,0.8,15.5,1,1,3930000,0,1,0,10
2583.0,4,4,1,1,4,7,10,Apartment,Unfurnished,Ready to Move,Marathahalli,3.1,12.4,3,2,17970000,0,2,0,7
1180.0,2,3,2,1,4,9,15,Apartment,Furnished,Ready to Move,Marathahalli,5.4,12.7,3,2,9250000,0,0,0,7
1932.0,3,4,0,1,12,4,10,Apartment,Unfurnished,Ready to Move,Electronic City,3.3,20.4,3,1,8710000,0,2,0,1
375.0,1,2,2,1,5,2,3,Villa,Unfurnished,Under Construction,Marathahalli,4.0,12.5,4,4,2160000,2,2,1,7
784.0,2,2,3,1,1,5,15,Independent House,Semi-Furnished,Ready to Move,Whitefield,3.9,16.4,4,1,7360000,1,1,0,9
1817.0,3,3,0,1,4,5,5,Apartment,Unfurnished,Under Construction,Marathahalli,4.8,14.2,3,2,9270000,0,2,1,7
1249.0,4,4,0,1,7,1,3,Apartment,Unfurnished,Ready to Move,Yelahanka,5.1,13.1,3,1,6250000,0,2,0,10
644.0,2,3,0,1,10,6,10,Apartment,Semi-Furnished,Ready to Move,Marathahalli,8.5,17.4,1,2,4030000,0,1,0,7
857.0,2,2,1,1,8,3,3,Apartment,Furnished,Under Construction,Yelahanka,2.8,15.1,3,4,4670000,0,0,1,10
1453.0,3,3,1,1,1,9,10,Apartment,Unfurnished,Under Construction,Sarjapur Road,6.0,19.2,2,1,8310000,0,2,1,8
1252.0,2,3,2,1,2,6,10,Independent House,Semi-Furnished,Ready to Move,Koramangala,9.5,5.2,5,2,21770000,1,1,0,6
1925.0,4,4,1,1,10,6,7,Independent House,Unfurnished,Ready to Move,Yelahanka,3.4,10.5,3,3,10500000,1,2,0,10
1229.0,3,3,1,1,16,14,25,Independent House,Semi-Furnished,Ready to Move,Whitefield,1.0,19.2,7,3,8630000,1,1,0,9
1009.0,2,2,2,1,0,2,15,Apartment,Semi-Furnished,Ready to Move,Jayanagar,6.1,11.2,3,3,11420000,0,1,0,5
1531.0,3,3,1,1,0,1,5,Independent House,Semi-Furnished,Ready to Move,Koramangala,7.5,1.7,5,4,25810000,1,1,0,6
1523.0,3,3,1,1,8,3,15,Villa,Furnished,Ready to Move,Whitefield,4.9,26.8,3,2,17290000,2,0,0,9
916.0,2,2,2,1,6,4,7,Apartment,Semi-Furnished,Under Construction,Indiranagar,8.4,6.6,5,4,11410000,0,1,1,4
852.0,3,4,2,1,1,3,15,Apartment,Semi-Furnished,Ready to Move,HSR Layout,5.5,11.6,3,2,8330000,0,1,0,2
449.0,1,1,0,1,6,7,15,Independent House,Semi-Furnished,Ready to Move,Indiranagar,10.0,5.7,3,3,7290000,1,1,0,4
1797.0,3,3,0,1,24,4,5,Apartment,Semi-Furnished,Under Construction,Marathahalli,6.0,17.1,2,0,7890000,0,1,1,7
985.0,2,3,1,1,7,6,10,Apartment,Semi-Furnished,Ready to Move,Whitefield,1.3,23.3,4,2,7590000,0,1,0,9
1870.0,4,5,1,1,4,6,20,Apartment,Furnished,Ready to Move,Koramangala,7.6,3.9,2,1,33660000,0,0,0,6
1162.0,2,3,1,1,14,1,7,Apartment,Furnished,Ready to Move,Jayanagar,7.6,4.7,2,0,13160000,0,0,0,5
735.0,2,3,2,1,1,1,3,Apartment,Semi-Furnished,Under Construction,Electronic City,5.3,17.7,1,3,3520000,0,1,1,1
1909.0,4,5,2,1,4,3,3,Independent House,Furnished,Ready to Move,Sarjapur Road,3.0,20.4,4,1,13620000,1,0,0,8
565.0,1,1,1,1,6,5,5,Villa,Semi-Furnished,Under Construction,Marathahalli,3.7,14.2,7,1,3970000,2,1,1,7
866.0,2,3,2,1,5,1,3,Villa,Unfurnished,Ready to Move,Hebbal,5.1,9.5,2,0,8490000,2,2,0,3
969.0,2,2,1,1,20,2,7,Apartment,Semi-Furnished,Ready to Move,Sarjapur Road,4.7,16.3,3,2,5660000,0,1,0,8
914.0,2,2,1,1,2,4,7,Villa,Unfurnished,Ready to Move,Indiranagar,6.4,4.8,2,3,16950000,2,2,0,4
1440.0,4,4,2,1,0,2,5,Apartment,Semi-Furnished,Ready to Move,Marathahalli,1.0,11.1,3,2,11280000,0,1,0,7
1450.0,3,3,2,1,19,7,10,Apartment,Semi-Furnished,Ready to Move,HSR Layout,8.2,10.1,1,1,14760000,0,1,0,2
403.0,1,1,1,1,1,6,25,Apartment,Unfurnished,Under Construction,Electronic City,1.8,17.1,4,2,1890000,0,2,1,1
1446.0,3,3,0,1,3,4,20,Apartment,Semi-Furnished,Ready to Move,Hebbal,8.2,10.4,6,1,12320000,0,1,0,3
1784.0,3,3,2,1,6,6,7,Apartment,Semi-Furnished,Under Construction,Indiranagar,7.4,1.5,2,5,25690000,0,1,1,4
1887.0,4,5,1,1,24,13,15,Apartment,Unfurnished,Ready to Move,Hebbal,4.7,12.6,2,5,12310000,0,2,0,3
727.0,2,3,1,1,6,14,20,Apartment,Unfurnished,Ready to Move,Hebbal,5.6,9.1,3,1,6120000,0,2,0,3
1364.0,3,3,0,1,4,14,20,Apartment,Furnished,Ready to Move,Hebbal,1.8,10.3,3,2,12770000,0,0,0,3
1167.0,3,4,2,1,7,13,20,Independent House,Semi-Furnished,Ready to Move,Yelahanka,7.3,22.8,4,3,7180000,1,1,0,10
1566.0,3,3,1,1,24,12,15,Apartment,Furnished,Ready to Move,Indiranagar,8.1,7.6,7,2,23970000,0,0,0,4
1358.0,3,4,3,1,13,7,7,Villa,Furnished,Ready to Move,Electronic City,2.1,23.8,3,1,10390000,2,0,0,1
1274.0,2,2,1,1,1,3,3,Apartment,Furnished,Ready to Move,Marathahalli,2.3,17.9,1,3,11180000,0,0,0,7
1725.0,3,3,1,1,13,6,10,Apartment,Semi-Furnished,Under Construction,Electronic City,3.9,23.5,4,2,8600000,0,1,1,1
1357.0,3,3,2,1,14,1,3,Independent House,Semi-Furnished,Ready to Move,Marathahalli,4.4,9.8,2,5,12340000,1,1,0,7
2712.875,4,5,1,1,9,14,25,Apartment,Unfurnished,Ready to Move,Sarjapur Road,2.0,14.1,3,5,22180000,0,2,0,8
875.0,2,2,1,1,8,6,7,Apartment,Semi-Furnished,Ready to Move,Sarjapur Road,1.6,9.9,5,0,5330000,0,1,0,8
1409.0,3,3,1,1,4,14,25,Villa,Semi-Furnished,Ready to Move,Electronic City,4.9,22.6,1,4,10510000,2,1,0,1
1855.0,4,4,1,1,8,7,15,Apartment,Semi-Furnished,Ready to Move,Koramangala,7.0,1.0,2,5,29480000,0,1,0,6
1614.0,3,3,2,1,10,3,7,Independent House,Furnished,Ready to Move,Indiranagar,6.1,3.3,5,2,31540000,1,0,0,4
2573.0,4,4,1,1,1,4,5,Apartment,Semi-Furnished,Ready to Move,Koramangala,7.8,3.0,3,1,46940000,0,1,0,6
2319.0,4,5,3,1,2,5,5,Apartment,Semi-Furnished,Under Construction,Yelahanka,2.4,14.2,2,3,11460000,0,1,1,10
1125.0,2,2,2,1,1,7,10,Apartment,Unfurnished,Under Construction,Electronic City,6.3,21.9,4,1,4740000,0,2,1,1
1658.0,3,3,1,1,14,7,15,Apartment,Semi-Furnished,Ready to Move,Koramangala,7.2,3.2,1,4,21430000,0,1,0,6
1054.0,2,3,1,1,9,2,25,Independent House,Semi-Furnished,Ready to Move,Whitefield,3.9,18.9,3,3,8790000,1,1,0,9
1080.0,3,4,1,1,4,4,5,Villa,Semi-Furnished,Ready to Move,Marathahalli,4.3,9.4,4,0,10130000,2,1,0,7
1273.0,2,2,1,1,13,4,5,Apartment,Semi-Furnished,Ready to Move,Marathahalli,3.1,14.7,2,1,8510000,0,1,0,7
1905.0,3,4,2,1,10,3,3,Apartment,Semi-Furnished,Ready to Move,Electronic City,4.0,28.5,4,1,9890000,0,1,0,1
1334.0,3,3,0,1,19,2,7,Villa,Semi-Furnished,Ready to Move,Whitefield,2.8,20.8,2,2,11700000,2,1,0,9
879.0,2,2,3,1,0,4,15,Apartment,Semi-Furnished,Under Construction,Electronic City,3.0,28.8,1,0,3980000,0,1,1,1
1066.0,2,2,0,1,5,5,5,Apartment,Semi-Furnished,Ready to Move,Electronic City,3.9,20.3,1,1,4630000,0,1,0,1
2712.875,4,6,1,1,9,7,10,Apartment,Unfurnished,Ready to Move,Marathahalli,5.7,13.2,3,1,20510000,0,2,0,7
527.0,1,1,0,1,1,3,7,Apartment,Unfurnished,Ready to Move,Marathahalli,3.1,13.9,1,1,2840000,0,2,0,7
412.0,1,2,1,1,3,1,7,Villa,Semi-Furnished,Ready to Move,Electronic City,2.4,21.5,1,1,3110000,2,1,0,1
1008.0,2,2,2,1,4,7,10,Independent House,Furnished,Ready to Move,HSR Layout,8.6,13.5,7,3,14730000,1,0,0,2
2712.875,4,6,2,1,12,6,10,Apartment,Unfurnished,Under Construction,Banashankari,3.8,1.4,0,0,20740000,0,2,1,0
2712.875,4,5,1,1,5,2,7,Apartment,Semi-Furnished,Ready to Move,Indiranagar,8.6,3.6,6,2,55750000,0,1,0,4
1497.0,3,3,2,1,5,1,10,Apartment,Furnished,Ready to Move,Sarjapur Road,6.2,23.0,3,1,10940000,0,0,0,8
1891.0,4,4,2,1,4,6,7,Apartment,Unfurnished,Ready to Move,Koramangala,8.1,2.5,3,1,30180000,0,2,0,6
1138.0,2,3,2,1,2,8,10,Apartment,Unfurnished,Ready to Move,Indiranagar,8.3,7.8,4,2,15100000,0,2,0,4
2712.875,4,5,2,1,20,5,25,Independent House,Furnished,Ready to Move,Whitefield,4.1,21.8,4,2,22470000,1,0,0,9
861.0,2,3,2,1,3,13,15,Apartment,Unfurnished,Ready to Move,Jayanagar,5.6,5.8,3,1,8740000,0,2,0,5
915.0,2,3,1,1,6,7,7,Apartment,Semi-Furnished,Ready to Move,Banashankari,5.3,8.9,4,4,7180000,0,1,0,0
618.0,2,2,1,1,1,8,15,Apartment,Semi-Furnished,Ready to Move,Electronic City,1.9,21.7,3,2,3430000,0,1,0,1
1348.0,3,4,1,1,4,7,15,Apartment,Unfurnished,Under Construction,Whitefield,5.5,13.6,7,1,9560000,0,2,1,9
1592.0,3,4,2,1,18,3,7,Apartment,Unfurnished,Ready to Move,Whitefield,4.4,21.4,3,3,10340000,0,2,0,9
1014.0,2,2,2,1,24,14,15,Villa,Semi-Furnished,Under Construction,Electronic City,3.7,20.2,2,4,4340000,2,1,1,1
2712.875,4,5,2,1,3,4,7,Apartment,Semi-Furnished,Under Construction,Koramangala,10.0,1.0,1,0,57810000,0,1,1,6
900.0,2,2,3,1,1,14,15,Villa,Unfurnished,Under Construction,Whitefield,2.2,21.2,1,4,6480000,2,2,1,9
1042.0,2,2,1,1,3,4,7,Apartment,Semi-Furnished,Ready to Move,Sarjapur Road,3.7,19.0,3,5,5420000,0,1,0,8
1621.0,3,3,2,1,3,1,20,Apartment,Semi-Furnished,Under Construction,Indiranagar,9.6,7.9,3,3,21010000,0,1,1,4
2055.0,3,3,2,1,8,6,10,Apartment,Semi-Furnished,Ready to Move,HSR Layout,5.4,9.2,5,2,22180000,0,1,0,2
2057.0,4,5,2,1,5,3,7,Apartment,Semi-Furnished,Ready to Move,Yelahanka,4.4,18.6,5,0,13410000,0,1,0,10
1107.0,3,3,2,1,11,7,7,Apartment,Unfurnished,Under Construction,Whitefield,3.5,20.1,1,2,6180000,0,2,1,9
1637.0,3,4,1,1,9,3,7,Apartment,Semi-Furnished,Ready to Move,Banashankari,5.1,9.0,6,3,13790000,0,1,0,0
1304.0,2,2,0,1,2,3,5,Villa,Semi-Furnished,Ready to Move,Electronic City,3.1,23.3,2,3,10940000,2,1,0,1
1309.0,3,3,3,1,12,1,3,Villa,Semi-Furnished,Ready to Move,Yelahanka,3.2,12.0,4,1,9100000,2,1,0,10
2712.875,4,6,0,1,15,4,7,Apartment,Semi-Furnished,Ready to Move,Marathahalli,4.1,15.1,7,0,23770000,0,1,0,7
685.0,1,2,1,1,7,4,10,Apartment,Semi-Furnished,Under Construction,Hebbal,5.0,12.3,2,2,4880000,0,1,1,3
2406.0,4,4,1,1,21,6,7,Apartment,Semi-Furnished,Ready to Move,Banashankari,4.0,7.2,2,2,16310000,0,1,0,0
1435.0,3,3,1,1,12,1,3,Apartment,Semi-Furnished,Ready to Move,HSR Layout,5.3,10.3,3,3,16020000,0,1,0,2
817.0,2,2,2,1,7,7,10,Apartment,Furnished,Under Construction,Banashankari,5.1,15.6,3,3,6670000,0,0,1,0
2712.875,4,5,2,1,18,5,5,Independent House,Furnished,Under Construction,Electronic City,3.4,16.2,3,0,14760000,1,0,1,1
1528.0,3,3,3,1,7,4,5,Apartment,Semi-Furnished,Under Construction,Electronic City,2.3,21.6,5,3,7810000,0,1,1,1
1122.0,2,3,1,1,5,2,5,Apartment,Semi-Furnished,Ready to Move,Electronic City,3.8,24.4,3,1,6050000,0,1,0,1
1013.0,2,2,2,1,3,7,10,Apartment,Furnished,Ready to Move,Jayanagar,6.0,2.3,3,0,12570000,0,0,0,5
877.0,2,2,2,1,17,3,3,Apartment,Unfurnished,Ready to Move,Koramangala,10.0,5.1,1,3,10400000,0,2,0,6
2222.0,4,4,3,1,1,2,7,Villa,Semi-Furnished,Ready to Move,Jayanagar,10.0,6.9,2,0,37950000,2,1,0,5
1640.0,3,3,3,1,5,2,10,Apartment,Semi-Furnished,Ready to Move,Jayanagar,8.8,1.2,4,1,22320000,0,1,0,5
2151.0,4,4,2,1,6,4,5,Apartment,Furnished,Ready to Move,Sarjapur Road,5.7,16.2,6,1,17730000,0,0,0,8
791.0,2,2,0,1,6,7,7,Villa,Furnished,Ready to Move,Hebbal,6.2,17.4,4,3,9110000,2,0,0,3
915.0,2,2,0,1,8,1,7,Apartment,Furnished,Ready to Move,Indiranagar,8.4,1.0,1,0,17010000,0,0,0,4
654.0,1,2,2,1,5,14,20,Villa,Semi-Furnished,Ready to Move,Electronic City,0.5,20.7,4,3,4070000,2,1,0,1
1012.0,3,3,2,1,2,8,15,Apartment,Semi-Furnished,Ready to Move,HSR Layout,4.8,9.5,1,2,14200000,0,1,0,2
1627.0,4,6,2,1,15,2,25,Apartment,Semi-Furnished,Under Construction,Koramangala,7.0,4.0,5,1,20550000,0,1,1,6
1822.0,3,3,1,1,8,8,10,Villa,Furnished,Ready to Move,Whitefield,6.1,18.8,0,1,18970000,2,0,0,9
1047.0,2,2,2,1,15,3,10,Apartment,Semi-Furnished,Ready to Move,Electronic City,3.7,22.2,3,3,5550000,0,1,0,1
2242.0,4,5,1,1,2,4,20,Apartment,Furnished,Ready to Move,HSR Layout,5.3,9.9,1,0,31030000,0,0,0,2
1098.0,3,4,1,1,8,3,7,Apartment,Unfurnished,Ready to Move,Banashankari,1.9,10.1,4,3,7000000,0,2,0,0
631.0,1,1,1,1,10,8,10,Apartment,Semi-Furnished,Ready to Move,Jayanagar,10.0,8.5,4,1,6560000,0,1,0,5
2110.0,4,5,3,1,3,4,7,Villa,Semi-Furnished,Ready to Move,Electronic City,4.1,23.3,4,2,19350000,2,1,0,1
648.0,2,3,1,1,13,1,10,Independent House,Unfurnished,Under Construction,Marathahalli,5.4,14.7,2,5,3910000,1,2,1,7
1220.0,2,3,2,1,0,1,3,Independent House,Semi-Furnished,Ready to Move,Koramangala,7.2,1.0,4,1,18490000,1,1,0,6
980.0,2,2,1,1,7,9,15,Villa,Unfurnished,Ready to Move,Indiranagar,8.5,5.3,3,2,18070000,2,2,0,4
1289.0,3,4,2,1,7,1,25,Apartment,Furnished,Under Construction,Marathahalli,3.5,17.3,1,2,8850000,0,0,1,7
878.0,2,3,2,1,6,2,3,Apartment,Furnished,Under Construction,Indiranagar,8.8,1.0,4,3,11400000,0,0,1,4
567.0,2,3,3,1,7,7,15,Apartment,Semi-Furnished,Ready to Move,Electronic City,6.1,18.0,4,1,3430000,0,1,0,1
1062.0,2,3,0,1,1,5,5,Apartment,Unfurnished,Ready to Move,Banashankari,2.9,12.5,0,2,8870000,0,2,0,0
1473.0,3,4,1,1,9,1,5,Apartment,Semi-Furnished,Under Construction,Yelahanka,2.9,11.5,2,5,5920000,0,1,1,10
2691.0,4,5,2,1,3,6,10,Independent House,Unfurnished,Under Construction,Marathahalli,4.5,13.7,2,0,19610000,1,2,1,7
1757.0,3,3,1,1,4,2,3,Apartment,Semi-Furnished,Under Construction,Jayanagar,6.5,4.3,4,1,21650000,0,1,1,5
687.0,2,2,1,1,3,10,10,Apartment,Furnished,Ready to Move,Marathahalli,5.5,18.3,3,1,5200000,0,0,0,7
836.0,2,2,1,1,5,2,3,Apartment,Unfurnished,Ready to Move,HSR Layout,3.7,10.9,5,1,8910000,0,2,0,2
788.0,2,2,2,1,7,8,10,Independent House,Unfurnished,Ready to Move,Electronic City,6.2,24.4,7,1,5110000,1,2,0,1
897.0,2,2,0,1,14,6,10,Villa,Unfurnished,Ready to Move,Whitefield,2.3,20.2,2,2,6220000,2,2,0,9
1418.0,3,3,1,1,5,9,20,Villa,Semi-Furnished,Ready to Move,Indiranagar,7.0,11.0,4,1,24750000,2,1,0,4
1520.0,3,4,2,1,3,14,15,Apartment,Furnished,Ready to Move,Jayanagar,6.0,3.8,4,0,19970000,0,0,0,5
1302.0,3,4,1,1,5,3,5,Independent House,Furnished,Under Construction,HSR Layout,5.4,11.0,3,2,15810000,1,0,1,2
1154.0,3,3,0,1,9,1,7,Apartment,Semi-Furnished,Ready to Move,Banashankari,5.3,11.8,1,1,8760000,0,1,0,0
1270.0,2,3,1,1,3,14,20,Independent House,Unfurnished,Ready to Move,Yelahanka,3.5,20.5,1,1,7190000,1,2,0,10
1408.0,2,2,2,1,4,14,15,Apartment,Furnished,Under Construction,Sarjapur Road,3.8,17.2,3,3,9110000,0,0,1,8
1440.0,3,4,1,1,6,2,10,Apartment,Unfurnished,Ready to Move,Jayanagar,4.5,1.0,1,3,15640000,0,2,0,5
806.0,2,3,2,1,2,8,10,Apartment,Semi-Furnished,Ready to Move,Hebbal,4.8,10.8,2,2,7040000,0,1,0,3
1230.0,2,2,2,1,1,2,7,Villa,Semi-Furnished,Ready to Move,Koramangala,8.0,9.2,5,0,27420000,2,1,0,6
675.0,2,2,1,1,1,5,10,Apartment,Semi-Furnished,Under Construction,Hebbal,6.8,9.7,5,3,5910000,0,1,1,3
886.0,2,2,3,1,3,13,15,Independent House,Semi-Furnished,Ready to Move,Koramangala,8.3,4.9,1,0,14490000,1,1,0,6
473.0,1,2,1,1,0,1,5,Apartment,Furnished,Ready to Move,Hebbal,5.6,11.1,4,2,4580000,0,0,0,3
1536.0,4,5,1,1,7,1,25,Apartment,Unfurnished,Under Construction,HSR Layout,9.3,9.8,1,2,14480000,0,2,1,2
1887.0,4,4,2,1,1,2,5,Apartment,Furnished,Ready to Move,Yelahanka,1.3,19.9,1,2,12520000,0,0,0,10
785.0,2,2,2,1,3,7,7,Apartment,Furnished,Ready to Move,Yelahanka,2.4,16.8,5,2,4940000,0,0,0,10
551.0,1,1,1,1,2,2,3,Apartment,Semi-Furnished,Ready to Move,Koramangala,6.3,10.1,0,0,7540000,0,1,0,6
1407.0,3,3,1,1,7,9,10,Apartment,Unfurnished,Under Construction,Indiranagar,10.0,7.9,2,3,16970000,0,2,1,4
831.0,2,3,1,1,15,6,7,Villa,Semi-Furnished,Ready to Move,Banashankari,7.2,8.4,2,2,8460000,2,1,0,0
879.0,2,2,1,1,8,4,5,Apartment,Furnished,Ready to Move,Indiranagar,10.0,4.7,4,2,14700000,0,0,0,4
524.0,1,2,2,1,6,13,25,Independent House,Unfurnished,Ready to Move,Hebbal,5.8,13.0,5,1,4170000,1,2,0,3
1103.0,2,3,2,1,8,6,7,Apartment,Furnished,Ready to Move,Marathahalli,4.6,10.3,3,1,7450000,0,0,0,7
1358.0,3,4,1,1,0,4,7,Independent House,Semi-Furnished,Under Construction,Electronic City,2.6,18.8,3,0,8600000,1,1,1,1
2329.0,4,4,1,1,1,3,10,Apartment,Furnished,Ready to Move,HSR Layout,7.5,12.3,1,3,33620000,0,0,0,2
1061.0,2,2,1,1,0,1,5,Apartment,Furnished,Ready to Move,HSR Layout,4.4,12.8,2,5,13490000,0,0,0,2
1058.0,2,2,1,1,0,2,7,Apartment,Unfurnished,Under Construction,Sarjapur Road,1.7,14.0,4,3,4980000,0,2,1,8
1213.0,2,3,0,1,2,1,7,Apartment,Semi-Furnished,Under Construction,Electronic City,2.7,24.6,4,4,6010000,0,1,1,1
426.0,1,2,1,1,6,3,10,Independent House,Unfurnished,Ready to Move,Jayanagar,9.5,5.5,4,0,5030000,1,2,0,5
2535.0,4,5,1,1,0,14,20,Apartment,Unfurnished,Ready to Move,Jayanagar,5.9,3.5,1,1,31020000,0,2,0,5
1893.0,3,4,1,1,21,1,5,Apartment,Semi-Furnished,Ready to Move,Marathahalli,3.4,13.1,5,0,12270000,0,1,0,7
1327.0,3,3,2,1,15,3,10,Independent House,Furnished,Under Construction,Hebbal,5.4,14.7,1,1,11170000,1,0,1,3
611.0,3,3,1,1,24,2,3,Apartment,Furnished,Under Construction,Banashankari,6.0,9.8,2,1,4350000,0,0,1,0
1918.0,4,4,3,1,0,4,7,Villa,Unfurnished,Ready to Move,Electronic City,5.2,22.9,4,1,15440000,2,2,0,1
2053.0,4,4,2,1,15,5,10,Apartment,Unfurnished,Under Construction,Hebbal,3.3,13.1,4,2,14230000,0,2,1,3
300.0,1,1,3,1,13,2,3,Independent House,Semi-Furnished,Ready to Move,Sarjapur Road,3.5,14.6,4,2,1780000,1,1,0,8
1203.0,2,2,2,1,18,5,10,Apartment,Unfurnished,Under Construction,Marathahalli,4.3,15.6,3,0,5420000,0,2,1,7
1200.0,3,4,2,1,6,5,7,Apartment,Unfurnished,Ready to Move,Banashankari,5.2,6.6,2,0,8600000,0,2,0,0
1012.0,2,3,2,1,12,14,25,Apartment,Furnished,Ready to Move,HSR Layout,7.6,16.1,4,3,12720000,0,0,0,2
2673.0,4,5,0,1,0,3,10,Independent House,Furnished,Under Construction,Whitefield,4.8,18.9,4,4,28100000,1,0,1,9
1039.0,3,4,2,1,0,2,5,Apartment,Furnished,Ready to Move,Hebbal,5.0,18.7,5,0,10160000,0,0,0,3
2200.0,4,5,2,1,1,2,5,Apartment,Semi-Furnished,Ready to Move,Indiranagar,10.0,4.5,2,1,39510000,0,1,0,4
772.0,2,2,1,1,19,1,3,Villa,Semi-Furnished,Under Construction,Hebbal,6.5,11.7,3,0,6880000,2,1,1,3
2434.0,4,5,2,1,0,1,3,Independent House,Furnished,Ready to Move,Yelahanka,4.3,15.1,2,3,19810000,1,0,0,10
921.0,2,3,1,1,0,4,10,Independent House,Unfurnished,Under Construction,Whitefield,3.5,16.2,0,2,5580000,1,2,1,9
2507.0,4,6,1,1,21,7,20,Independent House,Furnished,Ready to Move,Yelahanka,4.1,20.0,2,2,16810000,1,0,0,10
772.0,2,3,1,1,0,4,5,Apartment,Unfurnished,Under Construction,Indiranagar,10.0,5.3,3,1,10150000,0,2,1,4
1734.0,3,4,2,1,16,6,7,Apartment,Furnished,Ready to Move,Jayanagar,5.9,7.9,2,2,19050000,0,0,0,5
1809.0,3,3,2,1,12,5,7,Villa,Furnished,Ready to Move,Marathahalli,4.2,18.8,5,1,16400000,2,0,0,7
1175.0,2,3,2,1,0,9,10,Independent House,Semi-Furnished,Ready to Move,Yelahanka,5.3,15.6,5,1,6890000,1,1,0,10
1537.0,3,3,2,1,0,2,5,Apartment,Semi-Furnished,Under Construction,Whitefield,4.9,19.7,3,3,9490000,0,1,1,9
2712.875,4,6,0,1,6,3,25,Apartment,Unfurnished,Ready to Move,Indiranagar,8.5,5.4,1,2,43030000,0,2,0,4
718.0,2,2,3,1,24,5,15,Independent House,Semi-Furnished,Ready to Move,Sarjapur Road,5.9,14.2,1,0,3170000,1,1,0,8
1331.0,3,3,1,1,16,14,25,Apartment,Semi-Furnished,Ready to Move,Sarjapur Road,3.0,12.5,4,3,8210000,0,1,0,8
474.0,1,2,2,1,2,4,7,Apartment,Semi-Furnished,Ready to Move,Sarjapur Road,1.1,13.5,4,4,2770000,0,1,0,8
1269.0,4,4,1,1,3,6,10,Apartment,Furnished,Under Construction,Koramangala,6.8,7.7,2,2,22320000,0,0,1,6
1695.0,3,4,1,1,3,10,15,Apartment,Unfurnished,Ready to Move,HSR Layout,8.0,9.0,6,4,18040000,0,2,0,2
817.0,2,2,2,1,10,3,15,Villa,Semi-Furnished,Ready to Move,Electronic City,4.1,24.4,3,2,6270000,2,1,0,1
681.0,1,2,2,1,3,1,3,Apartment,Furnished,Ready to Move,Hebbal,5.1,11.2,2,1,6340000,0,0,0,3
1646.0,3,3,1,1,1,5,25,Villa,Semi-Furnished,Under Construction,HSR Layout,7.9,5.3,2,2,26100000,2,1,1,2
611.0,1,1,2,1,10,10,20,Apartment,Furnished,Under Construction,HSR Layout,6.6,12.6,3,0,5410000,0,0,1,2
617.0,1,1,1,1,4,1,5,Apartment,Semi-Furnished,Ready to Move,Banashankari,4.3,5.3,1,4,3710000,0,1,0,0
1227.0,3,4,1,1,0,4,10,Villa,Furnished,Ready to Move,Whitefield,5.6,21.7,6,1,14810000,2,0,0,9
1302.0,2,3,2,1,12,2,7,Apartment,Furnished,Ready to Move,Banashankari,4.1,10.8,4,0,12220000,0,0,0,0
958.0,2,2,1,1,7,1,20,Apartment,Furnished,Ready to Move,Marathahalli,4.7,13.9,2,1,7590000,0,0,0,7
1484.0,3,4,2,1,5,5,10,Apartment,Furnished,Under Construction,Hebbal,3.8,13.4,7,2,12020000,0,0,1,3
478.0,1,2,0,1,8,4,5,Apartment,Unfurnished,Ready to Move,HSR Layout,4.8,5.7,4,2,3710000,0,2,0,2
773.0,2,3,1,1,5,1,3,Apartment,Semi-Furnished,Under Construction,Whitefield,3.0,28.8,3,4,3960000,0,1,1,9
1040.0,2,2,1,1,8,3,7,Independent House,Unfurnished,Ready to Move,Sarjapur Road,3.6,19.3,2,0,6550000,1,2,0,8
1460.0,3,3,1,1,16,2,3,Villa,Unfurnished,Ready to Move,Hebbal,4.0,14.3,2,2,13320000,2,2,0,3
1178.0,3,3,1,1,7,1,5,Independent House,Semi-Furnished,Ready to Move,Sarjapur Road,2.7,20.8,4,4,9180000,1,1,0,8
997.0,3,3,2,1,8,8,10,Apartment,Furnished,Ready to Move,Koramangala,7.8,3.6,4,2,17710000,0,0,0,6
708.0,2,2,3,1,7,11,15,Apartment,Semi-Furnished,Ready to Move,Sarjapur Road,3.6,18.2,5,3,4240000,0,1,0,8
681.0,1,1,2,1,6,8,10,Apartment,Furnished,Ready to Move,Sarjapur Road,1.3,21.3,0,0,4050000,0,0,0,8
482.0,1,1,2,1,1,8,10,Apartment,Furnished,Under Construction,Marathahalli,0.2,12.9,3,1,3160000,0,0,1,7
885.0,2,3,1,1,3,1,5,Apartment,Unfurnished,Under Construction,Sarjapur Road,4.3,19.2,3,1,4700000,0,2,1,8
2580.0,4,5,1,1,9,4,7,Apartment,Unfurnished,Ready to Move,Hebbal,5.2,13.4,3,3,21810000,0,2,0,3
736.0,2,3,0,1,4,7,15,Independent House,Unfurnished,Ready to Move,Marathahalli,1.9,11.8,2,1,5060000,1,2,0,7
811.0,2,2,1,1,4,5,7,Apartment,Semi-Furnished,Under Construction,Whitefield,5.0,21.3,0,2,4720000,0,1,1,9
803.0,2,2,2,1,11,4,7,Apartment,Unfurnished,Under Construction,Indiranagar,9.3,1.0,1,1,10260000,0,2,1,4
1853.0,3,3,1,1,0,4,5,Independent House,Furnished,Ready to Move,Whitefield,3.9,22.8,1,1,19440000,1,0,0,9
1958.0,3,3,1,1,9,5,10,Apartment,Unfurnished,Under Construction,Electronic City,6.3,26.7,3,0,8710000,0,2,1,1
1610.0,3,3,1,1,5,5,15,Independent House,Unfurnished,Ready to Move,Electronic City,5.2,24.7,3,3,9880000,1,2,0,1
2313.0,4,4,1,1,3,1,10,Villa,Semi-Furnished,Ready to Move,Whitefield,3.7,24.5,2,2,24620000,2,1,0,9
1237.0,3,3,0,1,3,2,5,Independent House,Semi-Furnished,Ready to Move,Electronic City,2.8,19.7,3,2,7590000,1,1,0,1
1319.0,2,3,2,1,1,8,15,Apartment,Furnished,Under Construction,Whitefield,2.1,19.3,2,2,8120000,0,0,1,9
1000.0,2,3,1,1,3,1,3,Villa,Furnished,Ready to Move,Hebbal,6.8,12.4,2,2,12730000,2,0,0,3
1638.0,3,3,2,1,3,5,10,Apartment,Furnished,Ready to Move,Yelahanka,3.4,16.4,2,1,10250000,0,0,0,10
1370.0,3,3,1,1,4,6,7,Villa,Unfurnished,Under Construction,Whitefield,5.6,18.7,6,1,10290000,2,2,1,9
1324.0,3,4,2,1,8,10,20,Apartment,Semi-Furnished,Under Construction,Banashankari,1.5,5.3,1,2,8920000,0,1,1,0
1865.0,3,3,2,1,4,13,15,Apartment,Semi-Furnished,Ready to Move,Jayanagar,7.8,11.2,1,2,23540000,0,1,0,5
1551.0,3,3,2,1,12,6,10,Apartment,Unfurnished,Ready to Move,HSR Layout,5.6,7.5,0,1,14410000,0,2,0,2
2580.0,4,4,1,1,8,5,10,Apartment,Semi-Furnished,Under Construction,Whitefield,5.2,25.0,3,1,14720000,0,1,1,9
1471.0,3,3,1,1,1,1,10,Independent House,Semi-Furnished,Ready to Move,Jayanagar,7.4,7.5,3,2,22200000,1,1,0,5
1162.0,3,3,3,1,2,5,5,Villa,Semi-Furnished,Ready to Move,Hebbal,5.0,12.6,1,0,17040000,2,1,0,3
839.0,2,3,0,1,0,2,15,Villa,Unfurnished,Ready to Move,Sarjapur Road,2.6,19.6,6,2,5600000,2,2,0,8
1428.0,3,3,1,1,23,4,10,Apartment,Furnished,Under Construction,Whitefield,4.9,24.6,4,1,9990000,0,0,1,9
1749.0,4,4,1,1,17,2,10,Villa,Semi-Furnished,Under Construction,Whitefield,3.1,12.1,3,1,11880000,2,1,1,9
739.0,2,2,2,1,0,2,3,Apartment,Unfurnished,Ready to Move,Electronic City,4.9,23.1,3,2,4360000,0,2,0,1
1736.0,3,4,0,1,6,5,5,Independent House,Furnished,Ready to Move,HSR Layout,5.3,10.4,4,3,20850000,1,0,0,2
1247.0,3,3,2,1,24,7,10,Independent House,Furnished,Under Construction,HSR Layout,6.4,10.6,4,3,14000000,1,0,1,2
565.0,1,1,2,1,10,9,10,Apartment,Furnished,Ready to Move,HSR Layout,5.2,12.8,5,4,6440000,0,0,0,2
1482.0,3,3,1,1,5,4,5,Independent House,Semi-Furnished,Ready to Move,Hebbal,5.2,10.2,1,2,16410000,1,1,0,3
838.0,2,2,1,1,2,5,5,Apartment,Semi-Furnished,Ready to Move,Yelahanka,1.5,12.5,2,2,4780000,0,1,0,10
2712.875,4,5,1,1,2,9,10,Apartment,Semi-Furnished,Under Construction,Electronic City,2.1,17.8,6,0,20190000,0,1,1,1
1553.0,4,4,1,1,10,1,3,Apartment,Semi-Furnished,Ready to Move,Yelahanka,6.4,13.3,6,3,8080000,0,1,0,10
999.0,2,3,0,1,12,2,7,Apartment,Furnished,Ready to Move,Electronic City,4.6,24.1,0,0,5700000,0,0,0,1
996.0,2,3,1,1,6,1,10,Villa,Furnished,Ready to Move,Indiranagar,9.2,6.5,1,3,22710000,2,0,0,4
1384.0,3,3,2,1,1,3,7,Apartment,Unfurnished,Ready to Move,HSR Layout,7.1,12.6,4,1,14830000,0,2,0,2
703.0,2,2,2,1,21,10,15,Apartment,Semi-Furnished,Ready to Move,Marathahalli,4.5,12.6,4,3,4180000,0,1,0,7
645.0,1,1,1,1,14,1,3,Apartment,Semi-Furnished,Ready to Move,Banashankari,4.5,6.8,4,0,4180000,0,1,0,0
1608.0,3,4,2,1,1,6,20,Villa,Furnished,Ready to Move,Marathahalli,5.1,19.0,3,1,18440000,2,0,0,7
821.0,2,2,2,1,0,8,15,Independent House,Unfurnished,Ready to Move,Electronic City,2.1,25.1,3,2,5160000,1,2,0,1
1084.0,2,3,1,1,6,4,7,Villa,Semi-Furnished,Ready to Move,Marathahalli,6.4,16.3,0,3,11480000,2,1,0,7
2149.0,4,5,0,1,2,14,20,Villa,Semi-Furnished,Ready to Move,Koramangala,8.2,1.0,5,2,47240000,2,1,0,6
1487.0,4,5,2,1,2,11,15,Apartment,Unfurnished,Ready to Move,Yelahanka,4.2,21.9,2,0,7920000,0,2,0,10
1160.0,3,4,2,1,0,4,20,Apartment,Semi-Furnished,Ready to Move,Jayanagar,9.0,5.7,3,0,14220000,0,1,0,5
2455.0,4,5,2,1,24,10,10,Apartment,Semi-Furnished,Under Construction,Indiranagar,9.4,5.5,3,5,26450000,0,1,1,4
1008.0,2,2,1,1,14,1,10,Apartment,Semi-Furnished,Under Construction,Marathahalli,2.8,15.3,3,4,4550000,0,1,1,7
842.0,2,2,2,1,0,9,10,Villa,Unfurnished,Ready to Move,Marathahalli,5.8,14.5,1,2,7660000,2,2,0,7
786.0,2,2,2,1,16,2,3,Apartment,Furnished,Ready to Move,Whitefield,6.9,19.5,4,2,6130000,0,0,0,9
1255.0,3,3,0,1,9,8,20,Villa,Furnished,Ready to Move,Sarjapur Road,0.7,18.4,0,2,10470000,2,0,0,8
1822.0,4,5,2,1,3,3,10,Apartment,Unfurnished,Ready to Move,HSR Layout,6.2,11.9,3,6,18670000,0,2,0,2
1163.0,3,3,1,1,16,3,10,Apartment,Semi-Furnished,Ready to Move,Sarjapur Road,4.1,20.5,1,2,6400000,0,1,0,8
1303.0,4,5,0,1,7,14,20,Apartment,Unfurnished,Ready to Move,Hebbal,4.6,15.7,3,2,10630000,0,2,0,3
1719.0,3,3,0,1,15,10,25,Independent House,Semi-Furnished,Ready to Move,Hebbal,3.1,8.7,1,4,14700000,1,1,0,3
1134.0,2,3,2,1,5,4,5,Villa,Unfurnished,Under Construction,Jayanagar,5.3,4.4,4,0,13460000,2,2,1,5
708.0,2,2,2,1,5,4,15,Independent House,Semi-Furnished,Under Construction,Jayanagar,3.9,8.6,4,2,7820000,1,1,1,5
564.0,1,1,2,1,2,2,10,Apartment,Furnished,Under Construction,Koramangala,9.4,1.0,3,1,8430000,0,0,1,6
450.0,1,1,3,1,3,4,10,Independent House,Unfurnished,Under Construction,Sarjapur Road,4.8,18.5,5,2,2430000,1,2,1,8
1326.0,3,4,1,1,6,2,25,Apartment,Semi-Furnished,Ready to Move,HSR Layout,8.4,7.6,0,1,15400000,0,1,0,2
884.0,2,2,2,1,23,11,20,Apartment,Unfurnished,Under Construction,Jayanagar,6.6,7.7,2,3,6860000,0,2,1,5
1280.0,3,3,2,1,7,7,10,Independent House,Semi-Furnished,Ready to Move,HSR Layout,6.7,7.5,3,1,15420000,1,1,0,2
1960.0,3,3,3,1,1,5,7,Apartment,Unfurnished,Ready to Move,Koramangala,9.6,2.9,7,2,22120000,0,2,0,6
866.0,2,3,1,1,0,7,10,Villa,Semi-Furnished,Ready to Move,Marathahalli,3.7,13.1,4,5,8630000,2,1,0,7
1173.0,3,3,3,1,15,6,10,Apartment,Semi-Furnished,Ready to Move,Whitefield,2.9,20.7,2,0,8550000,0,1,0,9
1186.0,3,4,0,1,3,2,5,Apartment,Unfurnished,Ready to Move,Sarjapur Road,2.8,20.9,2,4,6420000,0,2,0,8
1148.0,2,2,2,1,3,2,10,Independent House,Furnished,Ready to Move,Electronic City,3.6,25.1,5,2,8930000,1,0,0,1
1339.0,4,4,2,1,12,1,5,Apartment,Furnished,Under Construction,Whitefield,3.3,20.6,2,1,7900000,0,0,1,9
1186.0,3,4,2,1,23,1,10,Villa,Furnished,Under Construction,Jayanagar,7.4,2.7,3,0,15730000,2,0,1,5
1805.0,3,3,0,1,11,13,15,Apartment,Unfurnished,Under Construction,Whitefield,2.3,27.7,3,0,10510000,0,2,1,9
2097.0,4,5,0,1,1,1,3,Villa,Unfurnished,Under Construction,HSR Layout,6.0,9.7,3,1,29750000,2,2,1,2
2076.0,4,4,0,1,3,5,15,Apartment,Semi-Furnished,Under Construction,Sarjapur Road,4.3,18.8,7,1,12520000,0,1,1,8
2712.875,4,5,2,1,11,3,3,Apartment,Furnished,Ready to Move,Whitefield,4.5,20.7,5,5,22930000,0,0,0,9
996.0,2,3,2,1,18,1,10,Apartment,Semi-Furnished,Ready to Move,Hebbal,3.9,13.1,4,0,7350000,0,1,0,3
472.0,1,2,3,1,24,5,10,Apartment,Semi-Furnished,Ready to Move,Whitefield,5.4,17.5,2,2,2230000,0,1,0,9
896.0,2,2,1,1,5,2,15,Independent House,Furnished,Ready to Move,HSR Layout,6.7,11.3,1,2,14340000,1,0,0,2
734.0,2,2,0,1,13,10,15,Apartment,Unfurnished,Under Construction,Sarjapur Road,0.5,23.5,3,3,3090000,0,2,1,8
2502.0,4,5,1,1,0,1,7,Apartment,Furnished,Ready to Move,Electronic City,4.0,16.0,5,2,21160000,0,0,0,1
1560.0,3,4,0,1,2,3,3,Apartment,Furnished,Ready to Move,Whitefield,3.7,20.1,0,0,14120000,0,0,0,9
673.0,1,1,2,1,3,3,10,Apartment,Furnished,Ready to Move,Electronic City,2.5,18.6,3,0,4090000,0,0,0,1
1180.0,2,2,2,1,24,9,10,Villa,Unfurnished,Ready to Move,HSR Layout,5.1,13.0,4,2,11070000,2,2,0,2
871.0,2,2,3,1,0,7,7,Independent House,Semi-Furnished,Under Construction,Hebbal,3.5,15.4,5,4,9040000,1,1,1,3
1135.0,3,4,1,1,2,5,5,Apartment,Semi-Furnished,Ready to Move,Electronic City,3.6,21.6,3,0,6390000,0,1,0,1
1385.0,3,3,0,1,21,5,5,Independent House,Unfurnished,Under Construction,Hebbal,5.8,12.2,2,3,9030000,1,2,1,3
1650.0,4,4,1,1,2,5,7,Apartment,Semi-Furnished,Under Construction,Yelahanka,3.2,13.4,3,2,9400000,0,1,1,10
2065.0,4,4,2,1,2,9,10,Apartment,Semi-Furnished,Ready to Move,Indiranagar,10.0,1.0,3,2,34640000,0,1,0,4
1165.0,2,2,3,1,10,10,10,Villa,Semi-Furnished,Under Construction,Yelahanka,3.9,15.2,1,4,6280000,2,1,1,10
918.0,2,2,0,1,10,1,10,Apartment,Semi-Furnished,Under Construction,Electronic City,0.3,21.4,2,0,3920000,0,1,1,1
978.0,2,3,0,1,5,5,7,Villa,Unfurnished,Ready to Move,Banashankari,3.3,8.1,2,2,9820000,2,2,0,0
932.0,2,2,2,1,23,6,20,Independent House,Furnished,Under Construction,Whitefield,6.1,10.2,4,3,7140000,1,0,1,9
2321.0,4,5,2,1,1,9,10,Apartment,Furnished,Ready to Move,Sarjapur Road,1.8,12.8,2,2,19930000,0,0,0,8
1213.0,3,3,1,1,19,3,7,Independent House,Furnished,Under Construction,Jayanagar,2.6,1.6,3,0,16950000,1,0,1,5
784.0,3,3,2,1,11,1,3,Independent House,Unfurnished,Ready to Move,Electronic City,6.1,22.2,3,1,4900000,1,2,0,1
1531.0,3,3,0,1,3,8,10,Apartment,Semi-Furnished,Under Construction,Marathahalli,4.4,15.8,1,1,10330000,0,1,1,7
658.0,1,2,3,1,13,9,10,Villa,Unfurnished,Ready to Move,Sarjapur Road,2.6,14.5,4,1,4440000,2,2,0,8
599.0,1,2,1,1,1,6,10,Apartment,Semi-Furnished,Under Construction,Whitefield,3.1,19.2,4,2,3970000,0,1,1,9
1220.0,3,3,0,1,1,5,20,Independent House,Semi-Furnished,Ready to Move,Koramangala,8.9,2.3,2,2,19740000,1,1,0,6
1082.0,3,3,1,1,21,12,15,Villa,Furnished,Ready to Move,Sarjapur Road,4.4,24.1,2,3,9430000,2,0,0,8
1043.0,2,3,1,1,0,8,20,Apartment,Unfurnished,Under Construction,Marathahalli,4.5,12.8,5,4,6500000,0,2,1,7
1439.0,3,4,1,1,0,2,3,Apartment,Unfurnished,Ready to Move,Banashankari,4.4,6.7,1,1,8510000,0,2,0,0
1949.0,4,4,2,1,3,6,7,Villa,Furnished,Under Construction,Sarjapur Road,1.7,15.6,1,5,17790000,2,0,1,8
1296.0,2,3,1,1,0,1,7,Apartment,Furnished,Ready to Move,Banashankari,4.6,2.3,4,1,12740000,0,0,0,0
1134.0,3,3,2,1,15,9,10,Apartment,Semi-Furnished,Under Construction,Sarjapur Road,5.3,19.9,2,5,5790000,0,1,1,8
1287.0,2,2,1,1,20,1,7,Apartment,Unfurnished,Under Construction,HSR Layout,5.5,9.2,2,0,8470000,0,2,1,2
1408.0,3,3,0,1,5,12,15,Apartment,Semi-Furnished,Ready to Move,Whitefield,5.2,18.8,2,2,10600000,0,1,0,9
886.0,3,3,3,1,4,2,7,Apartment,Semi-Furnished,Under Construction,Hebbal,4.4,12.5,2,0,7320000,0,1,1,3
2699.0,4,6,2,1,6,1,5,Apartment,Furnished,Ready to Move,Marathahalli,5.2,9.3,0,2,22700000,0,0,0,7
1132.0,2,2,0,1,2,2,7,Apartment,Semi-Furnished,Under Construction,Whitefield,2.9,25.3,3,5,6880000,0,1,1,9
880.0,2,2,1,1,2,3,5,Villa,Unfurnished,Ready to Move,Electronic City,3.4,16.5,7,1,5830000,2,2,0,1
669.0,2,3,2,1,0,5,5,Apartment,Semi-Furnished,Ready to Move,Banashankari,5.4,13.3,3,1,4680000,0,1,0,0
918.0,2,2,1,1,4,5,5,Apartment,Unfurnished,Under Construction,Jayanagar,5.7,6.0,1,1,7950000,0,2,1,5
1159.0,3,3,2,1,7,2,3,Apartment,Unfurnished,Ready to Move,Indiranagar,9.2,3.8,3,4,15720000,0,2,0,4
2196.0,4,5,1,1,21,6,15,Apartment,Semi-Furnished,Ready to Move,Indiranagar,8.6,7.0,4,1,34970000,0,1,0,4
1096.0,2,2,1,1,10,4,7,Apartment,Unfurnished,Under Construction,HSR Layout,6.3,9.0,2,1,9510000,0,2,1,2
749.0,2,2,0,1,10,3,3,Apartment,Furnished,Ready to Move,Electronic City,2.3,24.8,3,1,4920000,0,0,0,1
815.0,2,2,2,1,2,5,7,Apartment,Semi-Furnished,Ready to Move,Electronic City,4.8,22.9,3,1,4660000,0,1,0,1
1611.0,3,3,1,1,17,10,20,Independent House,Semi-Furnished,Ready to Move,Whitefield,2.9,22.1,4,4,12440000,1,1,0,9
786.0,2,3,1,1,23,9,10,Independent House,Semi-Furnished,Ready to Move,Sarjapur Road,4.1,21.1,6,6,5130000,1,1,0,8
744.0,2,3,2,1,21,14,25,Independent House,Furnished,Ready to Move,Electronic City,2.1,21.5,5,3,5010000,1,0,0,1
1069.0,3,3,2,1,0,3,10,Villa,Furnished,Ready to Move,Hebbal,4.9,14.9,6,2,13720000,2,0,0,3
588.0,1,1,1,1,7,14,25,Villa,Furnished,Ready to Move,Hebbal,6.0,13.6,3,3,6410000,2,0,0,3
1486.0,3,4,2,1,8,2,5,Apartment,Semi-Furnished,Under Construction,HSR Layout,5.9,14.0,1,2,14530000,0,1,1,2
1208.0,3,3,2,1,2,1,7,Villa,Unfurnished,Ready to Move,Marathahalli,0.0,12.9,2,1,10020000,2,2,0,7
950.0,2,2,1,1,24,2,10,Apartment,Semi-Furnished,Ready to Move,Indiranagar,6.6,9.1,4,2,10250000,0,1,0,4
1827.0,3,4,1,1,2,14,25,Villa,Semi-Furnished,Ready to Move,Yelahanka,0.0,13.7,2,1,13010000,2,1,0,10
1127.0,3,4,2,1,1,14,15,Independent House,Unfurnished,Ready to Move,HSR Layout,6.4,4.0,2,3,13270000,1,2,0,2
853.0,3,3,1,1,5,9,10,Apartment,Unfurnished,Ready to Move,Marathahalli,4.0,9.9,0,1,5800000,0,2,0,7
1036.0,2,2,1,1,3,3,3,Apartment,Semi-Furnished,Under Construction,Marathahalli,3.5,13.0,2,1,5560000,0,1,1,7
929.0,2,2,2,1,20,3,7,Apartment,Semi-Furnished,Ready to Move,HSR Layout,5.4,10.8,3,3,8280000,0,1,0,2
1715.0,4,4,1,1,4,1,3,Villa,Semi-Furnished,Ready to Move,Koramangala,8.3,4.0,3,1,31370000,2,1,0,6
1582.0,3,4,2,1,4,7,7,Villa,Furnished,Ready to Move,Marathahalli,1.8,16.4,3,2,16220000,2,0,0,7
1109.0,2,2,1,1,7,1,7,Independent House,Semi-Furnished,Ready to Move,Sarjapur Road,5.1,14.4,1,1,7550000,1,1,0,8
530.0,2,2,1,1,0,1,7,Apartment,Semi-Furnished,Under Construction,Electronic City,3.4,27.2,0,1,2620000,0,1,1,1
478.0,1,1,1,1,11,7,15,Independent House,Semi-Furnished,Ready to Move,Marathahalli,2.6,18.0,3,6,3380000,1,1,0,7
804.0,1,2,1,1,11,1,5,Apartment,Furnished,Ready to Move,Electronic City,2.7,24.8,3,1,4350000,0,0,0,1
1563.0,3,3,2,1,5,5,7,Independent House,Unfurnished,Ready to Move,Sarjapur Road,3.5,21.8,2,2,9680000,1,2,0,8
624.0,1,1,2,1,24,4,7,Apartment,Semi-Furnished,Under Construction,Koramangala,5.9,1.0,1,3,5630000,0,1,1,6
1172.0,2,3,1,1,6,3,7,Apartment,Semi-Furnished,Ready to Move,Yelahanka,4.0,18.1,1,0,5900000,0,1,0,10
1404.0,3,3,3,1,9,3,7,Apartment,Unfurnished,Ready to Move,HSR Layout,7.8,12.2,5,2,13390000,0,2,0,2
1101.0,2,2,0,1,20,1,5,Villa,Semi-Furnished,Ready to Move,Electronic City,3.5,24.9,4,6,6720000,2,1,0,1
1601.0,3,3,1,1,8,14,20,Independent House,Semi-Furnished,Under Construction,Whitefield,5.7,22.5,3,1,12570000,1,1,1,9
1550.0,3,3,1,1,4,5,7,Apartment,Semi-Furnished,Ready to Move,Whitefield,8.3,21.3,3,1,12780000,0,1,0,9
888.0,2,2,1,1,0,1,5,Apartment,Unfurnished,Ready to Move,Jayanagar,3.8,7.2,6,3,9700000,0,2,0,5
1448.0,3,3,2,1,10,3,10,Independent House,Semi-Furnished,Under Construction,HSR Layout,6.4,13.6,6,1,16880000,1,1,1,2
1235.0,3,3,0,1,24,5,5,Apartment,Unfurnished,Ready to Move,Hebbal,3.0,10.1,4,2,7890000,0,2,0,3
952.0,2,2,1,1,5,2,5,Villa,Semi-Furnished,Under Construction,Whitefield,6.7,21.1,2,2,8830000,2,1,1,9
727.0,2,2,1,1,3,3,7,Apartment,Semi-Furnished,Ready to Move,Electronic City,3.7,20.3,0,2,4090000,0,1,0,1
1178.0,3,3,2,1,5,2,5,Apartment,Furnished,Ready to Move,Electronic City,2.3,21.5,4,2,9110000,0,0,0,1
1887.0,4,4,2,1,10,12,15,Independent House,Unfurnished,Under Construction,Whitefield,3.9,12.0,7,1,13500000,1,2,1,9
1135.0,3,3,2,1,0,2,15,Villa,Semi-Furnished,Ready to Move,Koramangala,10.0,1.4,1,4,23060000,2,1,0,6
854.0,2,3,1,1,17,5,7,Apartment,Semi-Furnished,Under Construction,Electronic City,4.0,20.7,2,1,3720000,0,1,1,1
1354.0,3,3,2,1,17,10,10,Apartment,Semi-Furnished,Under Construction,Jayanagar,7.5,4.7,1,2,12050000,0,1,1,5
1026.0,2,2,0,1,6,4,7,Independent House,Furnished,Ready to Move,Electronic City,5.6,21.0,0,2,8530000,1,0,0,1
1665.0,3,4,1,1,1,3,5,Apartment,Semi-Furnished,Ready to Move,Jayanagar,8.1,2.4,7,4,23240000,0,1,0,5
1270.0,3,3,2,1,8,4,7,Independent House,Furnished,Ready to Move,Marathahalli,5.7,13.0,1,4,13270000,1,0,0,7
1773.0,3,4,1,1,1,8,10,Apartment,Unfurnished,Ready to Move,Whitefield,4.1,23.3,3,5,13630000,0,2,0,9
2375.0,4,5,0,1,5,2,3,Apartment,Furnished,Ready to Move,Indiranagar,5.3,4.1,2,4,48920000,0,0,0,4
1541.0,3,4,1,1,0,6,10,Independent House,Semi-Furnished,Under Construction,Banashankari,4.8,11.9,4,0,15070000,1,1,1,0
1443.0,3,4,1,1,7,10,15,Villa,Unfurnished,Ready to Move,Jayanagar,5.7,9.7,5,3,18750000,2,2,0,5
1010.0,2,2,1,1,3,2,20,Apartment,Semi-Furnished,Ready to Move,Marathahalli,5.2,12.2,2,2,6360000,0,1,0,7
2474.0,4,5,1,1,14,5,5,Villa,Semi-Furnished,Ready to Move,Electronic City,0.7,23.7,2,0,19080000,2,1,0,1
2489.0,4,4,1,1,12,1,3,Apartment,Unfurnished,Ready to Move,Sarjapur Road,4.9,14.1,4,2,14730000,0,2,0,8
1203.0,2,2,3,1,24,1,3,Apartment,Furnished,Under Construction,Sarjapur Road,3.9,14.8,2,2,4870000,0,0,1,8
1411.0,3,4,2,1,2,12,20,Independent House,Semi-Furnished,Ready to Move,Jayanagar,7.2,6.3,1,1,19740000,1,1,0,5
1055.0,2,2,2,1,0,4,15,Independent House,Semi-Furnished,Ready to Move,Banashankari,5.6,9.5,1,5,9670000,1,1,0,0
1776.0,3,4,2,1,4,5,15,Villa,Semi-Furnished,Under Construction,Koramangala,8.0,8.8,2,1,31400000,2,1,1,6
1225.0,3,3,2,1,0,10,10,Apartment,Unfurnished,Ready to Move,Whitefield,3.8,19.5,4,4,8420000,0,2,0,9
889.0,2,2,1,1,1,8,10,Apartment,Furnished,Ready to Move,Sarjapur Road,5.4,18.5,4,4,6170000,0,0,0,8
2006.0,4,4,0,1,7,5,7,Apartment,Semi-Furnished,Ready to Move,Hebbal,5.9,12.3,1,3,19020000,0,1,0,3
1120.0,2,3,2,1,7,9,15,Apartment,Semi-Furnished,Ready to Move,Koramangala,9.0,9.4,2,1,14870000,0,1,0,6
1656.0,3,3,1,1,0,10,15,Independent House,Semi-Furnished,Ready to Move,HSR Layout,6.2,14.0,1,0,23700000,1,1,0,2
1335.0,3,3,0,1,4,7,7,Apartment,Furnished,Ready to Move,Whitefield,4.5,21.2,6,2,11000000,0,0,0,9
663.0,2,2,1,1,6,3,7,Independent House,Semi-Furnished,Under Construction,HSR Layout,6.3,12.4,3,1,7500000,1,1,1,2
996.0,2,3,2,1,2,13,15,Apartment,Unfurnished,Ready to Move,Sarjapur Road,1.1,19.0,1,4,4820000,0,2,0,8
775.0,2,2,3,1,16,2,3,Apartment,Semi-Furnished,Ready to Move,Jayanagar,4.6,9.2,3,3,7260000,0,1,0,5
982.0,3,4,1,1,1,11,20,Apartment,Semi-Furnished,Ready to Move,Electronic City,3.1,24.6,0,1,6810000,0,1,0,1
1046.0,3,3,1,1,2,6,7,Apartment,Furnished,Ready to Move,Electronic City,0.5,21.1,3,0,7820000,0,0,0,1
1012.0,2,2,2,1,1,2,7,Apartment,Semi-Furnished,Ready to Move,Whitefield,4.2,20.3,3,1,6750000,0,1,0,9
1208.0,2,2,1,1,0,9,10,Independent House,Semi-Furnished,Ready to Move,HSR Layout,5.0,10.5,1,1,16190000,1,1,0,2
554.0,1,2,0,1,16,2,10,Apartment,Unfurnished,Ready to Move,Marathahalli,3.9,14.5,2,1,2530000,0,2,0,7
1459.0,3,3,1,1,2,6,7,Independent House,Semi-Furnished,Ready to Move,Banashankari,4.9,6.5,0,2,15170000,1,1,0,0
1731.0,3,3,2,1,10,8,20,Apartment,Semi-Furnished,Under Construction,Hebbal,2.2,13.0,1,1,13030000,0,1,1,3
380.0,1,2,1,1,4,2,25,Independent House,Unfurnished,Ready to Move,Whitefield,4.8,18.5,5,2,2770000,1,2,0,9
1545.0,3,3,1,1,8,6,10,Apartment,Semi-Furnished,Ready to Move,Yelahanka,2.3,14.2,2,1,7270000,0,1,0,10
548.0,1,2,1,1,21,5,10,Independent House,Furnished,Ready to Move,Hebbal,1.5,11.6,3,2,5210000,1,0,0,3
2226.0,4,4,2,1,14,7,10,Apartment,Unfurnished,Under Construction,Hebbal,4.3,12.8,1,1,15430000,0,2,1,3
1806.0,4,4,3,1,0,10,10,Villa,Semi-Furnished,Under Construction,Indiranagar,9.2,8.7,6,3,31930000,2,1,1,4
1170.0,3,3,1,1,14,5,20,Independent House,Unfurnished,Ready to Move,Electronic City,2.7,24.1,3,3,6710000,1,2,0,1
2056.0,4,4,3,1,4,3,5,Apartment,Unfurnished,Ready to Move,Electronic City,2.6,25.3,3,1,10470000,0,2,0,1
2659.0,4,5,1,1,3,1,5,Apartment,Unfurnished,Under Construction,Whitefield,4.6,25.3,4,4,17450000,0,2,1,9
2344.0,4,5,1,1,8,8,20,Apartment,Semi-Furnished,Under Construction,HSR Layout,5.6,8.2,3,1,22690000,0,1,1,2
1257.0,3,3,3,1,23,5,5,Independent House,Furnished,Ready to Move,HSR Layout,5.9,12.1,6,1,16890000,1,0,0,2
695.0,2,3,1,1,0,4,15,Apartment,Furnished,Under Construction,Indiranagar,6.7,7.3,3,1,11440000,0,0,1,4
630.0,2,2,1,1,11,3,5,Apartment,Unfurnished,Under Construction,Sarjapur Road,2.9,18.8,1,1,2670000,0,2,1,8
1200.0,2,2,1,1,1,14,25,Apartment,Unfurnished,Ready to Move,Indiranagar,10.0,7.7,3,3,17240000,0,2,0,4
1132.0,3,4,2,1,3,5,15,Apartment,Semi-Furnished,Ready to Move,Whitefield,4.6,20.3,3,2,9450000,0,1,0,9
888.0,2,3,2,1,16,14,20,Independent House,Unfurnished,Ready to Move,Banashankari,5.1,10.0,2,4,7100000,1,2,0,0
1201.0,2,2,2,1,6,2,25,Apartment,Furnished,Ready to Move,Yelahanka,2.0,11.8,2,2,6460000,0,0,0,10
948.0,3,4,2,1,0,1,3,Villa,Unfurnished,Ready to Move,Hebbal,4.4,12.0,3,2,10740000,2,2,0,3
1233.0,2,2,2,1,5,1,7,Independent House,Unfurnished,Under Construction,Banashankari,4.3,10.1,1,2,8130000,1,2,1,0
1328.0,3,4,1,1,12,5,10,Apartment,Semi-Furnished,Ready to Move,Jayanagar,8.0,9.1,2,1,16410000,0,1,0,5
1540.0,4,5,2,1,6,3,15,Villa,Furnished,Ready to Move,Banashankari,6.5,5.4,2,4,19660000,2,0,0,0
1330.0,3,3,2,1,1,4,5,Apartment,Unfurnished,Ready to Move,Whitefield,3.7,19.8,1,2,8340000,0,2,0,9
1197.0,3,3,1,1,4,3,20,Villa,Unfurnished,Ready to Move,Electronic City,3.3,18.8,3,0,8510000,2,2,0,1
1523.0,3,4,0,1,20,3,5,Apartment,Semi-Furnished,Under Construction,HSR Layout,6.0,8.8,0,2,15650000,0,1,1,2
1218.0,3,4,1,1,8,14,20,Villa,Semi-Furnished,Ready to Move,Koramangala,9.1,4.9,1,2,24710000,2,1,0,6
586.0,2,2,2,1,10,9,10,Apartment,Furnished,Ready to Move,Koramangala,8.7,7.1,2,2,10370000,0,0,0,6
1911.0,4,4,1,1,12,10,10,Apartment,Unfurnished,Ready to Move,Marathahalli,3.9,16.7,1,2,11400000,0,2,0,7
692.0,2,3,0,1,0,7,7,Apartment,Unfurnished,Ready to Move,Hebbal,6.5,12.7,7,1,5950000,0,2,0,3
572.0,1,1,1,1,6,1,5,Apartment,Semi-Furnished,Under Construction,Marathahalli,4.8,12.0,5,2,3370000,0,1,1,7
1067.0,3,3,0,1,3,7,7,Villa,Unfurnished,Ready to Move,Koramangala,6.8,3.6,1,2,19350000,2,2,0,6
857.0,2,2,2,1,1,1,7,Apartment,Semi-Furnished,Ready to Move,Hebbal,5.0,19.6,2,0,6680000,0,1,0,3
984.0,2,2,1,1,1,5,10,Villa,Unfurnished,Ready to Move,Marathahalli,3.7,9.8,3,3,8680000,2,2,0,7
526.0,1,2,0,1,12,4,15,Apartment,Furnished,Ready to Move,Electronic City,1.9,18.4,5,6,3100000,0,0,0,1
997.0,2,3,2,1,1,3,7,Villa,Semi-Furnished,Ready to Move,Marathahalli,3.7,14.5,4,1,9210000,2,1,0,7
1079.0,2,2,2,1,2,1,7,Apartment,Furnished,Ready to Move,HSR Layout,8.0,12.1,6,3,12850000,0,0,0,2
422.0,1,2,0,1,2,14,20,Apartment,Furnished,Ready to Move,Electronic City,5.0,24.6,3,1,2900000,0,0,0,1
1381.0,3,4,1,1,0,6,15,Apartment,Furnished,Ready to Move,Yelahanka,4.4,16.9,0,4,7740000,0,0,0,10
668.0,4,4,3,1,4,2,3,Villa,Semi-Furnished,Ready to Move,HSR Layout,7.5,5.4,2,1,10170000,2,1,0,2
996.0,2,2,1,1,11,2,15,Apartment,Furnished,Ready to Move,Indiranagar,9.0,4.3,4,0,18480000,0,0,0,4
1879.0,4,5,3,1,0,14,25,Independent House,Semi-Furnished,Ready to Move,Yelahanka,2.1,10.7,4,2,11410000,1,1,0,10
763.0,2,2,1,1,0,14,20,Independent House,Unfurnished,Ready to Move,Sarjapur Road,4.5,19.2,0,2,6000000,1,2,0,8
1009.0,2,2,1,1,10,8,15,Apartment,Furnished,Ready to Move,Whitefield,1.9,21.4,6,1,7400000,0,0,0,9
1172.0,2,2,1,1,7,3,10,Villa,Semi-Furnished,Ready to Move,Koramangala,7.0,3.6,3,5,19760000,2,1,0,6
1266.0,3,4,0,1,10,1,7,Apartment,Unfurnished,Ready to Move,Whitefield,6.0,16.5,7,4,8930000,0,2,0,9
770.0,2,2,2,1,2,5,10,Apartment,Furnished,Ready to Move,Marathahalli,3.3,11.5,2,1,6250000,0,0,0,7
1446.0,3,4,3,1,13,6,10,Villa,Semi-Furnished,Ready to Move,Indiranagar,9.6,1.0,4,1,32900000,2,1,0,4
1026.0,3,3,3,1,5,2,7,Villa,Furnished,Ready to Move,Koramangala,7.5,3.8,5,4,21210000,2,0,0,6
1215.0,3,4,2,1,7,1,7,Villa,Furnished,Under Construction,Banashankari,5.5,17.5,7,2,12840000,2,0,1,0
1742.0,3,3,2,1,0,5,7,Apartment,Semi-Furnished,Ready to Move,Jayanagar,4.4,5.7,2,0,21770000,0,1,0,5
2024.0,4,4,2,1,1,1,10,Apartment,Unfurnished,Ready to Move,HSR Layout,8.2,8.7,4,3,21720000,0,2,0,2
592.0,2,2,2,1,11,4,7,Apartment,Semi-Furnished,Ready to Move,Jayanagar,5.0,6.7,2,3,6780000,0,1,0,5
608.0,2,2,1,1,2,8,10,Villa,Semi-Furnished,Under Construction,Marathahalli,2.0,10.5,4,4,4920000,2,1,1,7
1445.0,3,4,1,1,0,12,20,Apartment,Unfurnished,Under Construction,Whitefield,6.2,16.7,2,1,9140000,0,2,1,9
1641.0,3,4,2,1,7,5,7,Villa,Unfurnished,Ready to Move,HSR Layout,6.3,8.1,2,3,24680000,2,2,0,2
642.0,2,2,2,1,6,2,25,Apartment,Unfurnished,Ready to Move,Hebbal,4.5,14.7,4,4,3790000,0,2,0,3
1035.0,2,3,2,1,7,6,10,Apartment,Semi-Furnished,Ready to Move,Indiranagar,10.0,6.0,2,1,14730000,0,1,0,4
1772.0,3,3,2,1,7,4,5,Apartment,Unfurnished,Ready to Move,Jayanagar,7.8,5.5,4,1,19020000,0,2,0,5
1308.0,2,2,1,1,5,2,3,Apartment,Unfurnished,Ready to Move,Indiranagar,8.0,7.2,3,4,19230000,0,2,0,4
1012.0,2,2,2,1,5,5,7,Apartment,Semi-Furnished,Under Construction,Whitefield,4.1,25.1,3,0,6810000,0,1,1,9
2202.0,4,4,3,1,20,6,7,Independent House,Unfurnished,Under Construction,Koramangala,9.6,6.2,2,2,24880000,1,2,1,6
802.0,3,4,1,1,6,14,15,Independent House,Unfurnished,Ready to Move,Indiranagar,7.2,1.9,3,1,12200000,1,2,0,4
1987.0,3,3,3,1,7,5,15,Apartment,Furnished,Under Construction,HSR Layout,8.5,4.3,6,2,21900000,0,0,1,2
1238.0,3,3,1,1,2,1,20,Apartment,Semi-Furnished,Ready to Move,Whitefield,3.7,14.8,1,1,9420000,0,1,0,9
1626.0,4,4,2,1,16,8,10,Apartment,Semi-Furnished,Ready to Move,Hebbal,3.7,14.6,3,1,15200000,0,1,0,3
901.0,2,2,2,1,0,5,7,Independent House,Furnished,Ready to Move,Banashankari,6.3,5.7,2,3,10500000,1,0,0,0
1237.0,2,2,1,1,6,1,7,Apartment,Unfurnished,Ready to Move,Hebbal,6.1,14.5,2,2,8160000,0,2,0,3
2018.0,3,3,1,1,3,2,10,Independent House,Semi-Furnished,Under Construction,Hebbal,2.3,10.6,1,0,18000000,1,1,1,3
1435.0,3,3,1,1,7,6,10,Apartment,Semi-Furnished,Under Construction,HSR Layout,6.2,11.2,3,4,14920000,0,1,1,2
659.0,1,2,0,1,3,7,7,Apartment,Furnished,Ready to Move,Banashankari,3.0,10.1,4,2,5680000,0,0,0,0
2712.875,4,5,1,1,10,1,20,Independent House,Semi-Furnished,Under Construction,Koramangala,9.2,1.7,3,1,48360000,1,1,1,6
1109.0,3,3,1,1,0,10,10,Apartment,Unfurnished,Under Construction,Banashankari,7.2,10.5,6,4,8040000,0,2,1,0
1230.0,2,2,3,1,4,4,15,Apartment,Semi-Furnished,Ready to Move,Banashankari,5.5,6.0,2,0,10130000,0,1,0,0
831.0,2,3,0,1,14,2,10,Apartment,Semi-Furnished,Ready to Move,Sarjapur Road,2.5,15.9,2,2,5090000,0,1,0,8
1241.0,2,2,1,1,2,7,7,Apartment,Semi-Furnished,Under Construction,Banashankari,6.0,10.5,1,1,8980000,0,1,1,0
1763.0,3,4,3,1,0,3,15,Apartment,Semi-Furnished,Under Construction,Jayanagar,6.6,7.9,2,1,17900000,0,1,1,5
2712.875,4,6,3,1,5,1,5,Villa,Semi-Furnished,Under Construction,HSR Layout,6.2,11.4,4,1,43820000,2,1,1,2
1297.0,2,3,2,1,24,8,10,Villa,Furnished,Ready to Move,Indiranagar,7.9,1.7,1,1,23270000,2,0,0,4
2712.875,4,5,2,1,0,4,7,Apartment,Semi-Furnished,Ready to Move,Marathahalli,4.2,12.8,1,2,32430000,0,1,0,7
1929.0,4,4,1,1,0,2,5,Independent House,Unfurnished,Under Construction,Whitefield,4.2,22.1,2,0,13610000,1,2,1,9
1173.0,3,3,1,1,7,5,7,Apartment,Furnished,Ready to Move,Marathahalli,0.4,20.9,2,2,10010000,0,0,0,7
878.0,3,4,0,1,2,7,7,Apartment,Furnished,Under Construction,Banashankari,4.7,13.4,5,2,7690000,0,0,1,0
1376.0,2,3,2,1,4,1,5,Apartment,Furnished,Ready to Move,Koramangala,7.8,2.6,0,4,22780000,0,0,0,6
1276.0,3,4,1,1,14,10,15,Apartment,Semi-Furnished,Ready to Move,Hebbal,5.5,10.0,4,3,9320000,0,1,0,3
674.0,1,2,2,1,1,6,10,Apartment,Semi-Furnished,Ready to Move,Yelahanka,0.0,21.2,4,2,2810000,0,1,0,10
1192.0,3,3,1,1,10,7,7,Independent House,Furnished,Ready to Move,Yelahanka,3.8,17.8,7,5,7390000,1,0,0,10
719.0,1,1,1,1,5,7,10,Apartment,Unfurnished,Ready to Move,Banashankari,4.7,6.6,5,2,5150000,0,2,0,0
1719.0,4,4,2,1,18,13,15,Apartment,Furnished,Under Construction,Jayanagar,7.4,6.4,2,2,16790000,0,0,1,5
1523.0,4,4,2,1,24,2,3,Apartment,Unfurnished,Ready to Move,Banashankari,2.2,4.3,0,2,8810000,0,2,0,0
910.0,2,3,1,1,5,9,10,Villa,Unfurnished,Ready to Move,Sarjapur Road,1.8,21.0,1,3,5310000,2,2,0,8
848.0,2,3,1,1,7,7,10,Independent House,Unfurnished,Under Construction,Koramangala,5.2,8.2,4,2,8570000,1,2,1,6
1566.0,3,3,0,1,10,13,20,Apartment,Semi-Furnished,Ready to Move,Indiranagar,8.9,9.6,1,0,24750000,0,1,0,4
1385.0,3,4,0,1,3,6,10,Apartment,Unfurnished,Ready to Move,Sarjapur Road,3.1,21.4,4,1,9050000,0,2,0,8
1069.0,2,3,2,1,2,3,5,Apartment,Unfurnished,Ready to Move,HSR Layout,6.1,9.0,1,0,10870000,0,2,0,2
1318.0,3,3,1,1,24,5,7,Apartment,Semi-Furnished,Ready to Move,Marathahalli,1.9,16.7,1,3,7700000,0,1,0,7
823.0,2,2,0,1,4,6,10,Apartment,Semi-Furnished,Ready to Move,Marathahalli,2.2,18.4,4,2,5160000,0,1,0,7
485.0,1,2,2,1,0,1,3,Apartment,Furnished,Under Construction,Koramangala,4.3,6.8,0,3,6560000,0,0,1,6
774.0,1,1,1,1,14,11,20,Apartment,Unfurnished,Ready to Move,Jayanagar,4.6,8.6,6,3,6950000,0,2,0,5
992.0,2,2,0,1,7,2,3,Apartment,Unfurnished,Under Construction,Sarjapur Road,2.7,18.6,1,0,4890000,0,2,1,8
844.0,3,3,0,1,1,3,3,Apartment,Unfurnished,Ready to Move,Jayanagar,5.8,3.3,1,2,9190000,0,2,0,5
2508.0,4,6,0,1,0,3,3,Independent House,Semi-Furnished,Under Construction,Whitefield,4.2,25.6,3,0,23750000,1,1,1,9
968.0,2,2,1,1,2,7,10,Independent House,Semi-Furnished,Ready to Move,Whitefield,5.5,19.9,0,2,7220000,1,1,0,9
1916.0,3,4,2,1,21,7,10,Apartment,Semi-Furnished,Ready to Move,Electronic City,2.3,25.6,3,1,8210000,0,1,0,1
1145.0,2,3,2,1,21,5,5,Apartment,Semi-Furnished,Under Construction,Yelahanka,3.7,23.4,4,2,4720000,0,1,1,10
1141.0,3,4,0,1,2,14,20,Apartment,Furnished,Under Construction,HSR Layout,7.5,12.7,1,1,12730000,0,0,1,2
1409.0,2,2,2,1,14,2,5,Apartment,Unfurnished,Ready to Move,Marathahalli,5.7,17.5,4,2,8700000,0,2,0,7
1391.0,3,4,1,1,4,3,7,Villa,Semi-Furnished,Ready to Move,HSR Layout,7.1,7.2,5,1,22560000,2,1,0,2
2498.0,4,4,1,1,8,5,5,Apartment,Unfurnished,Ready to Move,Electronic City,3.4,19.8,6,2,12510000,0,2,0,1
730.0,2,2,2,1,3,14,20,Independent House,Unfurnished,Ready to Move,Hebbal,3.4,15.8,3,1,6480000,1,2,0,3
728.0,3,4,1,1,5,7,15,Independent House,Unfurnished,Under Construction,Sarjapur Road,4.1,16.4,2,4,4130000,1,2,1,8
395.0,1,1,0,1,2,4,15,Apartment,Semi-Furnished,Ready to Move,Whitefield,3.8,16.0,6,0,3040000,0,1,0,9
332.0,2,3,2,1,0,1,3,Apartment,Semi-Furnished,Ready to Move,Indiranagar,10.0,1.0,5,1,4830000,0,1,0,4
1351.0,2,2,1,1,1,8,10,Apartment,Furnished,Ready to Move,Whitefield,4.5,19.4,3,2,12940000,0,0,0,9
990.0,2,2,1,1,2,5,10,Apartment,Furnished,Under Construction,Indiranagar,8.4,4.3,7,3,14420000,0,0,1,4
774.0,2,3,2,1,24,3,7,Apartment,Semi-Furnished,Under Construction,Marathahalli,6.1,17.0,5,2,3170000,0,1,1,7
1035.0,2,3,2,1,24,5,7,Apartment,Unfurnished,Ready to Move,Whitefield,3.6,17.0,6,2,4990000,0,2,0,9
985.0,2,2,2,1,14,10,20,Independent House,Furnished,Under Construction,HSR Layout,6.3,14.1,3,2,10710000,1,0,1,2
1067.0,2,3,1,1,2,2,3,Apartment,Furnished,Under Construction,Electronic City,6.3,18.4,3,1,6040000,0,0,1,1
1738.0,3,4,1,1,4,2,10,Apartment,Furnished,Ready to Move,Yelahanka,3.4,12.4,5,1,9980000,0,0,0,10
1884.0,4,4,0,1,4,7,7,Villa,Unfurnished,Ready to Move,Banashankari,6.4,8.4,5,1,19860000,2,2,0,0
782.0,2,3,1,1,3,9,10,Villa,Furnished,Under Construction,Whitefield,6.6,20.2,0,3,7400000,2,0,1,9
1107.0,2,2,1,1,0,2,5,Apartment,Furnished,Ready to Move,Sarjapur Road,2.8,19.7,3,2,7680000,0,0,0,8
1102.0,2,2,2,1,6,3,5,Independent House,Semi-Furnished,Under Construction,Electronic City,4.7,18.5,2,0,6950000,1,1,1,1
2040.0,4,4,0,1,0,6,10,Apartment,Furnished,Ready to Move,Electronic City,2.8,23.1,2,1,14190000,0,0,0,1
2009.0,3,3,0,1,12,14,25,Apartment,Furnished,Under Construction,Sarjapur Road,6.7,13.0,2,3,11920000,0,0,1,8
1277.0,3,3,1,1,9,14,25,Apartment,Semi-Furnished,Ready to Move,Yelahanka,5.2,9.4,3,3,6400000,0,1,0,10
779.0,2,3,3,1,3,2,5,Apartment,Furnished,Ready to Move,Banashankari,5.8,13.5,4,2,7390000,0,0,0,0
1029.0,2,3,2,1,8,2,5,Independent House,Furnished,Under Construction,Marathahalli,5.6,17.1,3,2,6770000,1,0,1,7
821.0,2,2,3,1,2,3,10,Villa,Furnished,Ready to Move,Electronic City,2.3,22.0,5,2,6920000,2,0,0,1
2198.0,4,5,1,1,2,6,7,Independent House,Furnished,Ready to Move,Hebbal,7.6,5.9,4,3,28370000,1,0,0,3
1666.0,4,4,0,1,3,11,15,Apartment,Semi-Furnished,Ready to Move,HSR Layout,5.0,8.6,5,1,17740000,0,1,0,2
505.0,1,2,1,1,12,2,10,Apartment,Unfurnished,Ready to Move,Jayanagar,7.3,7.3,4,0,4380000,0,2,0,5
1929.0,3,3,2,1,1,5,10,Apartment,Unfurnished,Ready to Move,Electronic City,2.3,20.6,3,3,9400000,0,2,0,1
872.0,2,3,0,1,6,1,10,Apartment,Furnished,Ready to Move,Marathahalli,5.3,18.7,3,2,6730000,0,0,0,7
798.0,2,3,1,1,1,4,5,Villa,Semi-Furnished,Under Construction,HSR Layout,9.0,11.9,3,0,9970000,2,1,1,2
2468.0,4,5,0,1,2,4,10,Independent House,Semi-Furnished,Ready to Move,Koramangala,8.7,1.2,7,2,38780000,1,1,0,6
1105.0,3,4,1,1,2,7,10,Apartment,Semi-Furnished,Ready to Move,Yelahanka,3.5,11.2,4,1,6540000,0,1,0,10
818.0,2,2,1,1,8,9,15,Apartment,Unfurnished,Ready to Move,Whitefield,4.2,22.6,4,3,5240000,0,2,0,9
1059.0,2,3,0,1,5,2,5,Apartment,Semi-Furnished,Under Construction,Jayanagar,6.8,8.5,2,3,10300000,0,1,1,5
2375.0,4,4,1,1,10,2,7,Apartment,Furnished,Under Construction,HSR Layout,5.8,12.3,4,0,30670000,0,0,1,2
1741.0,3,3,1,1,1,10,25,Apartment,Unfurnished,Ready to Move,Whitefield,6.8,25.1,2,2,11960000,0,2,0,9
1190.0,3,4,1,1,0,10,10,Apartment,Semi-Furnished,Ready to Move,Whitefield,5.5,21.4,3,2,11100000,0,1,0,9
1063.0,2,3,2,1,9,6,20,Apartment,Semi-Furnished,Ready to Move,Koramangala,7.5,4.3,2,1,14110000,0,1,0,6
861.0,2,2,0,1,0,8,10,Apartment,Semi-Furnished,Ready to Move,Hebbal,5.1,14.3,4,2,7020000,0,1,0,3
2460.0,4,5,2,1,2,12,20,Apartment,Semi-Furnished,Ready to Move,HSR Layout,10.0,13.7,1,4,31380000,0,1,0,2
1736.0,3,3,0,1,2,2,7,Apartment,Furnished,Ready to Move,Banashankari,5.1,10.1,4,1,17940000,0,0,0,0
845.0,2,2,1,1,10,3,3,Villa,Semi-Furnished,Ready to Move,Marathahalli,6.2,14.1,6,2,6370000,2,1,0,7
1477.0,3,3,2,1,7,13,15,Apartment,Semi-Furnished,Ready to Move,Indiranagar,7.8,7.9,6,1,23460000,0,1,0,4
1443.0,3,3,3,1,1,10,15,Independent House,Semi-Furnished,Ready to Move,Marathahalli,4.7,14.3,6,1,13450000,1,1,0,7
746.0,2,2,2,1,7,3,10,Apartment,Furnished,Ready to Move,Jayanagar,5.7,4.5,3,4,10320000,0,0,0,5
1133.0,2,3,1,1,9,1,10,Apartment,Semi-Furnished,Ready to Move,Sarjapur Road,2.9,18.4,3,4,6120000,0,1,0,8
1556.0,3,4,1,1,3,1,20,Apartment,Semi-Furnished,Under Construction,HSR Layout,7.5,9.0,4,4,14430000,0,1,1,2
843.0,3,3,1,1,2,3,5,Apartment,Semi-Furnished,Ready to Move,Electronic City,2.0,21.7,2,1,4550000,0,1,0,1
1477.0,3,4,1,1,9,2,10,Independent House,Unfurnished,Ready to Move,Yelahanka,1.2,13.5,3,2,7880000,1,2,0,10
1690.0,4,5,1,1,7,2,3,Apartment,Unfurnished,Ready to Move,Yelahanka,4.0,19.0,1,0,7820000,0,2,0,10
1158.0,2,2,1,1,0,2,5,Independent House,Unfurnished,Ready to Move,Yelahanka,2.3,16.6,3,1,6460000,1,2,0,10
391.0,1,1,1,1,8,6,7,Independent House,Unfurnished,Ready to Move,Electronic City,2.9,24.1,3,5,1850000,1,2,0,1
2600.0,4,5,2,1,5,11,15,Apartment,Semi-Furnished,Under Construction,Hebbal,2.3,13.4,1,3,22040000,0,1,1,3
1018.0,2,2,2,1,11,1,15,Apartment,Unfurnished,Ready to Move,Indiranagar,6.8,2.3,3,1,12600000,0,2,0,4
1415.0,3,3,0,1,1,9,25,Villa,Furnished,Ready to Move,Jayanagar,7.0,10.0,1,6,26950000,2,0,0,5
1613.0,3,3,2,1,2,3,3,Apartment,Furnished,Ready to Move,HSR Layout,6.0,9.3,4,2,22250000,0,0,0,2
974.0,3,3,2,1,6,6,7,Villa,Semi-Furnished,Ready to Move,Marathahalli,5.4,12.9,4,1,8700000,2,1,0,7
1263.0,2,3,1,1,5,1,5,Apartment,Semi-Furnished,Under Construction,Koramangala,6.7,4.6,2,1,15920000,0,1,1,6
1547.0,3,3,0,1,3,1,3,Apartment,Semi-Furnished,Ready to Move,Electronic City,3.1,22.7,5,2,8520000,0,1,0,1
2543.0,4,5,2,1,10,5,7,Apartment,Semi-Furnished,Ready to Move,Hebbal,5.1,19.8,2,0,25210000,0,1,0,3
1644.0,3,3,1,1,6,1,5,Apartment,Semi-Furnished,Ready to Move,HSR Layout,6.0,11.8,4,1,16250000,0,1,0,2
1396.0,3,4,3,1,9,3,7,Independent House,Semi-Furnished,Ready to Move,Whitefield,5.2,18.5,4,2,12350000,1,1,0,9
706.0,2,2,0,1,1,2,5,Apartment,Semi-Furnished,Under Construction,Whitefield,2.7,25.7,4,2,4150000,0,1,1,9
488.0,1,2,0,1,10,6,10,Independent House,Semi-Furnished,Under Construction,Yelahanka,3.8,11.1,3,3,2050000,1,1,1,10
1252.0,2,3,3,1,4,2,20,Apartment,Semi-Furnished,Ready to Move,Jayanagar,8.4,4.6,3,2,13740000,0,1,0,5
1213.0,2,3,3,1,0,2,15,Apartment,Semi-Furnished,Under Construction,Electronic City,2.1,20.3,0,1,5770000,0,1,1,1
2453.0,4,6,0,1,2,12,15,Apartment,Furnished,Ready to Move,Hebbal,5.6,12.0,3,3,31620000,0,0,0,3
610.0,3,3,2,1,0,14,15,Apartment,Furnished,Ready to Move,Hebbal,5.5,13.0,3,3,6630000,0,0,0,3
1340.0,3,4,1,1,4,1,7,Apartment,Semi-Furnished,Ready to Move,Electronic City,4.2,23.3,3,3,8250000,0,1,0,1
1319.0,3,3,2,1,3,4,15,Apartment,Furnished,Under Construction,Sarjapur Road,3.7,19.3,2,2,7750000,0,0,1,8
902.0,2,2,2,1,24,2,15,Independent House,Semi-Furnished,Ready to Move,Sarjapur Road,5.8,19.9,1,0,5010000,1,1,0,8
2712.875,4,5,0,1,16,5,5,Apartment,Furnished,Ready to Move,Marathahalli,7.2,13.8,1,4,27060000,0,0,0,7
1116.0,2,2,1,1,13,13,20,Apartment,Furnished,Ready to Move,Koramangala,8.9,7.9,2,4,15980000,0,0,0,6
1138.0,2,3,0,1,5,7,10,Independent House,Unfurnished,Under Construction,Yelahanka,3.5,11.2,3,0,5330000,1,2,1,10
1524.0,3,4,0,1,13,2,3,Villa,Unfurnished,Ready to Move,Jayanagar,6.7,1.0,0,1,19100000,2,2,0,5
1279.0,4,4,0,1,2,4,10,Apartment,Semi-Furnished,Ready to Move,HSR Layout,4.4,12.2,3,1,14610000,0,1,0,2
1863.0,4,5,2,1,6,9,10,Apartment,Unfurnished,Ready to Move,Indiranagar,6.5,4.0,5,4,26340000,0,2,0,4
803.0,1,1,1,1,3,4,10,Independent House,Semi-Furnished,Ready to Move,Whitefield,2.6,25.2,1,1,6010000,1,1,0,9
2149.0,4,4,1,1,1,3,5,Apartment,Semi-Furnished,Ready to Move,Koramangala,8.4,7.1,5,4,39220000,0,1,0,6
1019.0,2,2,2,1,0,6,10,Apartment,Semi-Furnished,Ready to Move,Sarjapur Road,3.4,19.8,2,0,6130000,0,1,0,8
589.0,1,2,1,1,6,7,7,Apartment,Semi-Furnished,Ready to Move,Whitefield,6.6,18.5,1,2,4930000,0,1,0,9
2166.0,4,4,1,1,0,6,25,Independent House,Semi-Furnished,Ready to Move,Electronic City,0.0,24.0,6,2,15730000,1,1,0,1
1046.0,4,4,0,1,10,3,15,Apartment,Unfurnished,Under Construction,Jayanagar,6.7,4.8,2,3,10170000,0,2,1,5
1332.0,3,3,2,1,20,2,15,Independent House,Semi-Furnished,Under Construction,Whitefield,5.0,20.2,3,0,9520000,1,1,1,9
1389.0,3,3,0,1,1,2,5,Apartment,Semi-Furnished,Ready to Move,Banashankari,6.0,7.0,1,4,11500000,0,1,0,0
2512.0,4,5,2,1,5,3,7,Independent House,Semi-Furnished,Ready to Move,HSR Layout,6.5,10.8,5,3,37490000,1,1,0,2
1413.0,3,3,1,1,10,1,7,Apartment,Semi-Furnished,Ready to Move,Electronic City,3.9,21.2,3,1,7790000,0,1,0,1
1341.0,4,4,2,1,2,6,10,Apartment,Semi-Furnished,Ready to Move,Electronic City,3.6,25.0,3,2,8710000,0,1,0,1
1520.0,3,3,2,1,20,1,3,Independent House,Unfurnished,Ready to Move,HSR Layout,7.0,11.4,5,0,15750000,1,2,0,2
2349.0,4,5,2,1,17,9,10,Apartment,Furnished,Under Construction,Whitefield,4.3,18.5,1,3,18260000,0,0,1,9
2118.0,4,5,1,1,0,7,7,Apartment,Semi-Furnished,Ready to Move,Sarjapur Road,6.8,16.7,1,1,14870000,0,1,0,8
791.0,2,2,1,1,0,2,10,Apartment,Semi-Furnished,Under Construction,Banashankari,5.5,4.2,3,1,6370000,0,1,1,0
2217.0,4,5,2,1,24,2,3,Apartment,Unfurnished,Ready to Move,HSR Layout,6.6,4.1,5,4,19800000,0,2,0,2
1752.0,3,3,0,1,24,4,7,Apartment,Unfurnished,Ready to Move,Marathahalli,2.9,16.8,4,1,8820000,0,2,0,7
1041.0,2,2,1,1,4,12,15,Villa,Furnished,Under Construction,Sarjapur Road,3.2,16.9,0,0,8270000,2,0,1,8
1576.0,3,3,2,1,0,9,10,Apartment,Semi-Furnished,Ready to Move,Hebbal,7.3,8.3,6,3,15160000,0,1,0,3
602.0,1,1,2,1,7,14,15,Apartment,Semi-Furnished,Ready to Move,Indiranagar,4.9,6.3,2,4,7910000,0,1,0,4
1428.0,3,3,1,1,2,2,10,Apartment,Semi-Furnished,Ready to Move,Electronic City,3.4,19.8,3,0,7490000,0,1,0,1
2278.0,4,4,2,1,22,6,20,Villa,Semi-Furnished,Ready to Move,Electronic City,3.3,21.8,3,2,16250000,2,1,0,1
490.0,2,2,2,1,12,1,3,Villa,Unfurnished,Under Construction,Sarjapur Road,4.4,14.1,4,3,2670000,2,2,1,8
971.0,2,3,0,1,8,1,7,Apartment,Semi-Furnished,Ready to Move,Hebbal,5.4,13.9,2,3,6630000,0,1,0,3
1582.0,4,4,2,1,2,1,10,Apartment,Unfurnished,Ready to Move,Koramangala,10.0,4.3,3,0,23040000,0,2,0,6
1170.0,2,3,2,1,9,13,20,Independent House,Semi-Furnished,Under Construction,Electronic City,3.5,23.5,3,1,6830000,1,1,1,1
922.0,2,2,3,1,2,8,10,Apartment,Furnished,Ready to Move,Yelahanka,2.9,14.7,2,2,5400000,0,0,0,10
955.0,2,2,0,1,0,9,10,Independent House,Semi-Furnished,Ready to Move,Hebbal,6.4,12.7,5,4,9840000,1,1,0,3
978.0,3,4,2,1,5,1,5,Independent House,Furnished,Under Construction,Banashankari,7.0,3.6,3,6,9870000,1,0,1,0
1684.0,3,3,1,1,5,1,10,Independent House,Unfurnished,Ready to Move,Sarjapur Road,4.7,24.8,7,6,11790000,1,2,0,8
2250.0,4,4,0,1,11,2,7,Apartment,Furnished,Ready to Move,Electronic City,4.9,23.2,6,1,14970000,0,0,0,1
1555.0,3,4,2,1,16,14,15,Independent House,Semi-Furnished,Under Construction,Marathahalli,3.7,19.1,4,0,10680000,1,1,1,7
1674.0,4,5,0,1,3,7,7,Independent House,Semi-Furnished,Ready to Move,Marathahalli,4.2,13.2,2,1,15240000,1,1,0,7
1183.0,3,4,1,1,4,2,7,Apartment,Semi-Furnished,Under Construction,Whitefield,6.6,16.9,0,2,8020000,0,1,1,9
992.0,2,3,1,1,5,1,3,Apartment,Semi-Furnished,Ready to Move,Jayanagar,7.5,4.5,2,2,11420000,0,1,0,5
1205.0,3,4,1,1,3,3,3,Apartment,Semi-Furnished,Under Construction,Sarjapur Road,3.3,17.9,3,2,6970000,0,1,1,8
1521.0,3,3,1,1,10,3,7,Apartment,Unfurnished,Ready to Move,Koramangala,8.0,3.7,2,3,16640000,0,2,0,6
794.0,3,3,1,1,5,3,7,Apartment,Unfurnished,Ready to Move,Hebbal,6.6,17.6,0,1,6470000,0,2,0,3
496.0,1,1,2,1,19,9,10,Apartment,Furnished,Ready to Move,Marathahalli,5.7,11.4,0,1,3130000,0,0,0,7
1291.0,2,2,1,1,8,2,15,Apartment,Furnished,Ready to Move,Banashankari,3.4,6.2,1,1,11150000,0,0,0,0
1033.0,2,2,2,1,1,2,3,Apartment,Unfurnished,Ready to Move,Whitefield,4.9,22.1,0,1,6380000,0,2,0,9
981.0,2,3,2,1,1,4,10,Apartment,Semi-Furnished,Under Construction,HSR Layout,6.3,5.2,3,0,9320000,0,1,1,2
1955.0,3,3,1,1,3,2,20,Villa,Unfurnished,Under Construction,Marathahalli,3.9,13.9,4,1,14160000,2,2,1,7
300.0,1,2,1,1,3,1,10,Independent House,Unfurnished,Under Construction,HSR Layout,8.3,10.4,2,3,2400000,1,2,1,2
1171.0,3,3,2,1,4,9,10,Apartment,Semi-Furnished,Under Construction,Sarjapur Road,3.3,19.3,4,1,7280000,0,1,1,8
873.0,2,2,2,1,1,3,10,Apartment,Semi-Furnished,Under Construction,Sarjapur Road,2.8,19.0,2,4,4720000,0,1,1,8
1113.0,2,2,1,1,24,6,7,Apartment,Unfurnished,Under Construction,Whitefield,3.1,26.0,6,1,4700000,0,2,1,9
1645.0,3,3,2,1,1,1,5,Villa,Furnished,Under Construction,Jayanagar,6.4,3.3,7,0,27340000,2,0,1,5
785.0,2,2,0,1,8,1,5,Villa,Unfurnished,Ready to Move,Jayanagar,5.6,4.1,3,0,10390000,2,2,0,5
2399.0,4,5,1,1,0,4,5,Independent House,Furnished,Under Construction,Electronic City,2.0,23.8,7,4,15560000,1,0,1,1
505.0,1,1,1,1,4,5,15,Apartment,Semi-Furnished,Under Construction,Yelahanka,1.7,16.7,3,3,1860000,0,1,1,10
1180.0,2,2,0,1,2,4,7,Independent House,Semi-Furnished,Ready to Move,Hebbal,3.8,13.1,2,0,10710000,1,1,0,3
1586.0,4,5,1,1,3,14,20,Apartment,Semi-Furnished,Under Construction,Sarjapur Road,2.5,13.8,1,3,8070000,0,1,1,8
1365.0,3,3,2,1,5,2,15,Villa,Unfurnished,Ready to Move,Sarjapur Road,4.3,24.5,4,1,11440000,2,2,0,8
856.0,2,2,2,1,7,3,10,Apartment,Unfurnished,Ready to Move,Indiranagar,5.7,6.4,2,2,12520000,0,2,0,4
1150.0,2,2,0,1,7,14,15,Independent House,Unfurnished,Ready to Move,Yelahanka,1.9,11.3,5,2,5570000,1,2,0,10
1253.0,3,3,3,1,7,1,3,Apartment,Semi-Furnished,Ready to Move,Sarjapur Road,3.5,19.8,3,2,7280000,0,1,0,8
2712.875,4,6,2,1,14,1,10,Villa,Unfurnished,Ready to Move,Sarjapur Road,5.4,14.7,3,3,20180000,2,2,0,8
2202.0,4,5,1,1,17,8,20,Independent House,Semi-Furnished,Ready to Move,Hebbal,4.6,14.8,6,1,22490000,1,1,0,3
1053.0,2,3,1,1,10,1,3,Apartment,Unfurnished,Under Construction,HSR Layout,6.1,6.1,5,5,9450000,0,2,1,2
2712.875,4,5,2,1,0,2,7,Apartment,Unfurnished,Under Construction,Hebbal,4.9,15.0,1,1,28240000,0,2,1,3
573.0,1,2,2,1,24,3,3,Independent House,Furnished,Under Construction,Koramangala,5.3,1.0,2,4,7820000,1,0,1,6
503.0,1,1,1,1,23,2,10,Apartment,Furnished,Ready to Move,Electronic City,4.3,19.1,1,0,2730000,0,0,0,1
1860.0,4,4,2,1,9,2,5,Apartment,Unfurnished,Ready to Move,Electronic City,4.3,22.4,3,2,9700000,0,2,0,1
954.0,2,2,1,1,5,2,10,Apartment,Semi-Furnished,Under Construction,Banashankari,5.9,6.2,3,0,5520000,0,1,1,0
577.0,1,2,1,1,2,4,15,Apartment,Semi-Furnished,Ready to Move,Hebbal,8.8,10.3,2,1,5080000,0,1,0,3
922.0,2,3,1,1,11,4,5,Apartment,Unfurnished,Ready to Move,Sarjapur Road,1.7,13.4,2,1,4740000,0,2,0,8
953.0,2,3,2,1,16,4,15,Apartment,Semi-Furnished,Ready to Move,Sarjapur Road,1.4,17.0,6,0,5270000,0,1,0,8
975.0,3,4,1,1,8,3,3,Apartment,Furnished,Ready to Move,Jayanagar,7.7,8.7,7,0,13280000,0,0,0,5
1586.0,3,3,1,1,7,2,5,Apartment,Semi-Furnished,Under Construction,Yelahanka,2.5,21.6,2,0,6990000,0,1,1,10
984.0,2,2,1,1,1,1,7,Independent House,Furnished,Under Construction,Jayanagar,5.2,8.5,3,1,14350000,1,0,1,5
1680.0,3,4,2,1,3,7,15,Independent House,Semi-Furnished,Ready to Move,Electronic City,2.9,24.1,5,4,11460000,1,1,0,1
2000.0,4,5,2,1,10,4,20,Villa,Semi-Furnished,Ready to Move,Koramangala,7.1,1.0,2,0,45280000,2,1,0,6
1304.0,4,5,1,1,0,4,5,Apartment,Semi-Furnished,Ready to Move,Hebbal,7.6,11.9,1,2,12600000,0,1,0,3
881.0,2,2,3,1,8,3,3,Independent House,Semi-Furnished,Ready to Move,Sarjapur Road,7.1,16.0,4,4,5780000,1,1,0,8
2688.0,4,6,0,1,11,14,15,Apartment,Semi-Furnished,Ready to Move,Electronic City,0.9,17.5,5,3,16140000,0,1,0,1
1608.0,3,3,0,1,3,10,10,Apartment,Unfurnished,Ready to Move,Whitefield,2.1,16.2,5,3,10780000,0,2,0,9
322.0,1,2,0,1,0,3,5,Independent House,Semi-Furnished,Under Construction,Hebbal,3.9,14.0,4,1,2440000,1,1,1,3
554.0,1,1,0,1,13,1,10,Independent House,Semi-Furnished,Under Construction,Whitefield,3.3,18.3,1,2,4090000,1,1,1,9
1047.0,2,3,0,1,1,13,20,Villa,Unfurnished,Under Construction,Sarjapur Road,2.5,13.6,3,3,6950000,2,2,1,8
1214.0,3,3,2,1,3,3,3,Villa,Semi-Furnished,Under Construction,Banashankari,4.4,6.1,3,1,10950000,2,1,1,0
964.0,2,3,2,1,9,1,3,Apartment,Furnished,Ready to Move,Indiranagar,8.0,5.9,4,1,16410000,0,0,0,4
1224.0,3,3,2,1,13,6,7,Apartment,Furnished,Ready to Move,HSR Layout,4.3,8.0,1,3,16000000,0,0,0,2
469.0,1,1,2,1,15,9,10,Villa,Furnished,Ready to Move,Sarjapur Road,2.1,14.4,1,0,3190000,2,0,0,8
1836.0,4,4,2,1,6,2,5,Apartment,Unfurnished,Under Construction,Hebbal,7.3,9.2,2,2,15370000,0,2,1,3
814.0,2,3,1,1,5,14,15,Apartment,Semi-Furnished,Under Construction,Jayanagar,6.1,8.7,5,1,7450000,0,1,1,5
2273.0,4,4,2,1,15,11,15,Independent House,Unfurnished,Ready to Move,Banashankari,4.1,1.8,1,3,19810000,1,2,0,0
1706.0,4,4,2,1,6,3,10,Independent House,Semi-Furnished,Ready to Move,Whitefield,2.1,19.2,3,4,13170000,1,1,0,9
450.0,1,2,3,1,6,5,5,Apartment,Furnished,Ready to Move,Jayanagar,6.0,5.7,7,1,6020000,0,0,0,5
1895.0,3,4,1,1,4,3,25,Independent House,Furnished,Ready to Move,Sarjapur Road,5.1,15.7,4,4,15760000,1,0,0,8
655.0,1,1,0,1,3,6,10,Independent House,Furnished,Ready to Move,Hebbal,5.9,9.1,3,3,8760000,1,0,0,3
1255.0,4,4,2,1,5,2,10,Villa,Unfurnished,Under Construction,Koramangala,9.2,7.0,2,0,18790000,2,2,1,6
1185.0,3,3,2,1,3,2,25,Apartment,Unfurnished,Ready to Move,Hebbal,3.2,14.9,2,0,8530000,0,2,0,3
576.0,1,2,1,1,3,14,20,Apartment,Furnished,Under Construction,Jayanagar,4.8,6.3,2,2,5830000,0,0,1,5
1011.0,2,3,2,1,24,1,10,Apartment,Furnished,Ready to Move,Electronic City,5.0,20.4,3,3,4700000,0,0,0,1
666.0,2,3,0,1,3,1,7,Apartment,Semi-Furnished,Ready to Move,Koramangala,9.2,4.3,6,2,9740000,0,1,0,6
2463.0,4,4,3,1,2,1,3,Apartment,Semi-Furnished,Ready to Move,Hebbal,4.6,13.2,1,2,21850000,0,1,0,3
1631.0,3,4,0,1,3,5,20,Apartment,Semi-Furnished,Under Construction,Koramangala,9.3,3.7,2,0,22600000,0,1,1,6
2192.0,4,4,0,1,7,13,15,Apartment,Semi-Furnished,Ready to Move,Electronic City,1.5,23.3,5,4,12900000,0,1,0,1
1207.0,2,2,0,1,19,1,7,Independent House,Unfurnished,Under Construction,HSR Layout,4.5,8.9,1,2,9650000,1,2,1,2
599.0,1,2,1,1,12,4,15,Apartment,Semi-Furnished,Ready to Move,Yelahanka,0.6,6.5,3,3,2510000,0,1,0,10
2712.875,4,5,0,1,14,14,15,Villa,Semi-Furnished,Under Construction,Marathahalli,4.5,13.4,4,3,30620000,2,1,1,7
721.0,1,1,2,1,15,5,5,Villa,Unfurnished,Ready to Move,Hebbal,5.3,14.1,3,3,6570000,2,2,0,3
2440.0,4,5,2,1,20,6,10,Apartment,Furnished,Ready to Move,HSR Layout,5.5,10.1,2,4,26370000,0,0,0,2
790.0,2,2,1,1,2,6,7,Independent House,Unfurnished,Ready to Move,Marathahalli,2.8,15.0,3,2,5940000,1,2,0,7
619.0,1,1,2,1,4,9,15,Apartment,Semi-Furnished,Ready to Move,Marathahalli,7.6,13.2,4,2,4320000,0,1,0,7
1214.0,3,4,0,1,3,2,5,Apartment,Semi-Furnished,Ready to Move,Hebbal,4.6,11.4,3,2,10360000,0,1,0,3
2712.875,4,6,1,1,3,1,10,Independent House,Semi-Furnished,Ready to Move,Yelahanka,5.1,16.5,2,0,21300000,1,1,0,10
2712.875,4,6,1,1,8,7,7,Apartment,Unfurnished,Under Construction,Whitefield,4.1,25.8,0,3,16520000,0,2,1,9
687.0,2,2,1,1,4,1,3,Villa,Semi-Furnished,Under Construction,Marathahalli,3.2,16.5,4,2,4580000,2,1,1,7
926.0,2,2,2,1,7,2,5,Apartment,Unfurnished,Ready to Move,Whitefield,6.5,22.1,0,2,5730000,0,2,0,9
1474.0,3,3,0,1,3,2,10,Independent House,Semi-Furnished,Under Construction,Jayanagar,7.9,6.6,2,3,17250000,1,1,1,5
1277.0,3,4,2,1,2,5,5,Apartment,Unfurnished,Under Construction,HSR Layout,6.3,6.0,3,3,11830000,0,2,1,2
1488.0,3,3,2,1,3,4,10,Villa,Unfurnished,Under Construction,Electronic City,5.0,25.7,4,2,9410000,2,2,1,1
1103.0,2,3,2,1,13,5,7,Apartment,Furnished,Ready to Move,Electronic City,7.1,24.7,5,2,6670000,0,0,0,1
2712.875,4,5,3,1,7,5,10,Villa,Semi-Furnished,Ready to Move,Marathahalli,2.9,15.1,2,2,29030000,2,1,0,7
1462.0,3,3,3,1,24,7,10,Independent House,Unfurnished,Ready to Move,Electronic City,4.0,21.9,1,2,7050000,1,2,0,1
2553.0,4,5,2,1,14,2,7,Apartment,Furnished,Ready to Move,Sarjapur Road,3.1,19.6,0,0,18280000,0,0,0,8
1532.0,3,4,1,1,5,5,5,Villa,Unfurnished,Ready to Move,Electronic City,1.9,21.3,5,3,9920000,2,2,0,1
988.0,2,3,1,1,2,1,7,Apartment,Unfurnished,Ready to Move,Whitefield,2.9,22.2,1,2,6770000,0,2,0,9
2263.0,4,6,2,1,8,5,10,Independent House,Unfurnished,Ready to Move,Hebbal,7.4,9.5,3,2,22910000,1,2,0,3
1587.0,3,4,1,1,10,2,15,Apartment,Semi-Furnished,Ready to Move,HSR Layout,3.6,4.3,4,3,14220000,0,1,0,2
2132.0,4,5,3,1,4,2,5,Independent House,Semi-Furnished,Ready to Move,Indiranagar,9.4,1.4,2,3,44180000,1,1,0,4
2712.875,4,6,1,1,2,5,10,Independent House,Unfurnished,Ready to Move,Sarjapur Road,2.4,18.4,0,2,26730000,1,2,0,8
1413.0,3,4,1,1,6,5,5,Apartment,Unfurnished,Ready to Move,Electronic City,6.0,21.1,3,3,7260000,0,2,0,1
891.0,3,4,1,1,2,5,5,Apartment,Semi-Furnished,Ready to Move,Whitefield,3.9,19.6,1,1,7580000,0,1,0,9
362.0,1,1,2,1,22,6,10,Apartment,Semi-Furnished,Ready to Move,Electronic City,2.8,18.1,3,5,1570000,0,1,0,1
630.0,1,1,0,1,7,4,7,Independent House,Furnished,Ready to Move,Yelahanka,5.4,16.9,2,3,3630000,1,0,0,10
841.0,2,2,1,1,2,8,10,Apartment,Semi-Furnished,Under Construction,Marathahalli,5.3,10.9,4,4,4590000,0,1,1,7
1032.0,2,2,1,1,1,5,25,Apartment,Semi-Furnished,Ready to Move,Marathahalli,4.8,15.5,3,0,7590000,0,1,0,7
971.0,2,2,0,1,10,5,5,Independent House,Semi-Furnished,Ready to Move,Marathahalli,5.2,9.8,7,3,7630000,1,1,0,7
918.0,2,2,1,1,9,3,10,Apartment,Semi-Furnished,Under Construction,Koramangala,6.4,1.5,3,2,9000000,0,1,1,6
931.0,2,3,1,1,7,9,20,Villa,Semi-Furnished,Ready to Move,Electronic City,4.4,19.1,3,3,6960000,2,1,0,1
785.0,2,3,0,1,7,4,5,Apartment,Unfurnished,Ready to Move,Sarjapur Road,3.4,19.7,7,2,4380000,0,2,0,8
548.0,1,1,1,1,7,4,7,Apartment,Semi-Furnished,Ready to Move,Whitefield,4.9,18.6,2,2,3570000,0,1,0,9
485.0,1,1,3,1,3,1,5,Independent House,Furnished,Ready to Move,HSR Layout,7.1,11.3,4,2,6960000,1,0,0,2
1295.0,3,4,3,1,22,7,10,Apartment,Unfurnished,Ready to Move,HSR Layout,4.7,13.4,6,0,9920000,0,2,0,2
1309.0,3,4,1,1,5,3,10,Apartment,Semi-Furnished,Ready to Move,Indiranagar,9.6,10.3,6,0,19710000,0,1,0,4
906.0,2,3,1,1,0,10,10,Independent House,Semi-Furnished,Ready to Move,Banashankari,4.4,8.7,6,3,8830000,1,1,0,0
1658.0,3,4,1,1,3,6,10,Apartment,Unfurnished,Ready to Move,Whitefield,2.5,16.7,2,2,13880000,0,2,0,9
1948.0,4,5,3,1,1,7,15,Independent House,Unfurnished,Ready to Move,Jayanagar,6.4,9.8,5,0,28640000,1,2,0,5
1144.0,2,2,1,1,3,3,3,Independent House,Unfurnished,Under Construction,Koramangala,8.0,8.5,6,4,14190000,1,2,1,6
1830.0,3,3,1,1,7,8,25,Apartment,Semi-Furnished,Ready to Move,Banashankari,5.6,7.8,5,0,13140000,0,1,0,0
2712.875,4,6,0,1,0,2,5,Apartment,Semi-Furnished,Ready to Move,Whitefield,0.8,24.0,3,1,26380000,0,1,0,9
2213.0,4,4,1,1,16,5,5,Villa,Semi-Furnished,Under Construction,Electronic City,3.9,23.0,3,2,15630000,2,1,1,1
1012.0,2,3,0,1,7,5,20,Apartment,Unfurnished,Ready to Move,Sarjapur Road,2.9,13.0,5,1,5610000,0,2,0,8
1642.0,3,3,2,1,2,13,15,Apartment,Semi-Furnished,Ready to Move,Sarjapur Road,4.9,16.1,3,2,12560000,0,1,0,8
966.0,2,3,2,1,2,2,15,Villa,Unfurnished,Ready to Move,Indiranagar,8.7,3.5,1,1,17270000,2,2,0,4
1675.0,3,3,2,1,5,4,5,Apartment,Unfurnished,Ready to Move,Electronic City,2.8,20.9,3,3,8590000,0,2,0,1
2712.875,4,5,1,1,2,11,15,Independent House,Semi-Furnished,Ready to Move,Electronic City,3.1,19.2,1,0,21520000,1,1,0,1
1299.0,3,3,2,1,0,2,10,Apartment,Semi-Furnished,Ready to Move,HSR Layout,6.8,7.1,2,3,16000000,0,1,0,2
2358.0,4,5,0,1,0,14,15,Apartment,Furnished,Ready to Move,HSR Layout,7.7,14.0,2,5,38220000,0,0,0,2
967.0,2,2,1,1,3,14,25,Apartment,Unfurnished,Under Construction,Indiranagar,7.3,1.0,2,3,11460000,0,2,1,4
2712.875,4,6,2,1,1,3,5,Independent House,Semi-Furnished,Ready to Move,HSR Layout,5.8,7.8,3,0,37900000,1,1,0,2
1266.0,3,4,3,1,0,1,10,Villa,Semi-Furnished,Ready to Move,HSR Layout,8.5,11.9,2,1,18500000,2,1,0,2
568.0,1,2,1,1,15,4,15,Independent House,Semi-Furnished,Under Construction,Marathahalli,3.5,12.3,2,0,3650000,1,1,1,7
1679.0,3,4,1,1,2,6,7,Apartment,Unfurnished,Ready to Move,Banashankari,5.2,9.2,3,1,12100000,0,2,0,0
1118.0,2,3,1,1,5,2,3,Apartment,Semi-Furnished,Ready to Move,Marathahalli,2.1,12.8,0,3,6750000,0,1,0,7
588.0,1,1,2,1,1,1,5,Apartment,Semi-Furnished,Under Construction,Whitefield,1.8,21.3,1,4,3080000,0,1,1,9
2239.0,4,4,0,1,0,7,10,Apartment,Furnished,Ready to Move,Whitefield,2.8,16.9,5,1,22160000,0,0,0,9
1191.0,2,3,1,1,10,5,7,Apartment,Furnished,Ready to Move,Banashankari,3.6,2.4,6,2,12970000,0,0,0,0
1358.0,3,4,1,1,1,4,5,Villa,Furnished,Ready to Move,HSR Layout,7.9,8.8,3,2,25770000,2,0,0,2
738.0,2,2,0,1,0,6,7,Apartment,Semi-Furnished,Under Construction,Whitefield,6.1,14.6,1,2,4300000,0,1,1,9
1197.0,2,3,0,1,7,1,5,Independent House,Furnished,Ready to Move,Marathahalli,1.1,13.8,2,2,9450000,1,0,0,7
2503.0,4,5,3,1,0,2,3,Apartment,Unfurnished,Ready to Move,Marathahalli,3.2,10.6,2,2,15350000,0,2,0,7
818.0,2,2,1,1,4,3,5,Independent House,Unfurnished,Ready to Move,Marathahalli,5.0,10.6,7,1,6610000,1,2,0,7
897.0,3,3,3,1,2,5,20,Apartment,Semi-Furnished,Ready to Move,HSR Layout,6.2,14.4,1,4,9790000,0,1,0,2
1559.0,3,3,1,1,3,1,3,Apartment,Furnished,Ready to Move,Whitefield,6.6,20.8,4,4,14330000,0,0,0,9
945.0,3,3,3,1,0,5,15,Apartment,Semi-Furnished,Ready to Move,Banashankari,5.7,3.4,2,1,8320000,0,1,0,0
1699.0,4,4,2,1,24,5,15,Apartment,Semi-Furnished,Ready to Move,HSR Layout,5.9,9.9,1,1,17160000,0,1,0,2
1564.0,3,3,0,1,5,4,10,Apartment,Semi-Furnished,Ready to Move,Marathahalli,3.7,13.6,4,4,10810000,0,1,0,7
1087.0,2,2,2,1,6,4,5,Apartment,Unfurnished,Ready to Move,Sarjapur Road,3.6,11.8,5,2,6410000,0,2,0,8
1739.0,4,4,1,1,8,14,20,Apartment,Semi-Furnished,Ready to Move,Marathahalli,2.7,15.0,2,0,12610000,0,1,0,7
924.0,2,2,1,1,12,2,10,Villa,Unfurnished,Ready to Move,Electronic City,4.7,24.9,3,2,5220000,2,2,0,1
1155.0,3,3,1,1,7,1,5,Villa,Unfurnished,Ready to Move,HSR Layout,7.4,8.7,6,2,15770000,2,2,0,2
2492.0,4,5,1,1,11,6,7,Independent House,Unfurnished,Under Construction,Marathahalli,4.8,13.1,4,1,17060000,1,2,1,7
1474.0,3,3,2,1,4,2,5,Apartment,Semi-Furnished,Ready to Move,Hebbal,5.4,10.3,3,0,13120000,0,1,0,3
1799.0,4,4,2,1,3,4,7,Villa,Semi-Furnished,Ready to Move,Yelahanka,1.5,17.2,3,0,12350000,2,1,0,10
1331.0,3,4,1,1,13,5,10,Apartment,Unfurnished,Ready to Move,Whitefield,5.1,19.3,4,4,10120000,0,2,0,9
1414.0,4,4,3,1,16,1,7,Apartment,Semi-Furnished,Ready to Move,Koramangala,8.2,3.4,2,3,22700000,0,1,0,6
2453.0,4,4,3,1,1,2,10,Apartment,Furnished,Under Construction,Yelahanka,6.0,13.6,5,1,13130000,0,0,1,10
1046.0,2,2,0,1,6,3,20,Apartment,Furnished,Ready to Move,Sarjapur Road,1.7,24.1,5,3,6020000,0,0,0,8
1100.0,2,2,0,1,9,2,7,Apartment,Furnished,Ready to Move,Yelahanka,1.9,15.2,5,1,6030000,0,0,0,10
1761.0,3,4,1,1,0,1,7,Apartment,Unfurnished,Ready to Move,HSR Layout,4.0,12.1,4,1,18990000,0,2,0,2
1168.0,3,3,2,1,21,14,15,Apartment,Unfurnished,Under Construction,Marathahalli,3.7,14.8,7,4,5830000,0,2,1,7
881.0,2,2,1,1,5,5,10,Villa,Unfurnished,Ready to Move,Sarjapur Road,1.1,10.3,3,2,6010000,2,2,0,8
341.0,1,1,1,1,8,3,7,Villa,Semi-Furnished,Under Construction,Sarjapur Road,5.4,16.9,4,6,2560000,2,1,1,8
1546.0,2,2,2,1,1,14,15,Independent House,Semi-Furnished,Ready to Move,Electronic City,5.0,18.5,3,0,11490000,1,1,0,1
2712.875,4,5,2,1,2,1,20,Villa,Unfurnished,Ready to Move,Whitefield,4.1,22.9,3,1,30860000,2,2,0,9
1690.0,3,4,1,1,1,2,10,Apartment,Furnished,Ready to Move,Marathahalli,2.5,10.2,7,4,12260000,0,0,0,7
714.0,2,2,2,1,2,4,5,Independent House,Furnished,Under Construction,HSR Layout,4.0,11.5,2,0,7510000,1,0,1,2
1139.0,2,2,2,1,5,4,10,Independent House,Semi-Furnished,Ready to Move,Indiranagar,7.6,8.0,3,3,18750000,1,1,0,4
1302.0,2,3,1,1,14,5,10,Apartment,Semi-Furnished,Ready to Move,Banashankari,5.6,8.8,2,3,9580000,0,1,0,0
938.0,2,3,2,1,6,1,7,Apartment,Semi-Furnished,Ready to Move,Electronic City,2.2,22.0,2,1,5110000,0,1,0,1
757.0,2,3,0,1,2,6,7,Independent House,Semi-Furnished,Under Construction,Hebbal,7.9,10.8,3,3,6810000,1,1,1,3
1944.0,4,4,1,1,0,2,10,Apartment,Furnished,Ready to Move,Koramangala,10.0,3.6,4,3,36350000,0,0,0,6
1553.0,4,5,1,1,7,7,7,Independent House,Unfurnished,Under Construction,Marathahalli,4.0,10.0,2,2,11920000,1,2,1,7
942.0,2,2,0,1,4,2,5,Apartment,Semi-Furnished,Ready to Move,Banashankari,4.0,8.5,3,4,8110000,0,1,0,0
640.0,1,2,1,1,24,14,20,Apartment,Unfurnished,Ready to Move,Whitefield,3.5,23.2,4,0,2790000,0,2,0,9
943.0,2,2,1,1,12,12,20,Apartment,Semi-Furnished,Ready to Move,Whitefield,6.7,17.4,2,3,6450000,0,1,0,9
1320.0,3,3,2,1,13,2,15,Apartment,Semi-Furnished,Ready to Move,Indiranagar,7.7,5.1,2,2,17540000,0,1,0,4
1050.0,2,3,2,1,0,6,7,Independent House,Unfurnished,Ready to Move,Whitefield,5.7,19.7,5,1,6280000,1,2,0,9
1064.0,2,3,0,1,12,2,7,Independent House,Unfurnished,Under Construction,Sarjapur Road,3.7,18.9,3,3,5730000,1,2,1,8
634.0,2,2,0,1,1,5,15,Apartment,Unfurnished,Ready to Move,Yelahanka,4.1,14.4,4,6,2560000,0,2,0,10
1424.0,3,4,2,1,7,5,10,Apartment,Semi-Furnished,Ready to Move,Indiranagar,7.4,1.0,4,2,19740000,0,1,0,4
2082.0,3,4,0,1,4,7,10,Independent House,Semi-Furnished,Ready to Move,HSR Layout,5.8,6.6,3,2,23500000,1,1,0,2
1026.0,3,3,1,1,6,4,5,Villa,Furnished,Ready to Move,Indiranagar,8.6,1.0,1,2,26300000,2,0,0,4
933.0,2,3,1,1,1,2,10,Apartment,Unfurnished,Ready to Move,Sarjapur Road,2.7,20.3,4,3,5370000,0,2,0,8
2712.875,4,4,2,1,4,14,20,Apartment,Unfurnished,Ready to Move,Whitefield,6.2,21.2,2,2,24910000,0,2,0,9
2712.875,4,6,2,1,0,2,3,Villa,Semi-Furnished,Under Construction,Marathahalli,2.9,14.0,2,1,33990000,2,1,1,7
852.0,2,3,2,1,0,1,7,Independent House,Unfurnished,Under Construction,Marathahalli,3.1,11.9,1,5,4980000,1,2,1,7
989.0,2,2,1,1,8,7,10,Apartment,Unfurnished,Ready to Move,Marathahalli,6.0,13.5,1,0,6350000,0,2,0,7
1399.0,3,3,2,1,24,4,10,Apartment,Semi-Furnished,Ready to Move,HSR Layout,8.1,9.9,0,1,13440000,0,1,0,2
467.0,1,2,1,1,12,3,3,Independent House,Furnished,Ready to Move,Sarjapur Road,6.0,16.4,3,3,3430000,1,0,0,8
935.0,2,2,1,1,5,1,20,Villa,Furnished,Ready to Move,Whitefield,1.5,18.6,4,1,9370000,2,0,0,9
1321.0,3,3,1,1,0,1,3,Apartment,Unfurnished,Ready to Move,Koramangala,8.3,7.9,3,4,19360000,0,2,0,6
1431.0,3,3,2,1,0,8,20,Apartment,Unfurnished,Ready to Move,Yelahanka,3.1,12.2,4,0,6680000,0,2,0,10
807.0,2,3,0,1,1,2,3,Villa,Semi-Furnished,Under Construction,Sarjapur Road,2.8,21.0,2,4,5560000,2,1,1,8
1042.0,3,4,0,1,24,4,5,Apartment,Semi-Furnished,Ready to Move,Whitefield,4.8,15.2,2,3,6370000,0,1,0,9
2712.875,4,5,2,1,4,7,15,Apartment,Semi-Furnished,Ready to Move,HSR Layout,5.9,14.8,3,1,36210000,0,1,0,2
1275.0,2,3,2,1,14,4,20,Apartment,Semi-Furnished,Ready to Move,HSR Layout,6.6,2.8,2,0,11330000,0,1,0,2
1423.0,3,3,2,1,9,11,25,Apartment,Unfurnished,Ready to Move,HSR Layout,10.0,11.4,4,0,14390000,0,2,0,2
513.0,1,2,1,1,7,3,5,Villa,Unfurnished,Ready to Move,HSR Layout,6.8,8.0,1,4,5460000,2,2,0,2
632.0,1,1,2,1,23,3,10,Apartment,Furnished,Ready to Move,Whitefield,4.9,19.5,1,1,4040000,0,0,0,9
1355.0,3,3,2,1,2,2,3,Villa,Semi-Furnished,Ready to Move,Indiranagar,9.9,4.6,4,0,27880000,2,1,0,4
1304.0,2,2,2,1,4,4,5,Apartment,Furnished,Under Construction,Sarjapur Road,3.9,19.8,1,1,8450000,0,0,1,8
549.0,1,1,1,1,16,1,5,Apartment,Semi-Furnished,Ready to Move,Marathahalli,2.4,8.1,6,1,3050000,0,1,0,7
1083.0,2,2,1,1,6,1,3,Apartment,Semi-Furnished,Under Construction,Marathahalli,1.5,13.9,3,2,6690000,0,1,1,7
1188.0,3,4,1,1,2,2,20,Independent House,Unfurnished,Ready to Move,Whitefield,4.3,20.6,2,4,10750000,1,2,0,9
1540.0,3,3,1,1,1,2,5,Independent House,Semi-Furnished,Under Construction,Banashankari,4.3,6.0,1,5,15610000,1,1,1,0
1002.0,2,3,1,1,11,6,10,Apartment,Furnished,Under Construction,Hebbal,2.1,11.7,2,1,7030000,0,0,1,3
1384.0,3,4,1,1,0,9,10,Independent House,Unfurnished,Under Construction,Hebbal,7.4,10.0,2,2,11390000,1,2,1,3
854.0,2,3,1,1,19,2,5,Villa,Unfurnished,Under Construction,Hebbal,5.2,13.7,1,2,5660000,2,2,1,3
1221.0,3,3,2,1,0,13,25,Independent House,Semi-Furnished,Ready to Move,Yelahanka,5.2,17.1,2,0,8180000,1,1,0,10
1003.0,2,3,0,1,7,7,7,Apartment,Semi-Furnished,Ready to Move,Jayanagar,3.3,6.7,3,1,11400000,0,1,0,5
1576.0,3,4,1,1,7,1,20,Villa,Semi-Furnished,Under Construction,HSR Layout,8.5,12.0,5,2,19430000,2,1,1,2
2712.875,4,6,2,1,6,8,20,Apartment,Semi-Furnished,Ready to Move,Marathahalli,3.3,17.7,0,0,21020000,0,1,0,7
2114.0,4,5,1,1,5,14,20,Apartment,Semi-Furnished,Ready to Move,Sarjapur Road,5.6,15.0,2,0,16520000,0,1,0,8
545.0,1,1,1,1,15,4,15,Independent House,Semi-Furnished,Under Construction,Sarjapur Road,4.0,24.7,1,3,2660000,1,1,1,8
2039.0,4,4,1,1,8,4,7,Apartment,Semi-Furnished,Ready to Move,Jayanagar,7.3,7.2,5,4,25710000,0,1,0,5
527.0,1,2,2,1,12,4,5,Apartment,Unfurnished,Ready to Move,Whitefield,5.0,18.5,4,0,3270000,0,2,0,9
2712.875,4,6,3,1,0,9,10,Apartment,Unfurnished,Ready to Move,Electronic City,2.7,28.9,5,2,15870000,0,2,0,1
1462.0,2,2,2,1,0,1,7,Villa,Semi-Furnished,Under Construction,Yelahanka,2.0,14.8,4,2,7920000,2,1,1,10
1009.0,2,2,2,1,0,10,15,Villa,Semi-Furnished,Under Construction,Marathahalli,3.5,10.4,3,2,7860000,2,1,1,7
620.0,1,2,0,1,1,13,15,Apartment,Furnished,Ready to Move,Jayanagar,4.5,4.5,2,2,8090000,0,0,0,5
1033.0,2,2,2,1,8,7,7,Independent House,Semi-Furnished,Ready to Move,HSR Layout,5.6,8.3,4,2,13580000,1,1,0,2
1326.0,3,3,3,1,5,3,3,Apartment,Semi-Furnished,Ready to Move,Electronic City,2.3,25.3,7,4,8020000,0,1,0,1
2517.0,4,4,2,1,11,3,5,Apartment,Unfurnished,Ready to Move,Yelahanka,0.8,15.7,4,3,12480000,0,2,0,10
1318.0,3,3,2,1,1,10,10,Independent House,Semi-Furnished,Ready to Move,Marathahalli,4.7,14.3,4,0,12420000,1,1,0,7
1695.0,3,3,1,1,3,3,3,Apartment,Unfurnished,Under Construction,Hebbal,5.0,12.2,3,1,13790000,0,2,1,3
1306.0,3,4,1,1,17,3,10,Apartment,Semi-Furnished,Ready to Move,Indiranagar,9.0,8.5,3,1,18580000,0,1,0,4
767.0,2,3,2,1,21,7,10,Apartment,Unfurnished,Ready to Move,Marathahalli,5.0,13.0,2,1,3550000,0,2,0,7
590.0,1,2,2,1,20,3,5,Independent House,Unfurnished,Ready to Move,HSR Layout,6.0,9.4,5,6,6030000,1,2,0,2
428.0,1,2,2,1,13,2,10,Apartment,Semi-Furnished,Under Construction,Sarjapur Road,2.3,15.9,2,2,2230000,0,1,1,8
1051.0,2,2,2,1,9,6,10,Independent House,Unfurnished,Ready to Move,Indiranagar,9.1,3.7,7,1,16510000,1,2,0,4
723.0,2,3,2,1,19,10,10,Independent House,Semi-Furnished,Ready to Move,Indiranagar,4.3,6.6,7,3,12440000,1,1,0,4
514.0,1,2,2,1,10,14,25,Apartment,Semi-Furnished,Under Construction,Marathahalli,3.8,16.2,7,5,2920000,0,1,1,7
677.0,2,3,1,1,24,1,5,Villa,Furnished,Ready to Move,Yelahanka,4.1,21.1,5,3,4660000,2,0,0,10
1486.0,2,3,1,1,0,1,7,Apartment,Unfurnished,Ready to Move,Whitefield,5.9,19.7,5,2,10160000,0,2,0,9
1338.0,4,4,3,1,20,9,20,Apartment,Unfurnished,Ready to Move,Hebbal,4.2,11.2,5,1,8480000,0,2,0,3
951.0,2,2,2,1,6,3,7,Independent House,Furnished,Ready to Move,HSR Layout,3.0,11.2,1,1,13370000,1,0,0,2
1720.0,3,3,3,1,0,2,7,Independent House,Unfurnished,Ready to Move,Indiranagar,4.7,3.6,3,2,31580000,1,2,0,4
1690.0,3,4,2,1,1,1,10,Apartment,Furnished,Under Construction,Whitefield,5.3,18.1,3,2,13960000,0,0,1,9
1638.0,3,3,2,1,15,4,10,Apartment,Unfurnished,Ready to Move,Electronic City,2.8,23.0,2,0,7910000,0,2,0,1
515.0,1,2,1,1,5,2,3,Apartment,Semi-Furnished,Under Construction,Jayanagar,9.7,4.8,2,0,4300000,0,1,1,5
1206.0,2,2,1,1,24,8,10,Apartment,Unfurnished,Under Construction,Whitefield,2.2,19.1,3,1,5520000,0,2,1,9
650.0,1,2,2,1,1,3,7,Apartment,Semi-Furnished,Under Construction,Jayanagar,7.2,7.8,4,3,6390000,0,1,1,5
990.0,2,2,1,1,4,1,10,Apartment,Furnished,Ready to Move,Yelahanka,5.5,16.9,3,2,5640000,0,0,0,10
995.0,2,2,2,1,3,3,10,Villa,Semi-Furnished,Under Construction,Whitefield,4.6,26.0,1,1,8460000,2,1,1,9
1314.0,3,3,2,1,5,6,10,Apartment,Semi-Furnished,Under Construction,Sarjapur Road,1.3,20.8,5,2,7400000,0,1,1,8
1145.0,3,4,1,1,8,7,10,Apartment,Unfurnished,Ready to Move,Electronic City,7.5,19.7,2,1,6620000,0,2,0,1
1746.0,3,3,2,1,8,1,7,Independent House,Furnished,Ready to Move,Marathahalli,6.4,12.8,2,1,16750000,1,0,0,7
1199.0,2,3,1,1,0,5,5,Independent House,Semi-Furnished,Under Construction,HSR Layout,6.0,5.9,4,3,15770000,1,1,1,2
782.0,2,2,1,1,0,5,7,Apartment,Unfurnished,Under Construction,Koramangala,9.2,1.1,2,0,9780000,0,2,1,6
1938.0,4,5,1,1,0,3,5,Apartment,Unfurnished,Ready to Move,Koramangala,9.2,7.8,3,1,28830000,0,2,0,6
922.0,2,2,2,1,15,3,10,Villa,Unfurnished,Under Construction,Whitefield,5.3,19.2,1,4,6420000,2,2,1,9
1390.0,3,4,1,1,3,9,10,Apartment,Unfurnished,Ready to Move,Koramangala,5.9,1.0,1,1,17330000,0,2,0,6
1418.0,3,3,1,1,3,3,5,Apartment,Furnished,Ready to Move,Marathahalli,4.5,8.2,1,3,9950000,0,0,0,7
1129.0,2,3,1,1,4,3,20,Villa,Semi-Furnished,Ready to Move,Yelahanka,5.2,11.6,3,2,7150000,2,1,0,10
808.0,2,2,1,1,15,9,10,Apartment,Unfurnished,Ready to Move,Hebbal,5.8,9.6,3,0,5680000,0,2,0,3
1163.0,3,4,1,1,0,4,5,Apartment,Semi-Furnished,Ready to Move,Sarjapur Road,4.3,18.0,3,3,8080000,0,1,0,8
686.0,1,2,0,1,1,5,5,Apartment,Semi-Furnished,Ready to Move,Whitefield,3.5,18.8,2,2,4820000,0,1,0,9
499.0,1,1,2,1,9,6,10,Apartment,Unfurnished,Ready to Move,HSR Layout,5.0,12.1,5,2,4590000,0,2,0,2
710.0,2,2,1,1,24,1,7,Apartment,Unfurnished,Ready to Move,Electronic City,1.0,19.2,2,1,2760000,0,2,0,1
857.0,2,3,2,1,8,11,20,Independent House,Unfurnished,Under Construction,HSR Layout,7.5,13.7,6,0,8170000,1,2,1,2
1307.0,3,4,0,1,2,2,10,Apartment,Semi-Furnished,Ready to Move,Jayanagar,6.3,5.6,5,2,15260000,0,1,0,5
2621.0,4,4,3,1,5,3,20,Apartment,Semi-Furnished,Under Construction,Jayanagar,4.7,7.4,5,3,28780000,0,1,1,5
1125.0,2,2,1,1,24,2,5,Apartment,Furnished,Under Construction,Electronic City,4.8,20.4,2,1,4580000,0,0,1,1
2459.0,4,4,2,1,6,10,10,Independent House,Semi-Furnished,Under Construction,Electronic City,2.5,25.1,1,1,14270000,1,1,1,1
2712.875,4,5,2,1,3,14,20,Apartment,Semi-Furnished,Ready to Move,Hebbal,3.7,8.0,3,2,33310000,0,1,0,3
2712.875,4,5,2,1,3,3,7,Apartment,Furnished,Under Construction,Hebbal,4.3,8.3,4,1,30100000,0,0,1,3
1724.0,4,5,2,1,24,4,5,Independent House,Semi-Furnished,Ready to Move,Electronic City,3.0,19.1,5,2,9530000,1,1,0,1
912.0,2,2,0,1,10,5,10,Apartment,Semi-Furnished,Ready to Move,Yelahanka,3.7,19.5,2,6,4460000,0,1,0,10
441.0,1,1,2,1,9,12,25,Apartment,Semi-Furnished,Under Construction,Banashankari,3.4,7.3,0,0,2770000,0,1,1,0
1341.0,3,4,1,1,2,1,10,Apartment,Semi-Furnished,Under Construction,Electronic City,4.8,19.2,0,0,7150000,0,1,1,1
1591.0,3,3,2,1,6,1,10,Apartment,Semi-Furnished,Ready to Move,Electronic City,4.1,21.4,2,2,9300000,0,1,0,1
2053.0,4,5,3,1,3,7,10,Apartment,Semi-Furnished,Ready to Move,Jayanagar,5.9,6.5,4,0,25910000,0,1,0,5
2712.875,4,6,3,1,2,1,3,Villa,Semi-Furnished,Ready to Move,Yelahanka,2.8,12.8,3,0,26320000,2,1,0,10
1080.0,3,3,0,1,18,7,7,Apartment,Semi-Furnished,Ready to Move,Yelahanka,2.4,16.5,3,1,5550000,0,1,0,10
1045.0,2,2,1,1,3,1,3,Apartment,Furnished,Ready to Move,Whitefield,4.4,19.6,2,4,8180000,0,0,0,9
712.0,2,3,1,1,2,7,7,Apartment,Semi-Furnished,Under Construction,Electronic City,5.6,20.5,3,2,3970000,0,1,1,1
560.0,1,2,0,1,21,11,15,Apartment,Unfurnished,Under Construction,Jayanagar,6.0,2.2,4,2,4270000,0,2,1,5
1607.0,3,3,0,1,1,2,10,Apartment,Semi-Furnished,Under Construction,Jayanagar,7.0,8.7,1,2,16900000,0,1,1,5
1339.0,3,3,1,1,10,14,25,Independent House,Furnished,Ready to Move,Koramangala,7.0,2.6,4,3,25930000,1,0,0,6
2220.0,4,4,3,1,8,5,5,Apartment,Semi-Furnished,Ready to Move,Hebbal,5.8,3.2,1,5,18640000,0,1,0,3
1131.0,3,3,2,1,20,4,7,Villa,Semi-Furnished,Ready to Move,Marathahalli,4.4,15.1,4,0,10070000,2,1,0,7
1334.0,4,4,2,1,14,9,15,Apartment,Furnished,Ready to Move,Hebbal,7.0,13.1,2,1,14450000,0,0,0,3
1555.0,3,4,1,1,9,2,5,Apartment,Semi-Furnished,Ready to Move,Hebbal,3.8,14.8,7,1,12460000,0,1,0,3
2697.0,4,5,2,1,3,4,5,Apartment,Furnished,Ready to Move,Sarjapur Road,4.7,19.2,5,3,23050000,0,0,0,8
760.0,2,2,3,1,5,3,7,Apartment,Unfurnished,Ready to Move,Indiranagar,10.0,5.4,4,3,9910000,0,2,0,4
2488.0,4,5,2,1,23,4,7,Apartment,Furnished,Under Construction,Marathahalli,3.3,12.5,3,1,14300000,0,0,1,7
1412.0,3,3,0,1,0,14,25,Apartment,Unfurnished,Ready to Move,Koramangala,7.8,2.5,7,1,19630000,0,2,0,6
696.0,2,2,1,1,12,5,10,Independent House,Semi-Furnished,Ready to Move,Marathahalli,4.3,16.0,4,3,5050000,1,1,0,7
735.0,2,2,3,1,2,3,20,Apartment,Semi-Furnished,Ready to Move,Koramangala,7.6,3.5,1,0,10360000,0,1,0,6
2006.0,4,4,1,1,1,14,20,Apartment,Semi-Furnished,Ready to Move,Sarjapur Road,3.9,13.7,3,1,14800000,0,1,0,8
505.0,1,1,2,1,2,3,5,Apartment,Furnished,Ready to Move,HSR Layout,7.3,9.0,2,0,6490000,0,0,0,2
1032.0,3,4,0,1,0,10,15,Apartment,Semi-Furnished,Ready to Move,Whitefield,4.2,19.8,1,0,8980000,0,1,0,9
628.0,2,2,0,1,24,5,7,Apartment,Unfurnished,Ready to Move,Koramangala,7.8,1.0,4,3,5130000,0,2,0,6
1162.0,3,4,2,1,16,1,3,Apartment,Semi-Furnished,Ready to Move,Whitefield,4.7,22.2,3,3,7690000,0,1,0,9
2077.0,4,4,1,1,5,4,20,Apartment,Semi-Furnished,Under Construction,Sarjapur Road,3.1,18.0,7,1,12580000,0,1,1,8
948.0,2,2,1,1,10,6,7,Villa,Semi-Furnished,Ready to Move,Sarjapur Road,3.1,13.9,4,0,7850000,2,1,0,8
854.0,2,2,1,1,6,2,7,Independent House,Unfurnished,Under Construction,Jayanagar,5.3,5.1,2,3,8470000,1,2,1,5
2712.875,4,6,3,1,13,6,7,Apartment,Unfurnished,Under Construction,Koramangala,7.9,3.7,2,4,30280000,0,2,1,6
1691.0,3,3,0,1,14,2,5,Apartment,Semi-Furnished,Ready to Move,Whitefield,5.0,22.8,1,1,12110000,0,1,0,9
2157.0,4,5,2,1,2,7,7,Independent House,Semi-Furnished,Ready to Move,Whitefield,3.9,22.8,3,1,21610000,1,1,0,9
926.0,2,3,1,1,4,3,7,Apartment,Furnished,Ready to Move,Koramangala,6.8,7.2,5,2,14550000,0,0,0,6
1126.0,2,3,1,1,8,4,7,Apartment,Unfurnished,Ready to Move,Yelahanka,2.9,17.1,1,2,5070000,0,2,0,10
767.0,2,2,3,1,24,14,20,Apartment,Furnished,Ready to Move,HSR Layout,4.8,8.0,2,3,6880000,0,0,0,2
1337.0,3,4,1,1,9,5,7,Apartment,Furnished,Ready to Move,Electronic City,3.5,19.3,3,4,9560000,0,0,0,1
911.0,2,2,0,1,18,3,3,Apartment,Unfurnished,Ready to Move,Whitefield,7.7,17.9,2,2,5960000,0,2,0,9
714.0,2,3,0,1,14,1,5,Apartment,Semi-Furnished,Under Construction,HSR Layout,5.3,9.8,2,2,5900000,0,1,1,2
503.0,1,1,2,1,6,7,15,Apartment,Semi-Furnished,Ready to Move,Jayanagar,6.4,5.9,5,2,5940000,0,1,0,5
555.0,2,2,0,1,17,5,10,Apartment,Semi-Furnished,Under Construction,Marathahalli,5.2,17.1,0,3,2650000,0,1,1,7
2712.875,4,4,1,1,3,14,25,Independent House,Semi-Furnished,Ready to Move,HSR Layout,5.3,9.2,1,3,40100000,1,1,0,2
446.0,1,1,1,1,3,1,10,Apartment,Semi-Furnished,Ready to Move,Whitefield,7.2,13.9,0,4,3450000,0,1,0,9
1844.0,3,3,1,1,12,1,5,Apartment,Unfurnished,Ready to Move,Electronic City,3.3,18.4,0,1,10040000,0,2,0,1
2015.0,4,5,0,1,1,2,5,Apartment,Unfurnished,Under Construction,HSR Layout,7.2,7.1,2,3,17890000,0,2,1,2
1057.0,2,3,2,1,2,7,10,Villa,Unfurnished,Under Construction,HSR Layout,6.4,7.1,2,1,11980000,2,2,1,2
1263.0,3,3,2,1,7,7,10,Independent House,Semi-Furnished,Ready to Move,Banashankari,6.2,1.0,4,3,11960000,1,1,0,0
2712.875,4,5,1,1,4,2,5,Villa,Unfurnished,Ready to Move,Marathahalli,2.4,18.7,5,1,26240000,2,2,0,7
2712.875,4,5,2,1,22,8,10,Apartment,Furnished,Ready to Move,Jayanagar,9.0,1.0,1,2,42680000,0,0,0,5
1076.0,2,2,2,1,24,14,20,Villa,Semi-Furnished,Ready to Move,Electronic City,3.7,20.3,3,3,6940000,2,1,0,1
1097.0,2,3,2,1,5,1,15,Villa,Semi-Furnished,Ready to Move,Indiranagar,9.7,7.0,1,2,25890000,2,1,0,4
880.0,2,3,1,1,6,9,10,Apartment,Furnished,Ready to Move,Jayanagar,5.6,7.8,0,0,12610000,0,0,0,5
1265.0,3,3,1,1,10,14,15,Apartment,Unfurnished,Ready to Move,Sarjapur Road,4.2,13.6,4,1,6290000,0,2,0,8
953.0,3,3,2,1,4,3,5,Apartment,Unfurnished,Under Construction,Sarjapur Road,2.2,21.6,5,3,4490000,0,2,1,8
1546.0,3,4,2,1,1,2,5,Villa,Furnished,Under Construction,Koramangala,9.8,7.2,6,3,33120000,2,0,1,6
1155.0,2,3,1,1,10,1,3,Apartment,Semi-Furnished,Ready to Move,Jayanagar,4.7,5.5,4,1,11480000,0,1,0,5
1257.0,2,2,1,1,10,5,5,Apartment,Unfurnished,Under Construction,Electronic City,3.6,22.1,3,2,4900000,0,2,1,1
1485.0,3,3,1,1,2,2,20,Independent House,Unfurnished,Ready to Move,Yelahanka,2.4,13.3,1,3,7990000,1,2,0,10
1185.0,3,3,1,1,14,2,5,Independent House,Furnished,Ready to Move,Marathahalli,1.7,14.8,3,1,10730000,1,0,0,7
924.0,3,3,1,1,7,2,10,Independent House,Semi-Furnished,Under Construction,Jayanagar,5.3,6.7,4,3,12160000,1,1,1,5
1147.0,2,2,1,1,2,2,10,Independent House,Unfurnished,Ready to Move,Whitefield,5.0,18.5,4,1,8600000,1,2,0,9
608.0,2,2,1,1,8,8,10,Apartment,Furnished,Under Construction,Marathahalli,2.7,15.9,1,2,3380000,0,0,1,7
885.0,2,3,2,1,2,3,10,Villa,Semi-Furnished,Ready to Move,Whitefield,3.3,21.0,3,1,9250000,2,1,0,9
907.0,2,2,0,1,2,1,10,Apartment,Furnished,Under Construction,Electronic City,3.9,31.6,1,0,5400000,0,0,1,1
936.0,2,3,2,1,15,2,7,Independent House,Unfurnished,Under Construction,Koramangala,9.4,1.3,2,0,11520000,1,2,1,6
553.0,1,1,2,1,21,6,20,Apartment,Semi-Furnished,Ready to Move,Sarjapur Road,4.7,22.0,0,3,2730000,0,1,0,8
976.0,2,2,1,1,2,2,3,Independent House,Unfurnished,Under Construction,HSR Layout,6.3,7.4,5,1,9630000,1,2,1,2
300.0,1,1,1,1,21,1,3,Villa,Semi-Furnished,Under Construction,Electronic City,3.7,23.6,5,0,1590000,2,1,1,1
952.0,2,2,2,1,2,1,10,Independent House,Unfurnished,Ready to Move,Yelahanka,3.2,8.2,3,1,4860000,1,2,0,10
775.0,3,4,1,1,0,1,7,Apartment,Semi-Furnished,Ready to Move,HSR Layout,4.8,8.5,5,2,9730000,0,1,0,2
1089.0,2,2,2,1,0,6,7,Apartment,Unfurnished,Under Construction,Jayanagar,7.1,7.4,1,3,8450000,0,2,1,5
1244.0,3,3,2,1,2,12,25,Independent House,Unfurnished,Ready to Move,Electronic City,1.8,22.7,4,2,8060000,1,2,0,1
796.0,3,4,2,1,3,5,15,Apartment,Furnished,Under Construction,Whitefield,5.3,14.0,7,5,5780000,0,0,1,9
1172.0,3,3,2,1,20,14,20,Independent House,Unfurnished,Ready to Move,Hebbal,5.2,10.8,2,1,8270000,1,2,0,3
2480.0,4,5,2,1,2,6,7,Apartment,Semi-Furnished,Ready to Move,Whitefield,1.1,24.4,2,3,22160000,0,1,0,9
680.0,1,1,1,1,3,2,5,Villa,Semi-Furnished,Under Construction,Indiranagar,10.0,8.1,4,2,12080000,2,1,1,4
1455.0,3,3,3,1,10,11,15,Apartment,Semi-Furnished,Ready to Move,Jayanagar,5.9,8.9,2,3,16840000,0,1,0,5
2712.875,4,5,1,1,2,3,15,Villa,Furnished,Ready to Move,Marathahalli,3.1,21.1,5,0,36730000,2,0,0,7
2472.0,4,4,1,1,9,9,10,Villa,Furnished,Ready to Move,Sarjapur Road,5.1,12.8,4,1,20800000,2,0,0,8
931.0,2,3,1,1,4,14,20,Apartment,Furnished,Under Construction,HSR Layout,6.1,8.8,2,0,11080000,0,0,1,2
1093.0,2,3,2,1,1,10,25,Apartment,Furnished,Ready to Move,Whitefield,5.2,20.1,3,2,8550000,0,0,0,9
1079.0,2,2,1,1,10,7,10,Apartment,Furnished,Ready to Move,Sarjapur Road,2.7,15.8,5,2,7930000,0,0,0,8
1039.0,3,3,3,1,0,3,5,Apartment,Semi-Furnished,Ready to Move,Jayanagar,7.9,6.4,2,3,13550000,0,1,0,5
1812.0,3,3,1,1,2,4,10,Apartment,Semi-Furnished,Ready to Move,Hebbal,5.3,15.9,5,2,16420000,0,1,0,3
680.0,2,2,2,1,3,13,25,Villa,Semi-Furnished,Ready to Move,Hebbal,5.6,12.3,3,6,6850000,2,1,0,3
1656.0,3,3,1,1,4,1,7,Apartment,Unfurnished,Ready to Move,Hebbal,4.7,5.4,2,5,15330000,0,2,0,3
975.0,3,4,1,1,9,4,10,Apartment,Semi-Furnished,Ready to Move,Indiranagar,10.0,7.0,3,2,16410000,0,1,0,4
1064.0,2,3,0,1,4,10,10,Apartment,Semi-Furnished,Ready to Move,Electronic City,6.1,22.0,2,2,6000000,0,1,0,1
2712.875,4,4,1,1,7,5,5,Apartment,Semi-Furnished,Ready to Move,Hebbal,1.7,5.5,1,4,27550000,0,1,0,3
1340.0,3,4,1,1,7,10,10,Apartment,Semi-Furnished,Ready to Move,Indiranagar,10.0,3.2,2,2,21570000,0,1,0,4
521.0,1,1,3,1,3,6,7,Independent House,Unfurnished,Ready to Move,Koramangala,6.4,1.0,3,1,6780000,1,2,0,6
1570.0,3,3,1,1,21,14,20,Independent House,Semi-Furnished,Ready to Move,Hebbal,5.8,11.1,4,0,12330000,1,1,0,3
887.0,2,2,2,1,24,7,15,Apartment,Furnished,Under Construction,Yelahanka,0.3,14.5,2,1,3550000,0,0,1,10
1909.0,3,3,1,1,6,3,15,Apartment,Semi-Furnished,Ready to Move,Indiranagar,9.3,1.0,0,2,28680000,0,1,0,4
2712.875,4,6,0,1,0,1,5,Independent House,Unfurnished,Ready to Move,Whitefield,3.1,20.8,2,2,23840000,1,2,0,9
1871.0,4,4,1,1,5,3,3,Apartment,Semi-Furnished,Ready to Move,Electronic City,2.6,18.8,2,2,12190000,0,1,0,1
847.0,2,2,0,1,1,5,20,Apartment,Furnished,Ready to Move,Hebbal,4.4,16.0,2,3,9590000,0,0,0,3
772.0,2,3,2,1,5,3,7,Apartment,Furnished,Ready to Move,Yelahanka,1.9,16.5,4,1,4570000,0,0,0,10
830.0,2,2,2,1,1,4,5,Apartment,Furnished,Ready to Move,HSR Layout,5.3,9.2,0,1,9550000,0,0,0,2
1301.0,3,3,1,1,9,3,3,Independent House,Unfurnished,Ready to Move,Whitefield,3.7,23.8,6,1,9060000,1,2,0,9
857.0,2,2,2,1,0,1,10,Villa,Semi-Furnished,Ready to Move,Yelahanka,2.8,16.8,5,4,5890000,2,1,0,10
1215.0,3,3,0,1,24,5,5,Apartment,Furnished,Ready to Move,Electronic City,3.8,23.0,3,2,7540000,0,0,0,1
780.0,1,2,2,1,1,2,10,Apartment,Semi-Furnished,Ready to Move,Jayanagar,9.5,5.8,3,0,8370000,0,1,0,5
754.0,2,2,2,1,8,1,15,Independent House,Unfurnished,Under Construction,Banashankari,3.2,7.1,1,2,5260000,1,2,1,0
977.0,2,3,2,1,19,6,10,Independent House,Unfurnished,Ready to Move,Whitefield,4.5,21.2,4,1,6600000,1,2,0,9
2712.875,4,5,1,1,2,5,20,Villa,Furnished,Under Construction,Marathahalli,5.2,18.6,2,2,31210000,2,0,1,7
1576.0,3,3,1,1,21,4,5,Villa,Semi-Furnished,Ready to Move,Whitefield,3.3,9.7,2,0,13980000,2,1,0,9
938.0,2,2,1,1,3,1,10,Apartment,Furnished,Ready to Move,Electronic City,0.0,27.6,1,2,5870000,0,0,0,1
523.0,1,2,3,1,24,5,5,Independent House,Unfurnished,Ready to Move,Hebbal,2.1,9.0,2,1,3840000,1,2,0,3
1526.0,3,3,3,1,24,7,20,Independent House,Furnished,Ready to Move,Indiranagar,5.3,5.6,7,3,23230000,1,0,0,4
1000.0,2,3,1,1,1,14,20,Apartment,Unfurnished,Ready to Move,Banashankari,7.0,2.8,3,0,6710000,0,2,0,0
1327.0,3,3,2,1,14,4,7,Villa,Unfurnished,Ready to Move,Jayanagar,7.6,10.5,1,1,16960000,2,2,0,5
1375.0,4,4,3,1,1,6,7,Apartment,Semi-Furnished,Ready to Move,Electronic City,4.5,17.9,0,1,8280000,0,1,0,1
1268.0,3,3,1,1,2,5,7,Apartment,Semi-Furnished,Ready to Move,HSR Layout,7.8,13.4,1,1,14260000,0,1,0,2
1078.0,3,4,2,1,0,14,20,Apartment,Semi-Furnished,Under Construction,Electronic City,2.5,21.3,3,4,5150000,0,1,1,1
1213.0,3,3,1,1,1,7,10,Apartment,Furnished,Ready to Move,Electronic City,6.8,21.5,4,2,9650000,0,0,0,1
2013.0,4,4,1,1,8,7,20,Apartment,Unfurnished,Ready to Move,Whitefield,4.8,16.2,4,2,13850000,0,2,0,9
2143.0,4,4,1,1,4,5,5,Apartment,Unfurnished,Ready to Move,Electronic City,3.2,25.7,2,3,14290000,0,2,0,1
1898.0,3,4,1,1,12,4,10,Apartment,Semi-Furnished,Under Construction,Indiranagar,10.0,4.6,0,1,24390000,0,1,1,4
847.0,2,3,2,1,3,6,10,Apartment,Furnished,Ready to Move,Sarjapur Road,4.7,20.2,3,2,5780000,0,0,0,8
1616.0,3,4,1,1,24,14,20,Apartment,Furnished,Ready to Move,Marathahalli,6.0,7.8,4,2,11820000,0,0,0,7
1008.0,2,2,0,1,0,3,7,Apartment,Semi-Furnished,Under Construction,Sarjapur Road,5.8,15.3,0,2,6400000,0,1,1,8
1762.0,3,4,1,1,0,4,7,Villa,Semi-Furnished,Ready to Move,Whitefield,3.8,20.8,1,2,16990000,2,1,0,9
1561.0,3,4,2,1,9,14,20,Apartment,Unfurnished,Ready to Move,HSR Layout,6.6,5.3,2,1,16760000,0,2,0,2
758.0,2,2,1,1,17,3,3,Apartment,Unfurnished,Ready to Move,Marathahalli,2.6,15.1,2,1,3600000,0,2,0,7
622.0,2,2,2,1,12,9,10,Independent House,Semi-Furnished,Ready to Move,Indiranagar,6.2,3.0,0,2,10160000,1,1,0,4
1487.0,3,3,0,1,5,2,10,Villa,Furnished,Ready to Move,Whitefield,5.6,17.7,4,1,15750000,2,0,0,9
1788.0,4,4,2,1,2,5,5,Independent House,Semi-Furnished,Ready to Move,Hebbal,6.4,13.5,2,2,20170000,1,1,0,3
1125.0,3,4,3,1,0,6,7,Apartment,Semi-Furnished,Ready to Move,Sarjapur Road,0.7,18.5,3,2,7250000,0,1,0,8
1045.0,3,4,1,1,5,3,15,Apartment,Semi-Furnished,Under Construction,Jayanagar,5.6,2.6,6,1,10080000,0,1,1,5
980.0,2,3,2,1,5,4,7,Villa,Semi-Furnished,Under Construction,Whitefield,4.4,23.4,1,2,8590000,2,1,1,9
1822.0,3,3,3,1,3,7,7,Apartment,Furnished,Ready to Move,Sarjapur Road,3.9,19.5,2,2,12240000,0,0,0,8
872.0,2,2,2,1,6,6,15,Apartment,Semi-Furnished,Under Construction,Marathahalli,7.1,8.0,1,4,6010000,0,1,1,7
1565.0,3,3,2,1,10,4,25,Apartment,Unfurnished,Ready to Move,Hebbal,4.1,11.1,1,2,12140000,0,2,0,3
538.0,1,1,2,1,9,13,15,Independent House,Furnished,Ready to Move,Sarjapur Road,3.4,19.1,5,2,4470000,1,0,0,8
1038.0,3,4,1,1,2,8,15,Apartment,Semi-Furnished,Ready to Move,Hebbal,6.0,11.7,7,1,10740000,0,1,0,3
1089.0,2,2,2,1,7,3,20,Independent House,Semi-Furnished,Under Construction,Jayanagar,6.1,1.0,0,4,12880000,1,1,1,5
742.0,2,3,2,1,1,8,15,Independent House,Furnished,Ready to Move,Koramangala,7.2,4.2,2,3,11770000,1,0,0,6
2712.875,4,6,1,1,1,3,25,Apartment,Unfurnished,Ready to Move,Marathahalli,3.1,16.3,2,2,16900000,0,2,0,7
885.0,2,3,2,1,12,14,15,Villa,Semi-Furnished,Ready to Move,Marathahalli,4.3,13.8,1,5,6920000,2,1,0,7
1119.0,2,2,2,1,9,5,10,Villa,Semi-Furnished,Ready to Move,Sarjapur Road,3.4,18.2,4,4,8560000,2,1,0,8
1103.0,3,4,1,1,11,2,10,Independent House,Semi-Furnished,Under Construction,Koramangala,9.0,7.1,2,1,16910000,1,1,1,6
2156.0,4,5,2,1,1,6,20,Apartment,Furnished,Ready to Move,Koramangala,8.5,1.0,2,3,34280000,0,0,0,6
790.0,2,3,1,1,19,7,10,Independent House,Semi-Furnished,Ready to Move,Yelahanka,0.0,18.2,6,1,3600000,1,1,0,10
1256.0,3,4,2,1,1,8,15,Apartment,Semi-Furnished,Ready to Move,Sarjapur Road,1.0,19.0,3,2,7910000,0,1,0,8
545.0,4,5,1,1,16,5,5,Independent House,Furnished,Ready to Move,Yelahanka,2.2,11.1,4,3,3510000,1,0,0,10
1347.0,2,2,3,1,3,4,20,Apartment,Unfurnished,Ready to Move,Sarjapur Road,5.1,20.1,3,4,7790000,0,2,0,8
1054.0,2,3,1,1,0,1,7,Apartment,Semi-Furnished,Ready to Move,Marathahalli,3.0,19.4,1,1,6520000,0,1,0,7
804.0,2,3,2,1,2,2,5,Independent House,Furnished,Ready to Move,Marathahalli,4.6,15.0,3,3,8110000,1,0,0,7
1550.0,4,5,3,1,1,14,15,Independent House,Furnished,Ready to Move,Yelahanka,3.9,17.7,4,1,12300000,1,0,0,10
495.0,1,2,0,1,5,6,7,Apartment,Semi-Furnished,Ready to Move,Marathahalli,4.8,10.8,2,4,3170000,0,1,0,7
1086.0,2,2,2,1,23,4,5,Apartment,Semi-Furnished,Ready to Move,Marathahalli,3.2,12.1,6,2,6250000,0,1,0,7
870.0,3,3,0,1,3,2,7,Apartment,Unfurnished,Ready to Move,Koramangala,6.3,1.0,5,2,9890000,0,2,0,6
1360.0,3,3,2,1,7,3,3,Independent House,Furnished,Ready to Move,Indiranagar,6.7,6.2,6,2,28440000,1,0,0,4
1286.0,2,2,2,1,17,3,3,Independent House,Semi-Furnished,Ready to Move,Sarjapur Road,8.1,16.4,1,2,8630000,1,1,0,8
1082.0,3,3,3,1,7,4,10,Independent House,Semi-Furnished,Under Construction,HSR Layout,7.0,8.3,4,2,12820000,1,1,1,2
965.0,2,2,2,1,3,4,20,Apartment,Unfurnished,Ready to Move,HSR Layout,9.1,12.1,1,1,10190000,0,2,0,2
1368.0,2,2,0,1,24,7,7,Apartment,Semi-Furnished,Ready to Move,Electronic City,2.1,27.0,1,1,6230000,0,1,0,1
1577.0,3,4,0,1,1,7,10,Villa,Unfurnished,Ready to Move,HSR Layout,8.2,9.7,6,3,22660000,2,2,0,2
2050.0,4,4,2,1,5,1,15,Independent House,Furnished,Ready to Move,HSR Layout,4.8,5.3,3,0,29270000,1,0,0,2
1046.0,2,2,1,1,12,7,7,Apartment,Furnished,Under Construction,Indiranagar,8.6,5.1,7,2,16710000,0,0,1,4
1839.0,4,4,1,1,0,9,10,Independent House,Unfurnished,Ready to Move,Yelahanka,2.6,16.6,5,2,12380000,1,2,0,10
1763.0,3,3,0,1,9,5,7,Apartment,Semi-Furnished,Under Construction,Jayanagar,5.3,8.5,3,1,18060000,0,1,1,5
506.0,1,1,2,1,2,3,10,Apartment,Semi-Furnished,Ready to Move,Koramangala,6.7,3.0,7,2,7530000,0,1,0,6
851.0,3,3,0,1,1,2,5,Apartment,Furnished,Under Construction,Whitefield,4.3,22.6,5,1,6830000,0,0,1,9
506.0,1,2,2,1,2,4,25,Apartment,Furnished,Under Construction,Sarjapur Road,2.8,20.2,2,0,2920000,0,0,1,8
2258.0,4,5,2,1,24,1,3,Apartment,Furnished,Under Construction,Electronic City,3.5,21.1,1,2,11170000,0,0,1,1
1887.0,4,5,2,1,17,9,10,Apartment,Semi-Furnished,Ready to Move,Hebbal,3.7,14.5,3,2,13640000,0,1,0,3
900.0,2,3,0,1,1,2,7,Apartment,Unfurnished,Under Construction,Marathahalli,5.1,16.8,3,1,4800000,0,2,1,7
1177.0,2,3,0,1,0,6,10,Independent House,Semi-Furnished,Ready to Move,Hebbal,4.3,8.7,2,2,10790000,1,1,0,3
1082.0,2,2,1,1,3,3,7,Apartment,Furnished,Ready to Move,HSR Layout,8.8,12.9,1,1,16100000,0,0,0,2
1000.0,2,2,3,1,7,6,7,Apartment,Unfurnished,Ready to Move,Sarjapur Road,3.6,17.6,2,2,5220000,0,2,0,8
949.0,2,2,1,1,16,4,7,Apartment,Unfurnished,Ready to Move,HSR Layout,6.2,9.3,3,2,9090000,0,2,0,2
748.0,2,2,1,1,24,4,5,Apartment,Furnished,Ready to Move,Yelahanka,5.4,15.7,3,1,3170000,0,0,0,10
789.0,3,3,0,1,11,9,15,Independent House,Furnished,Under Construction,Marathahalli,3.3,17.7,3,1,6080000,1,0,1,7
971.0,2,3,2,1,7,1,5,Apartment,Unfurnished,Under Construction,Electronic City,2.7,25.7,6,4,3980000,0,2,1,1
2317.0,4,4,2,1,1,13,15,Independent House,Furnished,Ready to Move,HSR Layout,5.3,11.4,4,1,36800000,1,0,0,2
1956.0,4,4,0,1,0,8,10,Villa,Unfurnished,Ready to Move,Koramangala,8.3,4.8,2,1,35560000,2,2,0,6
1250.0,3,3,1,1,7,2,3,Apartment,Unfurnished,Ready to Move,Sarjapur Road,2.6,17.7,3,0,7350000,0,2,0,8
2185.0,4,5,2,1,6,4,5,Apartment,Semi-Furnished,Ready to Move,HSR Layout,7.5,18.1,5,1,29800000,0,1,0,2
934.0,2,3,1,1,14,6,20,Apartment,Furnished,Ready to Move,Marathahalli,3.9,11.9,2,2,6660000,0,0,0,7
735.0,1,1,2,1,3,7,10,Apartment,Semi-Furnished,Under Construction,HSR Layout,7.6,8.7,3,1,6720000,0,1,1,2
1745.0,3,3,2,1,0,4,5,Villa,Semi-Furnished,Under Construction,Marathahalli,5.1,14.9,3,2,13970000,2,1,1,7
1668.0,3,3,2,1,4,4,15,Apartment,Unfurnished,Ready to Move,Hebbal,4.2,9.3,4,1,12940000,0,2,0,3
1612.0,3,4,2,1,24,10,15,Apartment,Semi-Furnished,Under Construction,Sarjapur Road,2.6,21.1,2,2,6500000,0,1,1,8
1483.0,4,5,2,1,12,3,7,Apartment,Semi-Furnished,Ready to Move,Sarjapur Road,3.2,13.6,2,3,9090000,0,1,0,8
2712.875,4,6,3,1,0,10,10,Apartment,Furnished,Ready to Move,Koramangala,8.0,1.9,2,5,73640000,0,0,0,6
1505.0,3,3,1,1,16,6,7,Apartment,Furnished,Ready to Move,Whitefield,4.8,18.8,7,1,13890000,0,0,0,9
1569.0,3,4,1,1,5,3,3,Apartment,Unfurnished,Ready to Move,Sarjapur Road,4.3,15.0,4,1,9520000,0,2,0,8
604.0,1,2,2,1,3,2,7,Apartment,Semi-Furnished,Ready to Move,Electronic City,3.3,25.1,3,2,3540000,0,1,0,1
1036.0,2,3,1,1,3,13,15,Apartment,Unfurnished,Ready to Move,Indiranagar,7.6,1.1,5,2,13700000,0,2,0,4
2156.0,3,3,3,1,7,4,10,Villa,Furnished,Ready to Move,Whitefield,3.5,17.1,5,1,22520000,2,0,0,9
935.0,2,2,0,1,6,3,7,Independent House,Unfurnished,Ready to Move,HSR Layout,4.8,8.0,4,2,9890000,1,2,0,2
1127.0,2,2,3,1,8,4,7,Apartment,Unfurnished,Under Construction,Whitefield,3.4,22.5,1,4,5940000,0,2,1,9
860.0,2,2,2,1,6,8,10,Apartment,Semi-Furnished,Under Construction,Yelahanka,3.8,20.4,4,1,4200000,0,1,1,10
1621.0,3,4,2,1,1,7,7,Independent House,Unfurnished,Ready to Move,HSR Layout,7.2,11.6,3,5,18280000,1,2,0,2
1128.0,2,3,1,1,2,7,10,Apartment,Semi-Furnished,Ready to Move,Jayanagar,9.0,2.1,2,0,14200000,0,1,0,5
1502.0,3,3,3,1,14,3,3,Apartment,Semi-Furnished,Ready to Move,Whitefield,3.6,18.1,7,2,11790000,0,1,0,9
1267.0,2,2,1,1,8,9,15,Apartment,Semi-Furnished,Ready to Move,Marathahalli,3.5,18.7,7,3,8600000,0,1,0,7
452.0,1,1,1,1,4,4,5,Villa,Semi-Furnished,Under Construction,Electronic City,0.0,22.1,2,1,2520000,2,1,1,1
857.0,2,3,0,1,1,8,10,Apartment,Furnished,Ready to Move,Yelahanka,1.6,11.7,1,1,5350000,0,0,0,10
990.0,2,2,3,1,0,2,7,Independent House,Semi-Furnished,Ready to Move,Yelahanka,1.6,22.6,7,1,5960000,1,1,0,10
2352.0,4,4,1,1,2,14,15,Villa,Furnished,Ready to Move,Electronic City,4.1,20.3,4,3,23550000,2,0,0,1
569.0,1,1,2,1,0,3,15,Independent House,Unfurnished,Ready to Move,Yelahanka,5.7,15.8,3,1,3190000,1,2,0,10
1194.0,2,2,2,1,5,4,5,Villa,Unfurnished,Ready to Move,Banashankari,5.5,5.9,4,1,9780000,2,2,0,0
1214.0,3,4,2,1,13,9,10,Apartment,Semi-Furnished,Ready to Move,Hebbal,6.5,9.1,3,0,10360000,0,1,0,3
1080.0,3,4,2,1,2,1,5,Apartment,Unfurnished,Ready to Move,Hebbal,3.9,15.9,5,0,8970000,0,2,0,3
583.0,1,1,2,1,15,2,5,Independent House,Semi-Furnished,Under Construction,HSR Layout,4.5,10.6,2,3,5550000,1,1,1,2
541.0,1,2,2,1,9,5,20,Independent House,Furnished,Under Construction,Marathahalli,3.6,14.9,1,1,4030000,1,0,1,7
2712.875,4,5,2,1,1,1,5,Apartment,Semi-Furnished,Ready to Move,Whitefield,3.4,16.2,2,1,25300000,0,1,0,9
1392.0,3,4,1,1,8,5,5,Independent House,Semi-Furnished,Ready to Move,Whitefield,3.0,19.1,3,0,10890000,1,1,0,9
885.0,2,2,0,1,1,4,5,Apartment,Furnished,Ready to Move,Banashankari,5.0,6.1,5,3,7100000,0,0,0,0
1379.0,3,3,0,1,8,3,10,Apartment,Unfurnished,Under Construction,Electronic City,1.6,19.5,4,1,6460000,0,2,1,1
955.0,2,2,1,1,1,8,20,Apartment,Semi-Furnished,Ready to Move,Sarjapur Road,4.9,19.4,1,3,6040000,0,1,0,8
892.0,2,2,1,1,3,4,7,Apartment,Unfurnished,Ready to Move,Hebbal,4.4,11.0,0,1,7030000,0,2,0,3
1343.0,3,3,2,1,6,4,10,Apartment,Unfurnished,Under Construction,Hebbal,4.9,14.1,4,1,9040000,0,2,1,3
1838.0,4,5,3,1,0,7,7,Apartment,Unfurnished,Ready to Move,Banashankari,4.8,10.2,4,2,15390000,0,2,0,0
1112.0,2,3,1,1,1,4,7,Apartment,Furnished,Ready to Move,HSR Layout,5.6,8.7,3,2,15380000,0,0,0,2
2077.0,4,4,2,1,3,6,10,Apartment,Unfurnished,Ready to Move,Whitefield,6.2,21.4,1,2,15060000,0,2,0,9
1378.0,2,3,1,1,4,2,10,Apartment,Semi-Furnished,Ready to Move,Electronic City,0.9,20.6,1,1,7780000,0,1,0,1
980.0,2,2,1,1,15,6,7,Independent House,Unfurnished,Ready to Move,Koramangala,9.9,1.6,5,2,13570000,1,2,0,6
489.0,1,2,2,1,1,14,20,Apartment,Semi-Furnished,Ready to Move,Whitefield,3.8,16.8,4,2,2890000,0,1,0,9
1457.0,2,2,3,1,3,1,3,Apartment,Semi-Furnished,Ready to Move,Electronic City,4.7,22.3,5,1,8020000,0,1,0,1
2165.0,4,5,0,1,5,1,3,Apartment,Semi-Furnished,Ready to Move,Hebbal,5.3,9.8,3,0,21630000,0,1,0,3
1677.0,3,3,1,1,2,9,25,Apartment,Semi-Furnished,Under Construction,Jayanagar,7.9,10.1,4,0,16220000,0,1,1,5
615.0,1,1,0,1,7,13,15,Independent House,Furnished,Ready to Move,Electronic City,3.2,26.9,5,1,4480000,1,0,0,1
2712.875,4,5,1,1,2,3,15,Apartment,Semi-Furnished,Ready to Move,Marathahalli,4.4,15.4,3,3,25050000,0,1,0,7
2214.0,4,4,2,1,11,5,10,Independent House,Unfurnished,Ready to Move,HSR Layout,8.0,10.7,4,5,26040000,1,2,0,2
1091.0,3,4,2,1,5,2,7,Apartment,Furnished,Ready to Move,Whitefield,4.5,20.1,0,6,9560000,0,0,0,9
2147.0,4,4,2,1,0,3,10,Apartment,Furnished,Ready to Move,Sarjapur Road,5.7,25.1,1,1,18740000,0,0,0,8
698.0,2,2,1,1,7,1,3,Apartment,Semi-Furnished,Ready to Move,Marathahalli,4.5,19.9,1,2,4520000,0,1,0,7
1930.0,4,4,3,1,6,5,15,Apartment,Semi-Furnished,Under Construction,Sarjapur Road,2.6,17.4,7,1,10090000,0,1,1,8
1196.0,3,3,1,1,3,7,10,Apartment,Unfurnished,Ready to Move,Whitefield,3.8,19.4,2,5,9080000,0,2,0,9
2142.0,4,5,2,1,0,13,25,Apartment,Semi-Furnished,Ready to Move,Hebbal,6.3,13.0,3,2,23990000,0,1,0,3
1493.0,3,3,1,1,1,6,10,Apartment,Semi-Furnished,Ready to Move,Marathahalli,2.1,10.5,4,4,9210000,0,1,0,7
1041.0,2,3,2,1,4,2,5,Apartment,Furnished,Ready to Move,Jayanagar,7.9,1.0,3,1,13260000,0,0,0,5
1480.0,3,3,2,1,1,9,10,Independent House,Unfurnished,Ready to Move,Marathahalli,3.5,10.0,6,1,12270000,1,2,0,7
834.0,2,3,3,1,6,1,3,Apartment,Semi-Furnished,Under Construction,Hebbal,3.1,11.1,1,1,5650000,0,1,1,3
900.0,2,3,1,1,9,9,15,Apartment,Semi-Furnished,Ready to Move,Marathahalli,4.3,11.2,3,3,6060000,0,1,0,7
1124.0,2,3,2,1,15,5,10,Apartment,Semi-Furnished,Ready to Move,Marathahalli,2.9,18.4,3,1,6900000,0,1,0,7
2427.0,4,5,2,1,8,3,7,Apartment,Semi-Furnished,Ready to Move,Banashankari,3.8,3.6,3,0,21630000,0,1,0,0
732.0,2,2,2,1,9,14,25,Apartment,Furnished,Under Construction,Sarjapur Road,2.7,14.0,3,5,4160000,0,0,1,8
971.0,3,4,1,1,7,7,20,Independent House,Semi-Furnished,Under Construction,Indiranagar,8.8,1.0,3,1,13390000,1,1,1,4
811.0,2,3,0,1,24,14,25,Independent House,Furnished,Ready to Move,Sarjapur Road,3.1,16.1,3,2,5300000,1,0,0,8
2712.875,4,6,1,1,2,2,5,Apartment,Unfurnished,Ready to Move,Electronic City,3.9,20.8,3,0,21550000,0,2,0,1
1180.0,2,3,1,1,2,9,15,Apartment,Unfurnished,Under Construction,HSR Layout,7.9,9.8,5,6,11120000,0,2,1,2
1141.0,3,4,2,1,1,3,20,Apartment,Furnished,Under Construction,Marathahalli,4.8,13.9,3,4,7910000,0,0,1,7
2122.0,4,4,2,1,5,8,10,Villa,Unfurnished,Ready to Move,Yelahanka,5.7,14.1,2,2,13700000,2,2,0,10
1298.0,2,2,0,1,0,1,5,Apartment,Semi-Furnished,Ready to Move,Yelahanka,6.1,12.8,1,1,6910000,0,1,0,10
1028.0,2,2,3,1,2,10,15,Apartment,Semi-Furnished,Ready to Move,Electronic City,2.9,23.3,3,3,6280000,0,1,0,1
1798.0,3,4,1,1,5,11,20,Apartment,Semi-Furnished,Ready to Move,Jayanagar,4.9,3.3,2,3,21820000,0,1,0,5
2399.0,4,4,1,1,24,4,15,Villa,Semi-Furnished,Under Construction,HSR Layout,5.9,12.3,2,5,26800000,2,1,1,2
1145.0,3,3,1,1,24,2,7,Apartment,Semi-Furnished,Under Construction,Banashankari,4.8,3.6,2,2,6990000,0,1,1,0
913.0,2,2,2,1,10,2,5,Apartment,Furnished,Under Construction,Banashankari,8.0,5.8,3,3,6660000,0,0,1,0
2013.0,4,4,2,1,3,5,10,Villa,Unfurnished,Ready to Move,Marathahalli,3.4,20.1,0,0,20500000,2,2,0,7
969.0,2,3,1,1,16,7,10,Apartment,Semi-Furnished,Ready to Move,Hebbal,5.4,18.5,5,5,6350000,0,1,0,3
1656.0,3,4,2,1,16,1,10,Independent House,Semi-Furnished,Ready to Move,Sarjapur Road,2.6,13.9,1,1,12760000,1,1,0,8
2163.0,4,4,1,1,19,4,5,Apartment,Semi-Furnished,Under Construction,Marathahalli,3.5,17.6,4,4,11190000,0,1,1,7
392.0,2,2,1,1,8,3,5,Independent House,Unfurnished,Ready to Move,Whitefield,2.5,24.8,6,1,2740000,1,2,0,9
1032.0,3,3,1,1,1,4,7,Villa,Semi-Furnished,Under Construction,Indiranagar,6.5,8.2,1,0,17140000,2,1,1,4
787.0,3,3,1,1,0,6,7,Apartment,Unfurnished,Ready to Move,Marathahalli,6.0,13.8,1,3,5560000,0,2,0,7
2070.0,4,4,2,1,19,10,10,Villa,Semi-Furnished,Ready to Move,Marathahalli,5.6,8.2,1,1,18460000,2,1,0,7
995.0,2,2,2,1,0,6,7,Apartment,Semi-Furnished,Under Construction,Electronic City,2.8,22.3,5,0,4810000,0,1,1,1
1003.0,2,2,1,1,2,1,10,Independent House,Unfurnished,Under Construction,Yelahanka,4.6,17.2,3,4,4240000,1,2,1,10
1616.0,4,4,1,1,5,3,15,Apartment,Semi-Furnished,Under Construction,Koramangala,6.0,4.7,3,2,22360000,0,1,1,6
624.0,1,2,0,1,0,1,5,Villa,Semi-Furnished,Ready to Move,Jayanagar,6.4,7.4,1,3,8760000,2,1,0,5
1086.0,2,2,1,1,18,14,20,Apartment,Unfurnished,Under Construction,Sarjapur Road,3.9,15.6,1,2,4890000,0,2,1,8
2097.0,4,5,1,1,2,1,15,Independent House,Semi-Furnished,Ready to Move,Sarjapur Road,5.6,16.5,5,2,16980000,1,1,0,8
671.0,2,2,1,1,0,3,10,Apartment,Furnished,Ready to Move,Marathahalli,4.3,6.8,4,4,5610000,0,0,0,7
2712.875,4,6,2,1,24,14,20,Independent House,Furnished,Under Construction,HSR Layout,7.2,12.7,5,2,29280000,1,0,1,2
1290.0,2,2,1,1,2,2,7,Independent House,Semi-Furnished,Ready to Move,Koramangala,7.3,1.3,5,0,22320000,1,1,0,6
1272.0,2,2,1,1,16,6,7,Apartment,Unfurnished,Ready to Move,Marathahalli,4.4,13.3,7,2,6650000,0,2,0,7
1557.0,3,3,3,1,4,3,3,Independent House,Unfurnished,Ready to Move,Marathahalli,5.9,14.8,6,1,12170000,1,2,0,7
1195.0,3,4,1,1,8,2,10,Independent House,Furnished,Ready to Move,Koramangala,5.6,2.3,3,2,22520000,1,0,0,6
1648.0,3,4,1,1,2,2,10,Apartment,Semi-Furnished,Under Construction,Sarjapur Road,5.4,14.8,4,1,8130000,0,1,1,8
1273.0,3,4,1,1,5,7,10,Apartment,Unfurnished,Under Construction,Indiranagar,8.4,5.8,2,3,15930000,0,2,1,4
1692.0,4,4,1,1,2,1,3,Apartment,Semi-Furnished,Ready to Move,Marathahalli,1.9,8.6,2,2,12930000,0,1,0,7
542.0,2,3,1,1,24,3,3,Apartment,Furnished,Ready to Move,Hebbal,4.6,14.3,4,0,4130000,0,0,0,3
969.0,2,3,1,1,0,7,7,Apartment,Semi-Furnished,Under Construction,Koramangala,9.9,6.0,3,2,14540000,0,1,1,6
830.0,2,2,2,1,2,3,5,Apartment,Furnished,Ready to Move,Whitefield,3.6,18.4,2,3,6470000,0,0,0,9
1427.0,3,4,2,1,17,10,15,Apartment,Unfurnished,Ready to Move,Sarjapur Road,4.1,16.5,3,1,7970000,0,2,0,8
513.0,2,2,2,1,5,8,10,Apartment,Semi-Furnished,Ready to Move,Marathahalli,1.6,11.0,4,0,3950000,0,1,0,7
982.0,2,2,1,1,7,6,7,Apartment,Semi-Furnished,Ready to Move,Sarjapur Road,0.9,16.9,4,2,6710000,0,1,0,8
719.0,3,4,1,1,8,3,3,Independent House,Semi-Furnished,Ready to Move,Hebbal,3.4,11.4,3,2,6490000,1,1,0,3
669.0,1,2,1,1,0,5,5,Villa,Semi-Furnished,Ready to Move,Hebbal,6.5,11.0,2,5,7650000,2,1,0,3
607.0,1,1,0,1,0,6,10,Apartment,Semi-Furnished,Ready to Move,Banashankari,4.6,12.3,3,4,4540000,0,1,0,0
1321.0,3,3,1,1,22,14,25,Villa,Semi-Furnished,Ready to Move,Jayanagar,8.3,1.0,1,3,17210000,2,1,0,5
1056.0,2,3,1,1,2,2,7,Villa,Unfurnished,Ready to Move,Indiranagar,10.0,2.3,4,3,19920000,2,2,0,4
1608.0,4,4,0,1,3,9,15,Independent House,Furnished,Under Construction,Electronic City,2.2,24.2,2,1,12820000,1,0,1,1
1420.0,3,3,0,1,9,9,20,Apartment,Furnished,Ready to Move,Koramangala,10.0,10.2,3,2,23030000,0,0,0,6
637.0,1,1,1,1,2,1,3,Apartment,Semi-Furnished,Ready to Move,Marathahalli,3.2,11.4,3,3,3570000,0,1,0,7
533.0,3,4,1,1,10,13,20,Independent House,Unfurnished,Ready to Move,HSR Layout,7.8,13.0,2,2,5520000,1,2,0,2
500.0,1,2,1,1,4,10,10,Independent House,Unfurnished,Ready to Move,Yelahanka,4.4,12.5,4,3,2680000,1,2,0,10
1393.0,3,3,0,1,15,12,25,Villa,Furnished,Under Construction,Marathahalli,4.1,12.8,2,1,12310000,2,0,1,7
2690.0,4,5,1,1,2,6,10,Independent House,Furnished,Ready to Move,Marathahalli,4.1,14.0,1,0,29540000,1,0,0,7
1807.0,3,3,1,1,1,5,5,Apartment,Unfurnished,Ready to Move,Electronic City,3.8,19.9,4,3,8700000,0,2,0,1
1085.0,3,3,0,1,14,14,25,Apartment,Semi-Furnished,Ready to Move,Whitefield,4.5,18.7,2,0,7330000,0,1,0,9
831.0,2,3,1,1,3,2,5,Apartment,Semi-Furnished,Ready to Move,Whitefield,3.7,15.9,5,2,5750000,0,1,0,9
585.0,2,2,0,1,4,4,20,Apartment,Semi-Furnished,Ready to Move,Indiranagar,8.0,7.0,5,1,7830000,0,1,0,4
2604.0,4,4,2,1,12,3,5,Independent House,Semi-Furnished,Ready to Move,Whitefield,3.8,17.3,2,2,22890000,1,1,0,9
903.0,2,3,1,1,8,3,10,Apartment,Semi-Furnished,Ready to Move,Marathahalli,4.8,12.0,5,0,5540000,0,1,0,7
866.0,2,2,1,1,4,3,7,Apartment,Unfurnished,Ready to Move,Yelahanka,0.6,13.7,4,4,3810000,0,2,0,10
940.0,2,2,0,1,2,14,25,Independent House,Unfurnished,Under Construction,Yelahanka,2.3,13.8,1,1,4190000,1,2,1,10
1578.0,3,3,1,1,11,1,5,Apartment,Unfurnished,Ready to Move,Marathahalli,3.5,14.4,3,1,8360000,0,2,0,7
1015.0,2,3,1,1,1,6,7,Independent House,Furnished,Ready to Move,HSR Layout,6.0,10.2,4,1,13650000,1,0,0,2
2712.875,4,4,3,1,21,1,10,Independent House,Semi-Furnished,Under Construction,Hebbal,5.4,19.6,5,0,23390000,1,1,1,3
599.0,1,1,2,1,1,5,25,Apartment,Semi-Furnished,Ready to Move,Yelahanka,1.0,15.3,3,1,2790000,0,1,0,10
861.0,2,2,0,1,13,1,7,Apartment,Semi-Furnished,Ready to Move,Koramangala,9.5,3.7,4,0,10250000,0,1,0,6
1242.0,3,4,2,1,4,6,7,Apartment,Furnished,Ready to Move,Sarjapur Road,5.0,22.0,6,1,9570000,0,0,0,8
875.0,2,2,1,1,1,7,10,Apartment,Unfurnished,Ready to Move,HSR Layout,7.3,10.7,1,0,9740000,0,2,0,2
979.0,3,4,0,1,4,4,7,Apartment,Unfurnished,Ready to Move,Hebbal,4.7,11.7,2,0,7850000,0,2,0,3
957.0,2,3,2,1,2,12,15,Apartment,Unfurnished,Under Construction,Banashankari,3.6,7.6,2,1,5420000,0,2,1,0
636.0,1,2,0,1,1,1,3,Independent House,Furnished,Ready to Move,Whitefield,3.8,20.6,3,1,5610000,1,0,0,9
833.0,2,2,1,1,2,4,15,Apartment,Semi-Furnished,Ready to Move,Yelahanka,3.1,18.9,2,2,4670000,0,1,0,10
1677.0,4,4,2,1,16,6,10,Villa,Furnished,Ready to Move,Marathahalli,5.0,18.0,7,2,17520000,2,0,0,7
1824.0,3,3,2,1,0,5,5,Apartment,Unfurnished,Ready to Move,Banashankari,4.5,11.1,2,1,13820000,0,2,0,0
1000.0,3,3,3,1,24,2,10,Apartment,Semi-Furnished,Under Construction,Indiranagar,9.2,6.4,3,4,10590000,0,1,1,4
557.0,2,3,2,1,0,1,15,Independent House,Unfurnished,Ready to Move,Hebbal,4.3,12.6,2,1,5490000,1,2,0,3
1077.0,3,3,2,1,8,3,7,Apartment,Semi-Furnished,Ready to Move,Whitefield,4.8,26.1,6,4,8360000,0,1,0,9
968.0,3,3,1,1,15,4,5,Apartment,Unfurnished,Ready to Move,Electronic City,3.0,20.6,5,1,4620000,0,2,0,1
2154.0,4,4,0,1,21,2,3,Villa,Semi-Furnished,Ready to Move,Whitefield,4.7,22.1,7,2,19290000,2,1,0,9
1299.0,3,4,2,1,1,5,15,Villa,Furnished,Under Construction,Banashankari,2.0,11.5,2,0,15050000,2,0,1,0
1338.0,3,3,3,1,9,7,7,Villa,Furnished,Ready to Move,Hebbal,5.7,15.1,2,2,16930000,2,0,0,3
676.0,1,1,1,1,0,14,20,Apartment,Unfurnished,Ready to Move,Hebbal,5.8,9.7,1,2,5770000,0,2,0,3
1206.0,3,3,3,1,3,3,10,Apartment,Semi-Furnished,Under Construction,Yelahanka,3.8,24.4,2,1,5580000,0,1,1,10
1617.0,3,4,0,1,10,2,7,Independent House,Furnished,Under Construction,Whitefield,2.9,25.0,7,0,12380000,1,0,1,9
2604.0,4,4,1,1,3,8,10,Independent House,Unfurnished,Under Construction,Electronic City,2.3,25.2,1,1,16160000,1,2,1,1
863.0,2,2,1,1,3,6,10,Apartment,Semi-Furnished,Under Construction,Whitefield,3.0,17.0,4,3,5260000,0,1,1,9
1090.0,2,2,1,1,0,11,20,Independent House,Semi-Furnished,Ready to Move,HSR Layout,6.8,12.9,3,3,12280000,1,1,0,2
904.0,2,3,2,1,0,3,10,Apartment,Unfurnished,Under Construction,HSR Layout,7.3,3.1,2,0,8410000,0,2,1,2
1125.0,2,2,1,1,0,2,5,Apartment,Unfurnished,Under Construction,Indiranagar,7.6,4.3,2,2,14290000,0,2,1,4
651.0,2,3,3,1,16,8,10,Apartment,Unfurnished,Ready to Move,HSR Layout,8.3,10.3,2,0,5580000,0,2,0,2
1341.0,4,5,1,1,0,7,10,Apartment,Semi-Furnished,Ready to Move,Whitefield,6.3,18.7,1,3,13200000,0,1,0,9
1290.0,3,3,1,1,9,14,15,Apartment,Unfurnished,Ready to Move,Koramangala,8.2,8.7,3,0,18380000,0,2,0,6
1644.0,4,4,2,1,11,14,20,Apartment,Unfurnished,Ready to Move,Koramangala,8.6,4.3,4,2,18070000,0,2,0,6
1793.0,4,4,0,1,6,6,7,Apartment,Semi-Furnished,Ready to Move,Banashankari,2.1,5.1,2,2,14170000,0,1,0,0
908.0,2,2,2,1,10,1,7,Independent House,Semi-Furnished,Ready to Move,Sarjapur Road,2.9,20.3,2,3,6580000,1,1,0,8
1601.0,3,3,1,1,8,4,10,Villa,Unfurnished,Under Construction,Banashankari,2.8,9.2,4,3,15310000,2,2,1,0
505.0,1,1,1,1,4,10,20,Villa,Semi-Furnished,Ready to Move,Indiranagar,7.3,1.0,2,0,9380000,2,1,0,4
1670.0,4,4,2,1,3,14,25,Independent House,Furnished,Under Construction,HSR Layout,7.1,14.0,3,2,25340000,1,0,1,2
883.0,2,2,3,1,22,14,25,Apartment,Unfurnished,Under Construction,Hebbal,6.1,12.3,5,2,4910000,0,2,1,3
803.0,2,3,2,1,24,2,5,Apartment,Unfurnished,Ready to Move,Electronic City,4.5,25.0,3,4,3440000,0,2,0,1
772.0,2,3,2,1,8,4,10,Independent House,Unfurnished,Ready to Move,HSR Layout,6.7,11.2,2,2,8320000,1,2,0,2
948.0,3,3,2,1,1,7,7,Apartment,Unfurnished,Ready to Move,HSR Layout,7.1,9.0,1,1,8920000,0,2,0,2
963.0,2,2,1,1,4,5,7,Apartment,Semi-Furnished,Under Construction,Koramangala,5.6,5.3,2,3,11770000,0,1,1,6
841.0,2,3,2,1,5,2,3,Apartment,Furnished,Under Construction,HSR Layout,4.4,9.7,5,4,11430000,0,0,1,2
1670.0,3,4,1,1,11,1,5,Independent House,Semi-Furnished,Under Construction,Electronic City,3.0,22.9,1,1,8790000,1,1,1,1
1421.0,4,5,1,1,8,2,7,Apartment,Semi-Furnished,Under Construction,Marathahalli,4.9,15.8,3,3,9200000,0,1,1,7
847.0,2,2,1,1,5,6,7,Independent House,Semi-Furnished,Ready to Move,Whitefield,3.7,20.4,7,2,7140000,1,1,0,9
1907.0,3,3,1,1,9,4,7,Apartment,Unfurnished,Ready to Move,HSR Layout,4.3,11.4,2,3,18220000,0,2,0,2
1624.0,4,4,1,1,0,4,5,Villa,Unfurnished,Ready to Move,Hebbal,4.0,10.9,6,2,16740000,2,2,0,3
523.0,1,2,1,1,11,7,15,Independent House,Furnished,Ready to Move,Koramangala,6.6,2.3,4,3,8910000,1,0,0,6
1513.0,4,4,1,1,1,6,7,Villa,Semi-Furnished,Ready to Move,Electronic City,0.7,24.3,3,4,12650000,2,1,0,1
693.0,2,2,2,1,8,14,15,Apartment,Unfurnished,Under Construction,Hebbal,8.3,16.4,6,2,4760000,0,2,1,3
1833.0,3,3,2,1,0,6,7,Apartment,Unfurnished,Ready to Move,Koramangala,9.8,2.4,2,1,24520000,0,2,0,6
1447.0,3,4,2,1,0,14,15,Independent House,Semi-Furnished,Ready to Move,Whitefield,1.4,20.9,6,3,12670000,1,1,0,9
1437.0,3,3,1,1,0,5,5,Apartment,Furnished,Under Construction,Indiranagar,5.8,1.0,3,1,22310000,0,0,1,4
1321.0,4,5,2,1,19,2,5,Apartment,Semi-Furnished,Ready to Move,Electronic City,2.1,27.4,1,5,7500000,0,1,0,1
1018.0,2,3,0,1,7,9,10,Apartment,Furnished,Ready to Move,Jayanagar,4.4,9.4,1,1,13330000,0,0,0,5
1169.0,2,3,2,1,3,2,20,Independent House,Semi-Furnished,Under Construction,Hebbal,8.6,10.2,5,2,10660000,1,1,1,3
1721.0,3,3,1,1,12,4,5,Apartment,Unfurnished,Ready to Move,Koramangala,6.8,2.9,1,2,20090000,0,2,0,6
2267.0,4,5,1,1,7,2,3,Villa,Furnished,Ready to Move,Marathahalli,4.5,17.6,3,1,22310000,2,0,0,7
735.0,2,2,1,1,7,6,20,Apartment,Unfurnished,Under Construction,Jayanagar,5.9,6.5,2,3,6290000,0,2,1,5
2125.0,4,4,2,1,5,1,5,Apartment,Unfurnished,Ready to Move,Koramangala,6.2,5.9,3,1,23450000,0,2,0,6
1076.0,2,3,2,1,0,2,7,Villa,Furnished,Under Construction,Marathahalli,5.6,11.0,4,2,10100000,2,0,1,7
609.0,2,2,2,1,2,6,20,Apartment,Unfurnished,Under Construction,HSR Layout,7.3,11.7,2,5,5190000,0,2,1,2
1086.0,3,3,1,1,0,14,15,Apartment,Semi-Furnished,Ready to Move,Indiranagar,8.6,4.6,3,4,17520000,0,1,0,4
647.0,1,1,1,1,8,3,7,Independent House,Furnished,Ready to Move,Whitefield,7.9,20.9,3,0,5280000,1,0,0,9
1645.0,3,3,3,1,2,14,25,Independent House,Semi-Furnished,Under Construction,Indiranagar,9.0,3.8,7,1,27560000,1,1,1,4
379.0,1,1,1,1,4,4,10,Apartment,Semi-Furnished,Under Construction,Electronic City,2.6,21.4,1,3,1780000,0,1,1,1
1101.0,2,2,3,1,3,3,3,Independent House,Semi-Furnished,Under Construction,Hebbal,7.9,12.3,4,1,11020000,1,1,1,3
1426.0,3,3,1,1,1,14,15,Villa,Furnished,Ready to Move,Whitefield,4.9,18.2,2,2,16290000,2,0,0,9
1618.0,3,4,3,1,24,8,10,Independent House,Semi-Furnished,Ready to Move,Electronic City,5.8,28.8,5,1,10670000,1,1,0,1
829.0,2,2,3,1,21,6,10,Apartment,Semi-Furnished,Ready to Move,Indiranagar,8.6,1.8,2,2,10970000,0,1,0,4
1072.0,2,2,2,1,0,14,25,Apartment,Furnished,Ready to Move,Sarjapur Road,0.0,19.5,3,1,7790000,0,0,0,8
1110.0,2,2,0,1,14,1,5,Independent House,Furnished,Under Construction,Marathahalli,1.7,14.9,0,4,9050000,1,0,1,7
1301.0,3,4,1,1,5,8,10,Independent House,Semi-Furnished,Ready to Move,Marathahalli,5.6,16.3,2,1,11260000,1,1,0,7
2712.875,4,6,3,1,11,3,10,Apartment,Unfurnished,Ready to Move,Sarjapur Road,2.8,10.5,4,1,17500000,0,2,0,8
1740.0,4,5,2,1,1,7,7,Apartment,Semi-Furnished,Ready to Move,Hebbal,5.4,6.9,3,3,16790000,0,1,0,3
1263.0,2,2,1,1,1,4,10,Apartment,Unfurnished,Ready to Move,Electronic City,5.0,20.4,3,3,5870000,0,2,0,1
536.0,1,1,1,1,17,1,10,Apartment,Semi-Furnished,Ready to Move,Jayanagar,6.9,8.8,4,2,5300000,0,1,0,5
1631.0,4,4,2,1,18,4,20,Apartment,Semi-Furnished,Ready to Move,Hebbal,3.7,11.2,1,1,13470000,0,1,0,3
1199.0,3,3,2,1,5,12,20,Apartment,Semi-Furnished,Ready to Move,Banashankari,4.7,7.1,1,5,9690000,0,1,0,0
1435.0,3,3,2,1,16,9,10,Independent House,Semi-Furnished,Under Construction,Yelahanka,3.2,16.0,3,1,6980000,1,1,1,10
1610.0,3,4,2,1,8,5,7,Apartment,Furnished,Ready to Move,Electronic City,2.7,19.5,2,1,9340000,0,0,0,1
696.0,2,2,3,1,1,3,10,Villa,Unfurnished,Under Construction,Koramangala,5.9,5.4,4,1,9710000,2,2,1,6
1917.0,3,4,0,1,3,2,7,Apartment,Unfurnished,Ready to Move,Indiranagar,8.1,5.6,3,0,29190000,0,2,0,4
2712.875,4,5,0,1,1,6,7,Apartment,Furnished,Ready to Move,Sarjapur Road,3.5,19.5,2,3,24990000,0,0,0,8
1530.0,3,4,0,1,11,4,10,Apartment,Semi-Furnished,Ready to Move,Jayanagar,4.5,10.5,1,2,15190000,0,1,0,5
931.0,2,2,3,1,24,6,10,Apartment,Semi-Furnished,Under Construction,Indiranagar,7.3,4.3,1,1,9390000,0,1,1,4
953.0,2,3,1,1,6,3,10,Independent House,Furnished,Under Construction,Hebbal,3.9,12.3,3,1,10860000,1,0,1,3
921.0,2,2,0,1,8,3,25,Independent House,Semi-Furnished,Ready to Move,Electronic City,0.5,19.0,5,2,6350000,1,1,0,1
1684.0,3,4,1,1,10,1,7,Apartment,Semi-Furnished,Ready to Move,Hebbal,5.2,8.2,2,1,12780000,0,1,0,3
948.0,2,2,1,1,2,1,7,Apartment,Unfurnished,Ready to Move,Electronic City,3.7,22.0,5,3,4280000,0,2,0,1
634.0,1,1,2,1,3,7,10,Apartment,Semi-Furnished,Under Construction,Electronic City,2.5,22.3,3,2,2810000,0,1,1,1
1826.0,4,4,2,1,4,9,10,Independent House,Semi-Furnished,Under Construction,Indiranagar,6.6,7.1,2,4,29430000,1,1,1,4
987.0,2,2,2,1,7,3,3,Independent House,Semi-Furnished,Ready to Move,Sarjapur Road,4.3,19.7,1,5,6770000,1,1,0,8
461.0,1,2,0,1,15,1,7,Apartment,Furnished,Ready to Move,Koramangala,8.8,4.8,2,1,5350000,0,0,0,6
1181.0,2,3,3,1,2,2,7,Villa,Semi-Furnished,Ready to Move,Koramangala,8.1,9.1,3,2,22550000,2,1,0,6
791.0,2,3,1,1,5,3,15,Independent House,Furnished,Under Construction,Banashankari,4.7,7.1,6,3,6800000,1,0,1,0
888.0,2,3,2,1,11,14,20,Apartment,Furnished,Ready to Move,Koramangala,8.9,3.4,4,1,14130000,0,0,0,6
1874.0,4,4,0,1,0,7,7,Apartment,Semi-Furnished,Ready to Move,Jayanagar,6.5,6.8,5,1,23470000,0,1,0,5
1858.0,4,5,0,1,5,4,5,Independent House,Semi-Furnished,Ready to Move,Marathahalli,2.6,10.4,4,5,15060000,1,1,0,7
1602.0,3,3,0,1,1,3,5,Villa,Semi-Furnished,Ready to Move,Indiranagar,8.6,7.1,4,1,30360000,2,1,0,4
889.0,2,3,2,1,6,5,5,Apartment,Unfurnished,Under Construction,Marathahalli,3.4,14.2,1,4,4640000,0,2,1,7
1790.0,3,3,2,1,11,5,5,Apartment,Unfurnished,Ready to Move,HSR Layout,6.2,10.3,2,2,16490000,0,2,0,2
794.0,2,3,0,1,2,3,5,Apartment,Unfurnished,Ready to Move,Jayanagar,8.0,7.6,3,0,7850000,0,2,0,5
568.0,1,1,1,1,15,3,10,Apartment,Furnished,Under Construction,Electronic City,1.5,23.1,7,3,2400000,0,0,1,1
1689.0,4,4,2,1,3,5,7,Villa,Semi-Furnished,Ready to Move,Marathahalli,4.3,15.2,4,2,16830000,2,1,0,7
1029.0,2,2,0,1,1,4,10,Apartment,Semi-Furnished,Ready to Move,Koramangala,6.1,2.8,3,2,12530000,0,1,0,6
946.0,2,2,1,1,5,4,7,Villa,Semi-Furnished,Under Construction,Marathahalli,2.6,18.7,0,0,8020000,2,1,1,7
1356.0,3,3,1,1,16,12,15,Independent House,Semi-Furnished,Ready to Move,Koramangala,10.0,1.0,1,5,23720000,1,1,0,6
1732.0,3,3,2,1,0,6,25,Apartment,Semi-Furnished,Ready to Move,HSR Layout,7.0,7.9,4,0,23460000,0,1,0,2
478.0,1,2,1,1,3,6,7,Apartment,Semi-Furnished,Ready to Move,HSR Layout,6.6,8.3,2,3,4650000,0,1,0,2
1061.0,2,2,3,1,8,3,3,Apartment,Furnished,Under Construction,Koramangala,5.5,1.8,0,2,14260000,0,0,1,6
803.0,2,3,1,1,3,2,5,Villa,Furnished,Ready to Move,Hebbal,4.6,6.8,7,4,9960000,2,0,0,3
1431.0,3,3,1,1,0,4,5,Apartment,Semi-Furnished,Under Construction,HSR Layout,3.2,14.9,4,2,13770000,0,1,1,2
722.0,2,2,0,1,3,5,7,Villa,Furnished,Ready to Move,Yelahanka,3.1,17.9,2,1,5270000,2,0,0,10
824.0,2,2,2,1,13,2,10,Independent House,Unfurnished,Ready to Move,Banashankari,2.8,6.1,1,4,6810000,1,2,0,0
1376.0,3,3,1,1,24,9,10,Apartment,Unfurnished,Under Construction,Marathahalli,4.8,16.1,0,3,6800000,0,2,1,7
2712.875,4,4,2,1,0,2,5,Independent House,Semi-Furnished,Ready to Move,Koramangala,8.2,3.5,3,1,49210000,1,1,0,6
969.0,2,2,1,1,6,5,15,Independent House,Furnished,Ready to Move,Electronic City,1.5,21.1,1,2,7200000,1,0,0,1
1264.0,2,2,1,1,0,5,5,Apartment,Semi-Furnished,Ready to Move,Hebbal,5.6,9.1,2,5,11950000,0,1,0,3
1461.0,3,4,2,1,9,3,5,Apartment,Semi-Furnished,Ready to Move,Electronic City,6.5,22.1,6,1,7470000,0,1,0,1
1291.0,3,3,2,1,0,4,10,Independent House,Unfurnished,Ready to Move,Whitefield,4.0,18.1,1,1,10170000,1,2,0,9
1242.0,2,2,1,1,0,5,5,Independent House,Furnished,Ready to Move,Jayanagar,8.0,3.1,5,4,21420000,1,0,0,5
1033.0,2,3,2,1,12,10,10,Apartment,Furnished,Ready to Move,Hebbal,1.8,14.9,2,2,7330000,0,0,0,3
479.0,1,2,2,1,0,2,25,Apartment,Semi-Furnished,Ready to Move,Hebbal,5.7,9.5,3,2,3690000,0,1,0,3
601.0,1,1,0,1,2,2,15,Apartment,Furnished,Ready to Move,Koramangala,7.1,8.2,3,1,9070000,0,0,0,6
1318.0,3,4,1,1,24,5,5,Independent House,Unfurnished,Under Construction,Marathahalli,3.6,11.9,4,0,6780000,1,2,1,7
572.0,2,3,1,1,24,4,10,Apartment,Semi-Furnished,Ready to Move,HSR Layout,7.2,5.5,0,2,4490000,0,1,0,2
2374.0,4,4,1,1,1,6,7,Apartment,Unfurnished,Ready to Move,HSR Layout,6.0,11.6,1,1,26600000,0,2,0,2
1706.0,3,3,2,1,6,14,25,Independent House,Semi-Furnished,Ready to Move,Yelahanka,0.6,14.7,2,2,10330000,1,1,0,10
1914.0,3,4,1,1,6,14,25,Apartment,Unfurnished,Ready to Move,HSR Layout,8.6,5.3,1,2,16140000,0,2,0,2
1030.0,2,2,0,1,4,1,5,Villa,Semi-Furnished,Ready to Move,HSR Layout,4.2,10.8,2,2,13970000,2,1,0,2
1330.0,3,3,1,1,20,8,20,Apartment,Furnished,Ready to Move,Whitefield,3.1,16.1,2,2,8710000,0,0,0,9
641.0,1,1,3,1,11,4,5,Independent House,Semi-Furnished,Ready to Move,Yelahanka,3.2,10.0,0,4,3380000,1,1,0,10
2339.0,4,5,2,1,11,7,7,Apartment,Semi-Furnished,Ready to Move,Hebbal,5.2,14.0,2,0,19510000,0,1,0,3
2712.875,4,6,0,1,2,6,7,Villa,Semi-Furnished,Under Construction,Marathahalli,4.6,18.5,0,5,35010000,2,1,1,7
941.0,2,3,1,1,4,6,7,Villa,Semi-Furnished,Ready to Move,Sarjapur Road,3.9,16.8,3,1,6330000,2,1,0,8
918.0,2,3,1,1,5,14,20,Apartment,Furnished,Under Construction,Koramangala,9.7,7.6,4,2,13280000,0,0,1,6
814.0,2,2,2,1,2,3,7,Apartment,Semi-Furnished,Ready to Move,Indiranagar,9.4,7.4,3,2,12530000,0,1,0,4
1550.0,3,3,1,1,0,14,15,Apartment,Furnished,Ready to Move,Electronic City,1.6,24.0,4,4,9030000,0,0,0,1
966.0,3,4,3,1,1,4,25,Apartment,Semi-Furnished,Ready to Move,Whitefield,0.4,19.5,2,3,7470000,0,1,0,9
2310.0,4,5,1,1,1,4,15,Independent House,Unfurnished,Ready to Move,Indiranagar,8.9,3.2,5,3,43000000,1,2,0,4
1564.0,3,3,2,1,1,7,7,Independent House,Semi-Furnished,Ready to Move,Yelahanka,5.2,17.0,3,1,10170000,1,1,0,10
1061.0,2,2,2,1,2,8,15,Apartment,Semi-Furnished,Under Construction,Whitefield,2.5,21.9,7,1,6290000,0,1,1,9
1438.0,3,3,2,1,2,9,10,Villa,Semi-Furnished,Ready to Move,HSR Layout,4.8,6.2,2,1,18900000,2,1,0,2
1829.0,3,3,1,1,4,1,15,Villa,Semi-Furnished,Ready to Move,HSR Layout,6.9,9.0,2,0,26670000,2,1,0,2
1644.0,3,3,2,1,5,1,5,Independent House,Semi-Furnished,Ready to Move,HSR Layout,7.1,9.4,5,2,22350000,1,1,0,2
1230.0,3,3,1,1,2,7,10,Apartment,Furnished,Ready to Move,Yelahanka,4.7,15.2,3,1,8630000,0,0,0,10
1235.0,3,4,1,1,19,4,15,Apartment,Furnished,Ready to Move,Indiranagar,10.0,3.0,3,1,20480000,0,0,0,4
1153.0,3,3,2,1,6,10,15,Apartment,Semi-Furnished,Ready to Move,Indiranagar,9.0,1.0,2,4,14930000,0,1,0,4
1554.0,3,4,3,1,12,14,25,Apartment,Semi-Furnished,Ready to Move,Sarjapur Road,2.3,17.1,1,2,9600000,0,1,0,8
1119.0,3,3,2,1,20,1,3,Apartment,Semi-Furnished,Under Construction,Koramangala,6.7,3.2,1,1,12370000,0,1,1,6
1703.0,3,3,1,1,1,1,7,Apartment,Semi-Furnished,Ready to Move,Indiranagar,7.9,3.6,4,3,22570000,0,1,0,4
1770.0,3,3,2,1,4,2,10,Apartment,Furnished,Under Construction,Indiranagar,10.0,6.9,6,2,28200000,0,0,1,4
1153.0,3,4,0,1,4,2,7,Villa,Unfurnished,Ready to Move,Marathahalli,3.2,9.9,2,5,10210000,2,2,0,7
1348.0,3,3,0,1,3,6,7,Apartment,Semi-Furnished,Ready to Move,Banashankari,6.1,8.8,2,1,11380000,0,1,0,0
953.0,2,3,2,1,0,3,5,Apartment,Unfurnished,Ready to Move,Sarjapur Road,1.4,12.6,6,2,4860000,0,2,0,8
1117.0,2,3,1,1,13,2,15,Apartment,Semi-Furnished,Ready to Move,Electronic City,3.8,21.8,4,1,5900000,0,1,0,1
727.0,1,1,3,1,0,13,20,Apartment,Unfurnished,Ready to Move,Hebbal,3.9,5.2,7,0,5360000,0,2,0,3
928.0,3,3,1,1,24,3,3,Apartment,Furnished,Ready to Move,Koramangala,8.8,1.3,2,4,11970000,0,0,0,6
1310.0,3,4,1,1,11,2,5,Apartment,Semi-Furnished,Ready to Move,Whitefield,3.9,19.9,0,0,7920000,0,1,0,9
2651.0,4,5,2,1,6,4,5,Apartment,Furnished,Ready to Move,HSR Layout,7.5,5.7,5,5,36740000,0,0,0,2
683.0,2,2,2,1,1,10,10,Apartment,Furnished,Under Construction,Electronic City,2.7,17.7,3,6,3370000,0,0,1,1
857.0,2,2,1,1,5,1,15,Apartment,Furnished,Ready to Move,Jayanagar,6.6,8.9,3,2,10450000,0,0,0,5
1031.0,2,2,1,1,2,2,3,Apartment,Semi-Furnished,Ready to Move,Marathahalli,5.2,9.2,2,0,7430000,0,1,0,7
519.0,1,2,2,1,2,5,10,Independent House,Unfurnished,Under Construction,Yelahanka,2.8,15.6,2,0,2480000,1,2,1,10
967.0,3,3,1,1,14,5,5,Apartment,Furnished,Ready to Move,Jayanagar,6.8,10.4,4,3,15010000,0,0,0,5
1496.0,2,2,1,1,3,9,25,Apartment,Furnished,Ready to Move,Jayanagar,7.8,6.4,6,2,19360000,0,0,0,5
1474.0,3,3,2,1,4,4,20,Apartment,Unfurnished,Ready to Move,Whitefield,4.2,20.1,3,3,11720000,0,2,0,9
1431.0,3,4,0,1,14,14,20,Apartment,Semi-Furnished,Ready to Move,Whitefield,2.0,17.9,4,3,10630000,0,1,0,9
1092.0,3,4,3,1,0,3,5,Apartment,Unfurnished,Ready to Move,Jayanagar,5.8,3.9,7,0,11860000,0,2,0,5
2104.0,4,5,2,1,7,2,10,Apartment,Semi-Furnished,Ready to Move,Indiranagar,5.8,4.5,3,0,33340000,0,1,0,4
918.0,2,3,3,1,6,2,5,Villa,Unfurnished,Ready to Move,Hebbal,4.6,6.0,4,1,8880000,2,2,0,3
591.0,2,2,1,1,4,6,10,Apartment,Semi-Furnished,Ready to Move,Koramangala,8.7,7.0,0,2,8590000,0,1,0,6
1571.0,4,4,3,1,14,4,5,Apartment,Semi-Furnished,Ready to Move,Whitefield,4.5,20.6,5,1,10050000,0,1,0,9
2317.0,4,4,0,1,22,10,15,Independent House,Semi-Furnished,Ready to Move,Indiranagar,10.0,1.0,3,0,36570000,1,1,0,4
1319.0,2,3,0,1,5,9,10,Independent House,Furnished,Ready to Move,HSR Layout,8.3,13.1,3,2,19140000,1,0,0,2
590.0,1,2,0,1,4,5,10,Apartment,Furnished,Ready to Move,Whitefield,4.7,22.0,1,1,4760000,0,0,0,9
671.0,1,2,1,1,5,14,15,Apartment,Semi-Furnished,Ready to Move,Sarjapur Road,0.1,19.3,4,4,3950000,0,1,0,8
920.0,2,3,0,1,10,3,10,Apartment,Furnished,Ready to Move,Whitefield,5.3,26.7,4,2,6640000,0,0,0,9
2712.875,4,5,1,1,8,1,7,Apartment,Furnished,Under Construction,Marathahalli,2.8,14.3,6,1,18170000,0,0,1,7
1705.0,3,3,1,1,2,1,10,Apartment,Semi-Furnished,Ready to Move,HSR Layout,7.7,14.6,2,1,19460000,0,1,0,2
1265.0,2,2,1,1,0,14,25,Apartment,Unfurnished,Ready to Move,Koramangala,8.5,4.1,2,2,13640000,0,2,0,6
2520.0,4,4,2,1,23,1,10,Villa,Semi-Furnished,Ready to Move,Electronic City,4.3,23.4,1,2,18410000,2,1,0,1
1101.0,3,3,1,1,2,10,10,Apartment,Furnished,Ready to Move,Hebbal,5.8,10.3,2,3,12540000,0,0,0,3
937.0,2,2,2,1,8,5,20,Apartment,Semi-Furnished,Under Construction,Electronic City,6.9,16.3,0,1,4550000,0,1,1,1
2111.0,4,4,2,1,14,7,10,Apartment,Semi-Furnished,Under Construction,Sarjapur Road,4.4,12.5,3,3,11300000,0,1,1,8
1896.0,4,5,3,1,2,14,25,Independent House,Furnished,Under Construction,Koramangala,6.1,3.7,2,5,33350000,1,0,1,6
2155.0,4,4,1,1,8,3,5,Apartment,Unfurnished,Ready to Move,Sarjapur Road,5.3,17.3,0,0,11400000,0,2,0,8
1629.0,3,3,3,1,0,1,10,Villa,Unfurnished,Ready to Move,HSR Layout,5.7,6.5,4,2,24670000,2,2,0,2
1680.0,3,3,2,1,24,1,5,Apartment,Furnished,Ready to Move,Marathahalli,6.0,13.2,2,0,11080000,0,0,0,7
1270.0,2,2,3,1,0,7,10,Apartment,Unfurnished,Under Construction,Jayanagar,9.0,7.4,2,1,13360000,0,2,1,5
1307.0,3,4,0,1,4,1,5,Apartment,Semi-Furnished,Ready to Move,Yelahanka,3.9,19.9,3,2,6570000,0,1,0,10
2036.0,4,5,2,1,6,4,5,Apartment,Furnished,Under Construction,Electronic City,1.4,19.9,1,3,12610000,0,0,1,1
1018.0,2,3,2,1,12,2,5,Apartment,Semi-Furnished,Ready to Move,Whitefield,3.6,21.2,1,0,6370000,0,1,0,9
1927.0,3,3,0,1,1,2,7,Apartment,Semi-Furnished,Under Construction,Whitefield,6.3,25.2,6,4,13450000,0,1,1,9
1266.0,3,3,2,1,4,5,5,Apartment,Semi-Furnished,Ready to Move,Hebbal,8.0,14.3,2,2,12350000,0,1,0,3
625.0,1,1,2,1,2,10,15,Villa,Semi-Furnished,Ready to Move,Jayanagar,6.8,3.7,0,2,10080000,2,1,0,5
1594.0,3,3,2,1,2,2,5,Apartment,Semi-Furnished,Ready to Move,Sarjapur Road,3.3,18.3,6,2,11070000,0,1,0,8
986.0,2,2,0,1,12,3,7,Apartment,Semi-Furnished,Under Construction,HSR Layout,4.6,10.6,2,1,8510000,0,1,1,2
1401.0,3,4,2,1,0,3,3,Apartment,Semi-Furnished,Under Construction,Electronic City,1.6,23.9,4,2,6810000,0,1,1,1
448.0,1,1,0,1,11,2,5,Villa,Furnished,Under Construction,Whitefield,4.7,20.1,1,2,4200000,2,0,1,9
1087.0,4,4,2,1,13,11,20,Independent House,Semi-Furnished,Ready to Move,Banashankari,5.7,9.5,3,1,9630000,1,1,0,0
738.0,2,2,0,1,18,6,15,Apartment,Unfurnished,Ready to Move,Marathahalli,1.8,17.1,5,4,3820000,0,2,0,7
875.0,2,2,0,1,7,5,15,Apartment,Unfurnished,Under Construction,Yelahanka,4.2,12.8,2,2,3280000,0,2,1,10
1158.0,2,3,1,1,3,2,7,Apartment,Semi-Furnished,Ready to Move,HSR Layout,8.4,6.0,4,1,14750000,0,1,0,2
1958.0,4,5,2,1,4,3,5,Independent House,Furnished,Ready to Move,Marathahalli,4.9,15.8,1,2,20320000,1,0,0,7
1254.0,3,3,3,1,24,4,5,Independent House,Semi-Furnished,Under Construction,Marathahalli,6.5,13.5,2,1,7980000,1,1,1,7
1150.0,3,3,0,1,17,8,10,Apartment,Unfurnished,Ready to Move,Electronic City,3.9,24.6,5,1,6130000,0,2,0,1
1583.0,3,3,0,1,4,11,15,Apartment,Unfurnished,Ready to Move,Hebbal,5.5,15.3,4,3,13150000,0,2,0,3
1780.0,3,4,1,1,22,14,20,Apartment,Semi-Furnished,Ready to Move,Yelahanka,3.5,10.4,1,0,7780000,0,1,0,10
1152.0,2,2,2,1,13,7,7,Apartment,Unfurnished,Ready to Move,Yelahanka,5.0,13.5,1,1,4460000,0,2,0,10
1569.0,3,4,1,1,18,4,7,Villa,Unfurnished,Ready to Move,Sarjapur Road,4.5,17.6,1,1,10270000,2,2,0,8
669.0,2,2,1,1,9,5,5,Apartment,Semi-Furnished,Ready to Move,HSR Layout,5.5,6.9,2,6,7020000,0,1,0,2
2603.0,4,6,2,1,15,12,15,Apartment,Furnished,Ready to Move,HSR Layout,7.0,8.6,5,2,35020000,0,0,0,2
1945.0,3,3,1,1,17,5,7,Villa,Furnished,Under Construction,Banashankari,5.3,4.2,3,4,18640000,2,0,1,0
1163.0,2,2,1,1,0,6,10,Independent House,Furnished,Under Construction,Whitefield,4.0,18.7,3,2,9720000,1,0,1,9
657.0,2,3,1,1,24,12,20,Apartment,Semi-Furnished,Under Construction,Sarjapur Road,5.2,15.1,0,3,2870000,0,1,1,8
1384.0,3,4,2,1,3,5,15,Villa,Semi-Furnished,Ready to Move,Sarjapur Road,3.8,19.0,2,2,11420000,2,1,0,8
1018.0,2,3,3,1,4,1,3,Apartment,Semi-Furnished,Ready to Move,Marathahalli,5.1,16.7,1,4,7250000,0,1,0,7
805.0,2,3,2,1,12,1,3,Independent House,Unfurnished,Ready to Move,Banashankari,5.4,9.2,1,1,6850000,1,2,0,0
511.0,2,3,1,1,8,14,15,Independent House,Semi-Furnished,Ready to Move,Electronic City,2.2,29.8,1,3,3380000,1,1,0,1
1427.0,3,3,1,1,17,9,10,Apartment,Unfurnished,Ready to Move,Electronic City,1.9,24.8,3,2,6230000,0,2,0,1
1179.0,3,4,0,1,4,11,15,Villa,Unfurnished,Ready to Move,Whitefield,3.3,22.7,3,1,10730000,2,2,0,9
801.0,2,3,2,1,3,4,5,Independent House,Unfurnished,Ready to Move,Indiranagar,8.5,4.8,1,6,14400000,1,2,0,4
510.0,1,1,2,1,0,14,20,Apartment,Furnished,Ready to Move,HSR Layout,8.7,9.1,6,2,6360000,0,0,0,2
1362.0,3,4,3,1,4,3,15,Apartment,Furnished,Ready to Move,Electronic City,3.3,25.8,4,1,9440000,0,0,0,1
1397.0,3,3,1,1,10,14,20,Independent House,Semi-Furnished,Under Construction,Hebbal,5.6,11.2,2,1,12570000,1,1,1,3
782.0,2,2,2,1,2,3,7,Apartment,Unfurnished,Ready to Move,Yelahanka,4.3,16.1,2,1,3590000,0,2,0,10
908.0,2,3,2,1,4,1,7,Apartment,Unfurnished,Under Construction,Koramangala,7.5,3.5,7,0,9820000,0,2,1,6
1297.0,4,4,1,1,1,2,5,Independent House,Semi-Furnished,Ready to Move,Electronic City,2.7,23.6,4,2,8400000,1,1,0,1
2712.875,4,5,2,1,11,14,20,Villa,Semi-Furnished,Ready to Move,Yelahanka,4.6,18.7,0,2,20620000,2,1,0,10
1200.0,4,5,3,1,0,3,5,Apartment,Furnished,Under Construction,Whitefield,5.2,23.2,3,4,11560000,0,0,1,9
1884.0,4,4,3,1,9,2,5,Apartment,Unfurnished,Ready to Move,Whitefield,3.5,19.1,1,4,13080000,0,2,0,9
1124.0,2,2,2,1,3,2,5,Apartment,Semi-Furnished,Ready to Move,Koramangala,7.4,4.5,5,2,16560000,0,1,0,6
748.0,2,3,0,1,0,10,15,Apartment,Furnished,Ready to Move,Marathahalli,4.1,15.0,2,1,5760000,0,0,0,7
1086.0,2,3,2,1,15,14,20,Apartment,Unfurnished,Ready to Move,Koramangala,8.5,8.4,4,3,12730000,0,2,0,6
1169.0,2,3,2,1,5,13,15,Villa,Semi-Furnished,Ready to Move,Banashankari,6.5,2.6,4,1,11020000,2,1,0,0
947.0,4,5,1,1,7,2,10,Apartment,Unfurnished,Ready to Move,Indiranagar,9.5,5.0,5,3,14980000,0,2,0,4
1357.0,3,4,1,1,10,9,25,Apartment,Unfurnished,Ready to Move,Jayanagar,5.2,4.1,1,5,11770000,0,2,0,5
594.0,3,4,0,1,8,1,3,Apartment,Furnished,Ready to Move,HSR Layout,5.2,8.4,3,2,8190000,0,0,0,2
927.0,2,2,0,1,10,10,20,Independent House,Semi-Furnished,Ready to Move,Indiranagar,9.1,2.4,2,1,16670000,1,1,0,4
1997.0,4,5,2,1,11,2,7,Apartment,Semi-Furnished,Under Construction,Marathahalli,4.2,15.6,5,5,13210000,0,1,1,7
1006.0,4,5,1,1,7,2,10,Apartment,Semi-Furnished,Ready to Move,Sarjapur Road,2.4,10.6,3,1,6180000,0,1,0,8
1315.0,2,2,0,1,3,1,5,Apartment,Furnished,Ready to Move,Sarjapur Road,5.2,17.6,3,5,9660000,0,0,0,8
2114.0,4,4,1,1,2,1,3,Apartment,Unfurnished,Ready to Move,Marathahalli,0.6,8.5,3,2,13520000,0,2,0,7
788.0,2,3,1,1,18,4,7,Apartment,Unfurnished,Under Construction,Yelahanka,3.5,13.9,1,0,2210000,0,2,1,10
711.0,1,1,1,1,24,1,5,Apartment,Furnished,Under Construction,Hebbal,2.7,11.4,1,2,4050000,0,0,1,3
897.0,3,4,0,1,3,9,10,Apartment,Furnished,Ready to Move,Sarjapur Road,5.0,16.8,5,1,6710000,0,0,0,8
1055.0,3,3,1,1,0,3,5,Apartment,Furnished,Ready to Move,Whitefield,3.9,22.0,1,1,9420000,0,0,0,9
300.0,1,1,2,1,2,4,5,Apartment,Semi-Furnished,Under Construction,Whitefield,5.5,23.7,1,3,1840000,0,1,1,9
1292.0,2,3,0,1,8,14,20,Apartment,Unfurnished,Ready to Move,HSR Layout,5.7,15.9,2,4,12800000,0,2,0,2
2712.875,4,5,2,1,1,14,20,Apartment,Furnished,Under Construction,Marathahalli,6.0,14.0,5,2,22710000,0,0,1,7
1584.0,3,4,0,1,12,2,25,Apartment,Semi-Furnished,Under Construction,Electronic City,0.5,25.5,3,2,7530000,0,1,1,1
1484.0,3,3,1,1,20,9,10,Apartment,Unfurnished,Ready to Move,Electronic City,4.7,26.4,4,0,7170000,0,2,0,1
1059.0,2,2,1,1,24,11,15,Apartment,Semi-Furnished,Under Construction,Yelahanka,2.1,14.6,3,0,3840000,0,1,1,10
558.0,1,1,1,1,0,4,15,Villa,Unfurnished,Ready to Move,Yelahanka,3.6,19.7,1,1,2970000,2,2,0,10
1001.0,2,2,1,1,24,3,10,Apartment,Unfurnished,Under Construction,Yelahanka,3.6,9.5,6,0,3330000,0,2,1,10
970.0,2,2,1,1,10,5,7,Apartment,Unfurnished,Ready to Move,Electronic City,1.2,22.9,0,2,4940000,0,2,0,1
834.0,2,3,1,1,0,3,5,Apartment,Unfurnished,Ready to Move,Sarjapur Road,5.2,22.8,6,2,5250000,0,2,0,8
941.0,2,3,2,1,4,5,5,Independent House,Unfurnished,Under Construction,HSR Layout,6.9,10.3,2,2,9360000,1,2,1,2
1476.0,3,4,0,1,9,7,15,Independent House,Unfurnished,Ready to Move,Koramangala,8.2,3.4,3,4,22250000,1,2,0,6
971.0,2,2,2,1,24,2,10,Apartment,Unfurnished,Under Construction,Koramangala,8.6,3.4,2,2,8800000,0,2,1,6
1408.0,4,5,2,1,1,5,10,Apartment,Unfurnished,Under Construction,Electronic City,3.5,26.4,2,1,6000000,0,2,1,1
694.0,2,3,2,1,1,2,3,Apartment,Unfurnished,Ready to Move,Indiranagar,9.9,1.0,3,2,10500000,0,2,0,4
1703.0,3,3,1,1,5,7,7,Apartment,Unfurnished,Ready to Move,Hebbal,4.3,10.8,3,1,13370000,0,2,0,3
516.0,1,1,2,1,24,7,15,Apartment,Semi-Furnished,Ready to Move,Whitefield,5.6,22.5,0,2,2940000,0,1,0,9
1563.0,3,3,1,1,24,3,10,Villa,Semi-Furnished,Ready to Move,Sarjapur Road,4.5,19.0,0,0,9570000,2,1,0,8
429.0,1,1,0,1,2,3,7,Apartment,Semi-Furnished,Ready to Move,Jayanagar,6.4,9.6,1,2,4200000,0,1,0,5
1975.0,4,6,0,1,3,7,7,Independent House,Unfurnished,Ready to Move,HSR Layout,9.1,12.0,2,3,28930000,1,2,0,2
1163.0,3,3,3,1,19,4,10,Apartment,Furnished,Under Construction,Jayanagar,7.3,4.6,4,1,13150000,0,0,1,5
1337.0,3,4,1,1,10,14,25,Independent House,Semi-Furnished,Under Construction,HSR Layout,6.6,11.7,4,2,15080000,1,1,1,2
476.0,1,1,3,1,24,12,20,Independent House,Semi-Furnished,Ready to Move,Marathahalli,4.9,10.0,3,2,2850000,1,1,0,7
1762.0,3,3,1,1,17,1,3,Apartment,Semi-Furnished,Under Construction,Indiranagar,8.5,1.0,4,4,19600000,0,1,1,4
1450.0,3,3,3,1,1,3,10,Apartment,Unfurnished,Under Construction,Koramangala,9.8,2.2,1,0,17680000,0,2,1,6
1301.0,2,3,3,1,11,3,7,Apartment,Semi-Furnished,Ready to Move,Whitefield,4.3,20.2,2,1,9110000,0,1,0,9
1513.0,3,3,3,1,0,3,10,Apartment,Semi-Furnished,Ready to Move,Jayanagar,7.9,3.6,3,4,20170000,0,1,0,5
1034.0,4,5,1,1,13,5,10,Apartment,Semi-Furnished,Ready to Move,Yelahanka,1.4,16.5,1,3,5190000,0,1,0,10
1695.0,3,3,2,1,7,5,5,Apartment,Semi-Furnished,Ready to Move,Electronic City,0.6,22.2,5,2,8340000,0,1,0,1
1396.0,4,5,3,1,24,7,15,Apartment,Furnished,Ready to Move,Sarjapur Road,4.3,12.4,1,2,10590000,0,0,0,8
2092.0,4,5,1,1,24,4,10,Independent House,Semi-Furnished,Ready to Move,Marathahalli,3.4,12.4,4,5,14960000,1,1,0,7
1690.0,4,5,1,1,0,14,25,Apartment,Unfurnished,Under Construction,Yelahanka,2.7,18.8,2,2,7870000,0,2,1,10
1357.0,2,2,2,1,1,3,3,Independent House,Semi-Furnished,Ready to Move,Hebbal,1.5,13.5,2,3,13110000,1,1,0,3
1803.0,3,3,1,1,5,3,5,Apartment,Unfurnished,Under Construction,Jayanagar,9.2,3.9,2,0,15510000,0,2,1,5
1192.0,3,3,2,1,16,1,10,Independent House,Unfurnished,Ready to Move,Marathahalli,4.2,15.9,0,1,8220000,1,2,0,7
1364.0,3,4,0,1,13,8,10,Apartment,Semi-Furnished,Ready to Move,Yelahanka,5.0,21.3,2,1,6590000,0,1,0,10
2712.875,4,5,1,1,24,4,10,Apartment,Unfurnished,Ready to Move,Electronic City,1.2,20.7,1,2,14340000,0,2,0,1
644.0,1,1,0,1,7,5,25,Independent House,Furnished,Under Construction,Electronic City,3.5,24.2,3,2,3730000,1,0,1,1
955.0,2,2,1,1,2,3,7,Apartment,Semi-Furnished,Ready to Move,Whitefield,4.9,21.8,1,2,6540000,0,1,0,9
755.0,2,2,1,1,0,4,7,Villa,Semi-Furnished,Ready to Move,Hebbal,5.2,10.6,3,1,9070000,2,1,0,3
813.0,2,3,2,1,2,14,20,Apartment,Unfurnished,Under Construction,Hebbal,5.4,8.6,2,1,5450000,0,2,1,3
949.0,2,3,1,1,8,4,10,Apartment,Unfurnished,Ready to Move,Whitefield,2.2,25.0,3,0,5670000,0,2,0,9
1745.0,3,3,2,1,20,2,7,Apartment,Furnished,Under Construction,Marathahalli,4.5,17.3,4,3,10360000,0,0,1,7
597.0,1,2,2,1,3,10,15,Villa,Semi-Furnished,Ready to Move,Indiranagar,7.4,4.2,1,4,12430000,2,1,0,4
1183.0,3,4,1,1,16,6,10,Apartment,Unfurnished,Under Construction,Whitefield,3.4,23.6,5,0,5780000,0,2,1,9
1581.0,3,3,1,1,4,2,7,Villa,Furnished,Ready to Move,Banashankari,4.7,9.7,3,4,19640000,2,0,0,0
876.0,2,3,1,1,2,7,7,Independent House,Semi-Furnished,Ready to Move,HSR Layout,5.8,13.6,2,1,10610000,1,1,0,2
1119.0,2,3,1,1,5,1,7,Apartment,Semi-Furnished,Ready to Move,Whitefield,3.9,14.6,5,1,7450000,0,1,0,9
2107.0,3,3,0,1,4,2,3,Apartment,Furnished,Ready to Move,Marathahalli,5.7,12.8,6,3,16660000,0,0,0,7
1299.0,3,4,1,1,19,14,20,Villa,Unfurnished,Under Construction,Sarjapur Road,3.4,22.7,2,0,8460000,2,2,1,8
2320.0,4,4,3,1,5,5,5,Apartment,Semi-Furnished,Ready to Move,Whitefield,3.7,28.0,2,2,18330000,0,1,0,9
1701.0,4,4,1,1,2,4,5,Apartment,Furnished,Under Construction,Marathahalli,3.8,12.8,4,1,13100000,0,0,1,7
2712.875,4,6,2,1,14,1,10,Apartment,Unfurnished,Ready to Move,Jayanagar,5.0,4.8,3,4,32130000,0,2,0,5
1408.0,3,4,3,1,24,13,15,Apartment,Furnished,Ready to Move,Whitefield,4.6,22.0,3,1,8230000,0,0,0,9
1922.0,4,5,2,1,8,11,15,Apartment,Semi-Furnished,Ready to Move,Koramangala,9.1,5.0,4,2,24660000,0,1,0,6
2712.875,4,4,2,1,2,7,7,Apartment,Furnished,Ready to Move,Jayanagar,7.1,7.6,4,1,47790000,0,0,0,5
1877.0,4,5,2,1,2,1,20,Independent House,Semi-Furnished,Ready to Move,HSR Layout,6.4,3.5,1,3,24590000,1,1,0,2
614.0,1,1,1,1,0,8,10,Apartment,Furnished,Under Construction,Yelahanka,3.9,15.3,7,1,2690000,0,0,1,10
1719.0,4,5,2,1,0,3,7,Apartment,Semi-Furnished,Ready to Move,Hebbal,4.2,14.4,1,3,17050000,0,1,0,3
1520.0,3,3,3,1,19,14,15,Independent House,Semi-Furnished,Ready to Move,Banashankari,4.7,1.0,1,1,12750000,1,1,0,0
1719.0,3,3,1,1,0,2,5,Villa,Furnished,Under Construction,HSR Layout,8.4,5.1,4,4,26960000,2,0,1,2
849.0,2,2,1,1,5,14,20,Independent House,Semi-Furnished,Ready to Move,Banashankari,4.2,2.7,2,4,7810000,1,1,0,0
473.0,2,3,1,1,9,10,10,Apartment,Unfurnished,Ready to Move,Indiranagar,9.6,7.0,3,1,6130000,0,2,0,4
942.0,2,3,1,1,15,14,20,Independent House,Unfurnished,Under Construction,Electronic City,4.3,19.2,1,5,4530000,1,2,1,1
953.0,2,3,1,1,1,3,5,Apartment,Semi-Furnished,Ready to Move,Whitefield,3.2,16.4,4,6,7740000,0,1,0,9
1087.0,2,3,2,1,4,11,20,Apartment,Semi-Furnished,Under Construction,Whitefield,5.4,20.2,3,1,6890000,0,1,1,9
2712.875,4,4,2,1,2,9,10,Apartment,Furnished,Ready to Move,Sarjapur Road,2.8,14.3,2,1,21590000,0,0,0,8
508.0,1,2,1,1,2,1,10,Apartment,Semi-Furnished,Ready to Move,Indiranagar,9.3,6.4,5,3,7040000,0,1,0,4
787.0,2,3,0,1,2,1,7,Independent House,Semi-Furnished,Under Construction,HSR Layout,5.4,17.2,2,1,9150000,1,1,1,2
728.0,2,2,2,1,7,14,25,Apartment,Furnished,Under Construction,Marathahalli,4.4,12.9,6,3,5260000,0,0,1,7
1455.0,3,4,1,1,0,2,7,Villa,Unfurnished,Ready to Move,HSR Layout,6.5,4.2,4,5,19910000,2,2,0,2
1041.0,2,2,0,1,4,10,10,Villa,Semi-Furnished,Ready to Move,Marathahalli,4.2,12.6,4,2,9830000,2,1,0,7
846.0,2,2,2,1,1,6,15,Apartment,Unfurnished,Ready to Move,Electronic City,3.7,23.5,3,5,4140000,0,2,0,1
1618.0,3,3,1,1,24,2,7,Apartment,Unfurnished,Under Construction,Hebbal,4.2,13.2,3,4,8820000,0,2,1,3
1530.0,3,4,0,1,6,4,7,Apartment,Semi-Furnished,Under Construction,Hebbal,3.3,14.5,2,3,12370000,0,1,1,3
958.0,2,3,1,1,16,6,15,Apartment,Unfurnished,Ready to Move,Indiranagar,8.8,3.2,2,1,11500000,0,2,0,4
778.0,2,2,2,1,1,2,5,Apartment,Unfurnished,Under Construction,Electronic City,5.0,21.2,1,1,3730000,0,2,1,1
858.0,2,2,2,1,13,4,15,Independent House,Semi-Furnished,Ready to Move,Electronic City,4.2,14.6,1,1,5120000,1,1,0,1
1439.0,4,6,1,1,4,7,10,Apartment,Semi-Furnished,Ready to Move,Hebbal,5.7,13.8,3,2,12050000,0,1,0,3
994.0,2,3,1,1,1,1,10,Apartment,Semi-Furnished,Ready to Move,Electronic City,2.6,18.1,4,2,5940000,0,1,0,1
1407.0,3,3,2,1,11,1,5,Independent House,Furnished,Ready to Move,HSR Layout,6.6,10.6,4,1,22720000,1,0,0,2
985.0,2,2,2,1,11,10,15,Apartment,Semi-Furnished,Under Construction,Whitefield,3.1,17.4,3,0,5520000,0,1,1,9
1541.0,3,4,2,1,24,10,15,Villa,Semi-Furnished,Ready to Move,Indiranagar,8.0,4.7,4,0,23750000,2,1,0,4
592.0,1,1,2,1,12,7,10,Apartment,Semi-Furnished,Under Construction,Indiranagar,9.2,7.9,3,2,6340000,0,1,1,4
537.0,1,1,1,1,1,1,7,Apartment,Semi-Furnished,Under Construction,Hebbal,2.3,10.7,7,2,4080000,0,1,1,3
1413.0,3,3,2,1,3,3,5,Apartment,Unfurnished,Ready to Move,HSR Layout,8.9,7.8,5,1,14620000,0,2,0,2
683.0,2,3,2,1,4,1,15,Apartment,Semi-Furnished,Under Construction,Electronic City,1.3,22.0,3,2,3010000,0,1,1,1
839.0,2,3,2,1,1,7,10,Apartment,Unfurnished,Ready to Move,Hebbal,7.8,10.1,4,1,6230000,0,2,0,3
1414.0,3,3,3,1,12,3,5,Villa,Unfurnished,Under Construction,Hebbal,3.7,9.2,2,1,14020000,2,2,1,3
2387.0,4,5,1,1,5,9,15,Apartment,Semi-Furnished,Under Construction,Electronic City,2.1,27.6,4,2,13490000,0,1,1,1
1113.0,2,2,3,1,23,14,20,Independent House,Semi-Furnished,Ready to Move,Indiranagar,8.1,1.0,2,2,18240000,1,1,0,4
1215.0,3,3,2,1,7,1,3,Apartment,Semi-Furnished,Under Construction,Electronic City,2.7,24.0,4,2,5860000,0,1,1,1
2712.875,4,5,2,1,5,3,15,Apartment,Semi-Furnished,Ready to Move,Yelahanka,2.1,15.6,5,3,15660000,0,1,0,10
2046.0,4,4,0,1,0,10,20,Apartment,Semi-Furnished,Ready to Move,Whitefield,3.8,17.5,1,0,14900000,0,1,0,9
1608.0,3,3,2,1,1,2,25,Independent House,Furnished,Under Construction,Yelahanka,3.1,17.0,2,2,11440000,1,0,1,10
1652.0,3,3,2,1,15,3,5,Apartment,Unfurnished,Ready to Move,Sarjapur Road,2.3,18.1,3,2,8300000,0,2,0,8
1081.0,2,3,1,1,24,7,7,Apartment,Semi-Furnished,Under Construction,Jayanagar,7.9,10.0,2,1,8710000,0,1,1,5
810.0,3,4,2,1,4,14,25,Independent House,Unfurnished,Under Construction,Whitefield,6.5,16.6,3,4,5200000,1,2,1,9
1176.0,2,2,2,1,13,2,3,Apartment,Semi-Furnished,Ready to Move,Indiranagar,5.7,3.5,4,0,15420000,0,1,0,4
1240.0,2,2,1,1,7,9,10,Independent House,Semi-Furnished,Ready to Move,Electronic City,6.1,25.0,2,3,8500000,1,1,0,1
858.0,2,2,1,1,24,4,10,Apartment,Unfurnished,Ready to Move,Koramangala,9.2,3.4,3,1,8500000,0,2,0,6
994.0,2,3,2,1,2,2,10,Villa,Semi-Furnished,Ready to Move,Marathahalli,4.4,15.6,5,1,8290000,2,1,0,7
1150.0,3,3,1,1,6,7,7,Independent House,Furnished,Ready to Move,Banashankari,3.8,11.6,4,1,10240000,1,0,0,0
854.0,3,3,0,1,4,14,20,Villa,Semi-Furnished,Under Construction,Jayanagar,6.9,7.7,4,3,12370000,2,1,1,5
1193.0,3,4,0,1,6,7,7,Apartment,Furnished,Ready to Move,Sarjapur Road,5.0,16.2,2,4,8940000,0,0,0,8
847.0,2,3,0,1,2,8,10,Apartment,Semi-Furnished,Ready to Move,Whitefield,8.2,18.9,2,1,6010000,0,1,0,9
882.0,2,2,1,1,5,9,10,Independent House,Furnished,Ready to Move,Electronic City,6.6,25.7,4,0,7070000,1,0,0,1
1131.0,3,3,1,1,7,6,7,Apartment,Unfurnished,Ready to Move,Whitefield,2.0,20.5,1,3,8280000,0,2,0,9
2389.0,4,6,2,1,0,4,5,Apartment,Semi-Furnished,Under Construction,Marathahalli,3.7,13.4,2,1,15660000,0,1,1,7
548.0,1,2,2,1,10,12,25,Villa,Semi-Furnished,Ready to Move,Yelahanka,3.1,17.2,5,0,2800000,2,1,0,10
803.0,2,2,2,1,9,1,10,Apartment,Furnished,Ready to Move,Marathahalli,6.0,10.1,2,3,5340000,0,0,0,7
2217.0,4,5,0,1,16,2,10,Apartment,Semi-Furnished,Under Construction,Whitefield,4.2,19.3,3,1,13890000,0,1,1,9
624.0,1,1,1,1,4,2,15,Apartment,Unfurnished,Ready to Move,Electronic City,2.2,21.8,1,1,2660000,0,2,0,1
2712.875,4,5,1,1,0,2,3,Apartment,Furnished,Ready to Move,Jayanagar,6.7,5.7,6,1,48440000,0,0,0,5
1715.0,3,3,2,1,4,7,15,Apartment,Unfurnished,Under Construction,Electronic City,2.8,20.8,1,4,7370000,0,2,1,1
996.0,2,3,2,1,1,3,5,Villa,Unfurnished,Ready to Move,Hebbal,6.5,11.1,1,1,10550000,2,2,0,3
832.0,2,3,2,1,8,9,15,Apartment,Semi-Furnished,Ready to Move,Hebbal,8.6,11.7,3,2,6540000,0,1,0,3
1005.0,2,2,0,1,0,3,5,Independent House,Semi-Furnished,Under Construction,Marathahalli,5.4,18.4,2,3,7210000,1,1,1,7
1012.0,2,3,2,1,3,8,15,Independent House,Furnished,Ready to Move,Electronic City,4.8,15.4,3,3,7120000,1,0,0,1
1794.0,4,4,1,1,0,5,10,Villa,Semi-Furnished,Ready to Move,HSR Layout,8.2,12.1,2,4,29820000,2,1,0,2
1619.0,3,3,2,1,0,5,7,Apartment,Semi-Furnished,Under Construction,Whitefield,5.0,19.7,2,2,11870000,0,1,1,9
1008.0,3,3,1,1,24,2,7,Villa,Unfurnished,Under Construction,Electronic City,2.7,21.8,2,2,5230000,2,2,1,1
1331.0,3,4,1,1,24,5,5,Apartment,Semi-Furnished,Ready to Move,Electronic City,2.9,20.8,4,2,5020000,0,1,0,1
1055.0,2,2,0,1,6,7,20,Apartment,Semi-Furnished,Ready to Move,Marathahalli,5.6,15.5,7,1,6000000,0,1,0,7
1319.0,3,4,2,1,2,3,5,Villa,Unfurnished,Ready to Move,Marathahalli,4.4,16.9,0,1,10870000,2,2,0,7
1342.0,3,4,1,1,19,7,10,Apartment,Furnished,Under Construction,Whitefield,2.9,14.3,4,3,10000000,0,0,1,9
1361.0,3,3,0,1,20,4,5,Independent House,Unfurnished,Ready to Move,Electronic City,5.3,28.3,6,2,7050000,1,2,0,1
791.0,2,2,0,1,15,14,25,Apartment,Semi-Furnished,Ready to Move,Koramangala,6.8,4.4,0,3,9910000,0,1,0,6
1728.0,3,4,3,1,6,6,10,Villa,Furnished,Ready to Move,Koramangala,6.3,4.3,5,1,40990000,2,0,0,6
1592.0,4,5,1,1,0,5,5,Apartment,Unfurnished,Ready to Move,Hebbal,3.7,7.8,2,1,13580000,0,2,0,3
1010.0,2,2,2,1,0,1,10,Independent House,Unfurnished,Under Construction,Whitefield,4.8,18.3,2,6,7130000,1,2,1,9
595.0,1,1,3,1,18,14,25,Apartment,Semi-Furnished,Ready to Move,Electronic City,4.8,26.1,6,1,2970000,0,1,0,1
1134.0,3,3,3,1,16,5,10,Apartment,Unfurnished,Ready to Move,Koramangala,8.4,4.2,5,1,15110000,0,2,0,6
963.0,2,2,2,1,4,1,10,Apartment,Furnished,Ready to Move,Yelahanka,2.2,17.2,3,2,4880000,0,0,0,10
1145.0,3,3,2,1,3,5,7,Apartment,Semi-Furnished,Ready to Move,Jayanagar,5.5,4.6,4,2,12080000,0,1,0,5
2712.875,4,5,1,1,8,3,3,Apartment,Furnished,Ready to Move,HSR Layout,7.5,15.9,1,2,50200000,0,0,0,2
1081.0,3,3,1,1,13,1,5,Apartment,Furnished,Ready to Move,Jayanagar,6.5,5.5,2,2,13630000,0,0,0,5
1216.0,3,3,2,1,10,3,10,Apartment,Furnished,Ready to Move,Sarjapur Road,4.2,21.4,1,3,8840000,0,0,0,8
1057.0,3,4,1,1,7,4,15,Apartment,Unfurnished,Under Construction,Banashankari,4.5,7.5,1,3,7530000,0,2,1,0
692.0,2,3,0,1,2,14,20,Apartment,Unfurnished,Ready to Move,HSR Layout,6.8,11.0,5,1,6450000,0,2,0,2
1252.0,2,2,2,1,2,12,15,Independent House,Unfurnished,Under Construction,Yelahanka,3.6,17.1,7,1,5490000,1,2,1,10
2217.0,4,5,2,1,10,2,5,Villa,Semi-Furnished,Under Construction,Yelahanka,6.6,18.8,3,1,14620000,2,1,1,10
1439.0,3,3,2,1,12,7,15,Villa,Unfurnished,Ready to Move,Yelahanka,3.6,18.2,3,2,8340000,2,2,0,10
477.0,1,2,2,1,0,2,10,Villa,Furnished,Ready to Move,Marathahalli,3.4,12.6,2,0,4610000,2,0,0,7
1122.0,2,3,2,1,1,4,10,Apartment,Semi-Furnished,Ready to Move,Marathahalli,4.3,17.5,5,2,7570000,0,1,0,7
1169.0,3,4,1,1,9,9,10,Apartment,Semi-Furnished,Ready to Move,Electronic City,1.9,19.0,2,3,7280000,0,1,0,1
1622.0,3,3,1,1,3,2,3,Apartment,Semi-Furnished,Under Construction,Sarjapur Road,2.2,14.4,3,4,10790000,0,1,1,8
1650.0,4,4,3,1,6,3,3,Independent House,Semi-Furnished,Ready to Move,Jayanagar,8.5,5.1,3,4,26710000,1,1,0,5
827.0,2,2,0,1,7,9,10,Independent House,Unfurnished,Ready to Move,Marathahalli,4.5,15.2,5,3,5930000,1,2,0,7
2303.0,4,4,1,1,11,1,5,Apartment,Unfurnished,Ready to Move,Indiranagar,10.0,1.9,2,2,33460000,0,2,0,4
1641.0,3,3,2,1,13,6,10,Apartment,Semi-Furnished,Ready to Move,Sarjapur Road,1.2,17.8,7,0,10260000,0,1,0,8
1567.0,3,3,1,1,2,3,7,Apartment,Semi-Furnished,Under Construction,Hebbal,3.5,7.8,1,1,10750000,0,1,1,3
1106.0,3,4,1,1,6,1,20,Apartment,Unfurnished,Ready to Move,Koramangala,8.4,3.2,2,3,13740000,0,2,0,6
865.0,2,2,1,1,1,8,20,Apartment,Furnished,Ready to Move,Hebbal,3.8,14.9,3,2,7800000,0,0,0,3
2712.875,4,5,1,1,14,6,25,Apartment,Furnished,Ready to Move,Jayanagar,4.5,3.5,4,5,41120000,0,0,0,5
788.0,2,2,1,1,14,4,20,Independent House,Unfurnished,Ready to Move,Hebbal,3.4,8.3,0,1,5910000,1,2,0,3
1210.0,2,2,2,1,2,3,25,Apartment,Semi-Furnished,Ready to Move,Indiranagar,8.2,6.1,4,4,20790000,0,1,0,4
1039.0,4,5,1,1,1,13,15,Independent House,Semi-Furnished,Ready to Move,Electronic City,4.0,19.6,5,6,7800000,1,1,0,1
1181.0,3,3,1,1,0,2,25,Independent House,Unfurnished,Ready to Move,Yelahanka,5.6,23.3,4,3,6690000,1,2,0,10
1796.0,4,4,1,1,6,5,10,Independent House,Furnished,Ready to Move,HSR Layout,4.8,10.6,2,2,27630000,1,0,0,2
603.0,3,3,0,1,0,14,15,Villa,Furnished,Ready to Move,Hebbal,3.5,15.1,3,2,8760000,2,0,0,3
684.0,2,3,3,1,9,4,5,Villa,Semi-Furnished,Ready to Move,Indiranagar,6.5,1.1,3,0,11370000,2,1,0,4
2250.0,4,4,1,1,9,8,10,Villa,Furnished,Ready to Move,Jayanagar,7.5,7.4,3,0,37720000,2,0,0,5
553.0,1,2,3,1,7,14,20,Villa,Semi-Furnished,Ready to Move,Electronic City,3.5,19.0,2,1,3870000,2,1,0,1
2629.0,4,4,1,1,16,9,10,Apartment,Semi-Furnished,Under Construction,Marathahalli,2.6,13.5,2,2,14560000,0,1,1,7
1243.0,2,3,2,1,3,2,5,Independent House,Semi-Furnished,Ready to Move,Electronic City,2.1,19.7,1,2,9020000,1,1,0,1
2173.0,4,4,1,1,18,5,10,Villa,Unfurnished,Under Construction,Whitefield,4.1,23.1,2,0,16160000,2,2,1,9
1009.0,2,2,0,1,0,7,15,Independent House,Unfurnished,Under Construction,HSR Layout,6.2,11.0,4,0,9980000,1,2,1,2
1418.0,3,3,0,1,0,11,15,Independent House,Semi-Furnished,Under Construction,Whitefield,2.8,20.4,1,3,10490000,1,1,1,9
937.0,4,4,2,1,4,9,10,Apartment,Semi-Furnished,Under Construction,Banashankari,4.9,12.1,6,1,7650000,0,1,1,0
1009.0,3,3,1,1,7,2,5,Apartment,Semi-Furnished,Under Construction,Banashankari,2.6,8.0,3,1,7360000,0,1,1,0
1428.0,3,3,1,1,0,3,20,Apartment,Semi-Furnished,Ready to Move,Electronic City,3.4,25.1,2,1,8500000,0,1,0,1
2246.0,4,4,2,1,6,2,15,Apartment,Unfurnished,Under Construction,Sarjapur Road,3.4,23.4,2,0,12640000,0,2,1,8
1481.0,3,3,1,1,2,4,7,Independent House,Semi-Furnished,Ready to Move,Electronic City,3.9,22.4,2,4,9290000,1,1,0,1
1643.0,4,5,1,1,17,7,15,Apartment,Semi-Furnished,Ready to Move,Marathahalli,5.8,14.8,3,2,10500000,0,1,0,7
1128.0,2,3,2,1,6,2,7,Apartment,Unfurnished,Under Construction,Hebbal,4.4,14.9,2,3,6760000,0,2,1,3
1231.0,2,2,1,1,7,4,7,Apartment,Furnished,Ready to Move,Yelahanka,3.0,20.3,4,4,6180000,0,0,0,10
653.0,1,1,2,1,23,14,20,Apartment,Semi-Furnished,Ready to Move,Electronic City,0.4,22.4,3,2,2930000,0,1,0,1
1138.0,2,2,1,1,11,14,20,Villa,Unfurnished,Under Construction,Hebbal,8.0,10.1,4,2,8460000,2,2,1,3
843.0,2,2,1,1,4,6,7,Independent House,Semi-Furnished,Ready to Move,HSR Layout,3.5,12.6,2,4,9640000,1,1,0,2
1701.0,3,4,1,1,5,1,3,Apartment,Semi-Furnished,Ready to Move,Banashankari,4.5,9.7,1,3,13680000,0,1,0,0
977.0,2,3,3,1,8,4,5,Apartment,Semi-Furnished,Ready to Move,Whitefield,0.5,22.6,3,2,5910000,0,1,0,9
606.0,1,1,2,1,1,3,20,Apartment,Furnished,Under Construction,Marathahalli,2.8,16.1,3,1,4180000,0,0,1,7
590.0,1,1,3,1,0,4,20,Apartment,Semi-Furnished,Under Construction,Marathahalli,6.6,14.6,2,3,3830000,0,1,1,7
1951.0,4,5,1,1,2,7,10,Apartment,Furnished,Under Construction,Sarjapur Road,5.4,18.8,4,2,14840000,0,0,1,8
1159.0,3,3,2,1,12,3,7,Independent House,Furnished,Ready to Move,Koramangala,9.5,6.1,4,4,21890000,1,0,0,6
934.0,2,2,1,1,2,2,7,Apartment,Unfurnished,Ready to Move,Yelahanka,2.7,11.7,2,2,3730000,0,2,0,10
2394.0,4,5,1,1,1,14,20,Apartment,Unfurnished,Under Construction,Koramangala,10.0,8.0,2,1,29300000,0,2,1,6
501.0,1,1,2,1,1,3,7,Apartment,Semi-Furnished,Under Construction,Marathahalli,4.4,15.3,2,1,2580000,0,1,1,7
2712.875,4,5,1,1,9,6,10,Villa,Furnished,Ready to Move,HSR Layout,7.4,7.5,1,1,68150000,2,0,0,2
1606.0,3,4,1,1,7,3,15,Villa,Furnished,Ready to Move,Electronic City,4.8,22.6,2,4,14740000,2,0,0,1
893.0,2,2,1,1,9,3,5,Villa,Furnished,Ready to Move,Jayanagar,8.3,10.0,4,1,15290000,2,0,0,5
1788.0,3,4,2,1,3,5,7,Apartment,Semi-Furnished,Under Construction,Electronic City,3.2,22.9,5,2,9780000,0,1,1,1
1300.0,3,3,1,1,18,1,7,Independent House,Semi-Furnished,Under Construction,Koramangala,8.8,1.8,6,0,14910000,1,1,1,6
1236.0,2,3,1,1,4,2,10,Apartment,Semi-Furnished,Ready to Move,Koramangala,10.0,1.0,1,1,17460000,0,1,0,6
2173.0,4,5,3,1,5,3,15,Apartment,Semi-Furnished,Ready to Move,Electronic City,4.3,29.4,2,1,15320000,0,1,0,1
946.0,2,2,1,1,23,1,10,Apartment,Unfurnished,Ready to Move,Sarjapur Road,4.8,12.8,1,3,4370000,0,2,0,8
781.0,2,3,1,1,24,1,5,Apartment,Semi-Furnished,Under Construction,Yelahanka,4.9,17.0,2,3,2250000,0,1,1,10
540.0,1,2,2,1,8,1,7,Independent House,Semi-Furnished,Under Construction,Whitefield,8.1,18.2,1,3,3590000,1,1,1,9
911.0,2,2,2,1,23,3,5,Independent House,Semi-Furnished,Ready to Move,Electronic City,1.9,25.1,6,2,4740000,1,1,0,1
710.0,2,3,0,1,6,2,3,Apartment,Unfurnished,Ready to Move,Whitefield,5.4,16.4,5,3,4940000,0,2,0,9
1912.0,4,5,2,1,2,4,10,Independent House,Unfurnished,Ready to Move,Whitefield,5.0,24.8,2,2,14260000,1,2,0,9
461.0,1,1,0,1,3,14,25,Independent House,Semi-Furnished,Ready to Move,Marathahalli,3.4,13.6,2,1,3560000,1,1,0,7
1061.0,2,2,1,1,6,5,15,Independent House,Furnished,Under Construction,Marathahalli,3.0,13.3,1,2,7860000,1,0,1,7
1765.0,3,3,1,1,7,11,15,Apartment,Furnished,Ready to Move,Koramangala,10.0,3.1,4,3,30290000,0,0,0,6
1509.0,4,4,1,1,4,2,15,Apartment,Semi-Furnished,Under Construction,HSR Layout,4.8,8.2,4,2,15730000,0,1,1,2
2712.875,4,5,1,1,17,14,20,Apartment,Furnished,Ready to Move,Whitefield,2.2,18.9,7,1,32720000,0,0,0,9
1364.0,3,3,3,1,4,12,15,Independent House,Unfurnished,Ready to Move,Hebbal,4.2,14.2,5,2,12640000,1,2,0,3
2253.0,4,5,2,1,2,9,10,Apartment,Furnished,Under Construction,Banashankari,2.0,2.8,6,2,16740000,0,0,1,0
1612.0,3,3,3,1,0,5,7,Apartment,Semi-Furnished,Ready to Move,Koramangala,6.7,1.8,2,2,22120000,0,1,0,6
2549.0,4,5,2,1,24,4,5,Apartment,Furnished,Under Construction,HSR Layout,4.8,14.5,4,2,23440000,0,0,1,2
1377.0,3,3,0,1,13,3,10,Apartment,Unfurnished,Under Construction,Hebbal,5.1,11.7,0,2,10750000,0,2,1,3
505.0,1,1,1,1,7,14,20,Villa,Furnished,Ready to Move,Yelahanka,5.2,14.3,2,0,3710000,2,0,0,10
794.0,2,3,3,1,14,4,10,Independent House,Semi-Furnished,Ready to Move,Electronic City,2.4,18.2,3,3,4400000,1,1,0,1
1602.0,3,3,2,1,13,4,5,Villa,Unfurnished,Under Construction,Whitefield,5.6,16.5,1,3,12120000,2,2,1,9
895.0,2,2,3,1,21,5,10,Independent House,Semi-Furnished,Ready to Move,Whitefield,5.5,22.9,2,4,6410000,1,1,0,9
677.0,2,2,1,1,3,5,10,Apartment,Unfurnished,Ready to Move,Marathahalli,0.7,11.5,2,4,4010000,0,2,0,7
1554.0,3,3,1,1,6,8,20,Apartment,Semi-Furnished,Under Construction,Electronic City,2.5,24.4,4,2,8540000,0,1,1,1
1517.0,4,4,1,1,0,1,5,Apartment,Semi-Furnished,Under Construction,Whitefield,3.8,17.1,4,1,11040000,0,1,1,9
423.0,1,2,1,1,24,11,15,Apartment,Semi-Furnished,Under Construction,Marathahalli,4.6,13.6,2,2,2210000,0,1,1,7
1733.0,3,3,1,1,24,8,10,Apartment,Furnished,Ready to Move,Whitefield,5.2,19.8,3,2,11740000,0,0,0,9
1065.0,3,4,1,1,12,5,25,Villa,Furnished,Under Construction,Hebbal,5.5,9.7,2,1,12220000,2,0,1,3
1502.0,4,5,2,1,4,6,10,Apartment,Unfurnished,Under Construction,Electronic City,2.0,22.2,2,1,8660000,0,2,1,1
2249.0,4,4,1,1,5,14,20,Villa,Unfurnished,Ready to Move,Whitefield,3.4,13.7,2,1,20050000,2,2,0,9
1314.0,3,4,0,1,4,2,3,Apartment,Semi-Furnished,Ready to Move,Marathahalli,1.7,13.7,2,3,11030000,0,1,0,7
1339.0,3,4,2,1,2,3,5,Apartment,Unfurnished,Ready to Move,Electronic City,3.4,23.3,5,3,7050000,0,2,0,1
890.0,2,3,1,1,6,3,7,Apartment,Furnished,Under Construction,Banashankari,4.1,5.5,1,1,6690000,0,0,1,0
1464.0,3,4,2,1,0,5,10,Apartment,Semi-Furnished,Under Construction,Jayanagar,7.5,6.6,1,1,16420000,0,1,1,5
1189.0,3,3,1,1,24,1,7,Apartment,Semi-Furnished,Ready to Move,HSR Layout,7.4,10.5,4,2,8260000,0,1,0,2
2590.0,4,5,2,1,4,1,5,Apartment,Unfurnished,Ready to Move,Sarjapur Road,3.2,18.6,1,2,15540000,0,2,0,8
986.0,3,3,2,1,20,1,10,Apartment,Semi-Furnished,Under Construction,HSR Layout,6.8,6.0,2,3,7570000,0,1,1,2
1034.0,2,3,3,1,10,4,10,Apartment,Furnished,Ready to Move,Yelahanka,2.7,16.3,2,0,5690000,0,0,0,10
1579.0,3,3,1,1,2,5,10,Apartment,Semi-Furnished,Ready to Move,Electronic City,1.7,16.8,4,4,8870000,0,1,0,1
805.0,2,2,1,1,2,3,3,Villa,Furnished,Ready to Move,Jayanagar,5.5,4.1,2,3,14410000,2,0,0,5
437.0,1,2,1,1,24,4,20,Villa,Unfurnished,Ready to Move,Whitefield,0.9,20.0,4,1,2310000,2,2,0,9
1143.0,2,2,1,1,11,6,10,Apartment,Unfurnished,Ready to Move,Indiranagar,8.1,5.6,3,1,13760000,0,2,0,4
761.0,2,2,1,1,2,2,7,Independent House,Furnished,Ready to Move,Hebbal,4.1,8.4,1,2,9080000,1,0,0,3
1757.0,4,4,2,1,0,5,10,Villa,Semi-Furnished,Ready to Move,Hebbal,3.4,11.1,1,0,23260000,2,1,0,3
1118.0,2,3,1,1,9,5,7,Villa,Unfurnished,Ready to Move,HSR Layout,7.6,12.4,4,1,12470000,2,2,0,2
956.0,2,3,2,1,2,6,10,Apartment,Semi-Furnished,Under Construction,HSR Layout,7.1,7.1,4,3,8850000,0,1,1,2
1793.0,4,6,2,1,2,7,7,Apartment,Semi-Furnished,Under Construction,Hebbal,5.8,5.5,4,5,15940000,0,1,1,3
1281.0,2,3,2,1,10,5,20,Villa,Semi-Furnished,Under Construction,Yelahanka,4.0,17.6,3,3,6130000,2,1,1,10
491.0,1,1,1,1,9,6,25,Apartment,Furnished,Under Construction,Whitefield,4.8,17.2,4,2,3370000,0,0,1,9
873.0,2,2,3,1,5,2,5,Independent House,Unfurnished,Ready to Move,Indiranagar,8.6,3.1,4,2,13930000,1,2,0,4
998.0,2,2,1,1,22,1,3,Independent House,Semi-Furnished,Ready to Move,Electronic City,4.6,22.4,4,2,5690000,1,1,0,1
1068.0,2,2,0,1,9,2,5,Apartment,Semi-Furnished,Ready to Move,Yelahanka,4.0,16.2,4,1,5140000,0,1,0,10
765.0,1,1,2,1,17,8,10,Apartment,Semi-Furnished,Under Construction,Whitefield,5.9,23.1,4,0,4590000,0,1,1,9
935.0,3,3,1,1,1,1,5,Apartment,Semi-Furnished,Ready to Move,HSR Layout,6.3,9.3,0,0,10710000,0,1,0,2
1106.0,2,2,2,1,2,14,15,Apartment,Semi-Furnished,Ready to Move,Sarjapur Road,2.2,18.2,1,2,6060000,0,1,0,8
1091.0,2,3,1,1,0,6,7,Apartment,Unfurnished,Ready to Move,Whitefield,4.7,14.9,2,2,8320000,0,2,0,9
1945.0,4,4,0,1,2,5,10,Apartment,Semi-Furnished,Under Construction,Jayanagar,5.8,7.9,1,2,22070000,0,1,1,5
1099.0,2,3,1,1,24,4,10,Apartment,Unfurnished,Ready to Move,Indiranagar,9.6,2.9,2,1,13540000,0,2,0,4
2373.0,4,5,1,1,24,14,20,Apartment,Unfurnished,Ready to Move,Electronic City,3.8,31.7,6,3,10700000,0,2,0,1
1013.0,3,4,0,1,11,2,3,Independent House,Semi-Furnished,Under Construction,Electronic City,3.4,21.4,2,4,6360000,1,1,1,1
1282.0,2,3,1,1,5,9,15,Apartment,Unfurnished,Under Construction,Jayanagar,6.1,7.3,5,2,11580000,0,2,1,5
963.0,3,3,2,1,12,7,10,Independent House,Semi-Furnished,Ready to Move,Koramangala,9.5,5.9,1,3,16580000,1,1,0,6
425.0,1,2,2,1,6,1,10,Independent House,Unfurnished,Ready to Move,Marathahalli,5.4,13.7,3,1,2690000,1,2,0,7
521.0,1,2,2,1,0,3,7,Apartment,Semi-Furnished,Ready to Move,Hebbal,4.2,13.3,2,1,4670000,0,1,0,3
1938.0,3,3,2,1,5,1,3,Villa,Furnished,Under Construction,Sarjapur Road,1.8,24.8,5,3,16620000,2,0,1,8
1313.0,3,4,1,1,7,3,10,Apartment,Unfurnished,Ready to Move,Koramangala,8.3,1.7,1,1,17370000,0,2,0,6
1391.0,3,3,2,1,2,13,15,Villa,Semi-Furnished,Ready to Move,Koramangala,9.8,1.0,5,1,29650000,2,1,0,6
2572.0,4,4,1,1,1,2,3,Apartment,Semi-Furnished,Ready to Move,HSR Layout,4.4,6.1,1,2,30330000,0,1,0,2
892.0,2,2,1,1,2,7,7,Apartment,Unfurnished,Under Construction,Electronic City,4.0,25.0,3,1,3520000,0,2,1,1
1070.0,3,4,2,1,7,5,5,Apartment,Semi-Furnished,Under Construction,Electronic City,2.1,20.6,4,0,6100000,0,1,1,1
1283.0,3,4,1,1,1,2,10,Apartment,Unfurnished,Ready to Move,Marathahalli,2.5,21.0,3,1,7790000,0,2,0,7
2712.875,4,6,2,1,10,4,15,Apartment,Unfurnished,Ready to Move,Whitefield,5.7,22.2,6,5,25080000,0,2,0,9
2028.0,4,5,1,1,4,2,10,Apartment,Furnished,Under Construction,Whitefield,5.3,18.0,2,2,16860000,0,0,1,9
2712.875,4,4,0,1,3,5,7,Apartment,Unfurnished,Under Construction,Electronic City,3.1,19.7,5,2,13410000,0,2,1,1
1090.0,2,2,0,1,13,5,5,Apartment,Semi-Furnished,Under Construction,Sarjapur Road,4.9,16.7,3,2,5990000,0,1,1,8
1219.0,3,4,1,1,5,14,15,Apartment,Unfurnished,Under Construction,Koramangala,9.0,1.0,5,3,12010000,0,2,1,6
959.0,2,2,2,1,3,4,7,Apartment,Unfurnished,Under Construction,Marathahalli,1.8,14.8,6,1,5200000,0,2,1,7
787.0,2,2,3,1,16,1,3,Apartment,Unfurnished,Ready to Move,HSR Layout,6.5,12.1,2,1,7210000,0,2,0,2
1732.0,4,4,1,1,3,4,10,Apartment,Semi-Furnished,Ready to Move,Yelahanka,5.1,13.1,1,3,10010000,0,1,0,10
1042.0,1,1,1,1,15,5,5,Independent House,Semi-Furnished,Ready to Move,Yelahanka,3.7,11.3,3,2,5570000,1,1,0,10
2712.875,4,6,1,1,5,2,15,Apartment,Semi-Furnished,Ready to Move,HSR Layout,2.4,7.3,3,2,37310000,0,1,0,2
1113.0,2,2,2,1,1,1,5,Villa,Semi-Furnished,Ready to Move,HSR Layout,4.7,13.0,2,1,15020000,2,1,0,2
1750.0,4,5,1,1,7,2,7,Apartment,Semi-Furnished,Ready to Move,Electronic City,4.8,24.4,3,2,10790000,0,1,0,1
1248.0,2,3,3,1,2,2,7,Independent House,Furnished,Ready to Move,HSR Layout,5.5,10.6,1,5,18000000,1,0,0,2
1158.0,2,2,2,1,1,3,10,Apartment,Furnished,Under Construction,Marathahalli,5.7,18.9,0,4,7840000,0,0,1,7
1307.0,2,2,2,1,0,2,10,Apartment,Semi-Furnished,Ready to Move,Hebbal,8.1,6.9,2,3,11860000,0,1,0,3
1913.0,3,3,2,1,2,14,15,Apartment,Furnished,Ready to Move,Marathahalli,3.6,13.4,5,4,15120000,0,0,0,7
668.0,2,3,2,1,10,3,10,Apartment,Semi-Furnished,Ready to Move,Hebbal,4.1,13.7,2,4,5360000,0,1,0,3
1089.0,3,3,2,1,14,3,3,Apartment,Furnished,Ready to Move,Electronic City,1.8,24.4,3,1,6790000,0,0,0,1
439.0,1,1,2,1,15,3,5,Apartment,Semi-Furnished,Under Construction,Koramangala,9.1,6.4,2,4,5260000,0,1,1,6
446.0,1,2,2,1,2,14,25,Independent House,Furnished,Under Construction,Sarjapur Road,2.8,20.2,2,3,2700000,1,0,1,8
585.0,1,1,2,1,8,2,7,Apartment,Semi-Furnished,Ready to Move,Electronic City,2.7,26.0,4,4,3090000,0,1,0,1
842.0,2,3,2,1,2,1,10,Apartment,Semi-Furnished,Ready to Move,Marathahalli,2.3,16.3,4,4,5490000,0,1,0,7
2712.875,4,5,3,1,7,14,20,Villa,Semi-Furnished,Under Construction,HSR Layout,5.7,6.5,2,1,42100000,2,1,1,2
2712.875,4,4,3,1,17,2,3,Apartment,Furnished,Ready to Move,Whitefield,3.3,18.6,4,4,24330000,0,0,0,9
948.0,2,3,2,1,0,8,10,Independent House,Furnished,Ready to Move,Banashankari,1.7,2.9,2,2,10040000,1,0,0,0
1947.0,3,3,0,1,24,7,7,Apartment,Unfurnished,Ready to Move,Koramangala,6.7,7.0,3,1,19150000,0,2,0,6
1816.0,3,4,0,1,14,4,7,Villa,Semi-Furnished,Under Construction,Banashankari,5.8,11.6,5,0,14930000,2,1,1,0
864.0,2,3,2,1,11,4,5,Apartment,Unfurnished,Under Construction,Banashankari,6.7,4.3,3,1,5590000,0,2,1,0
568.0,2,2,0,1,9,5,15,Independent House,Unfurnished,Ready to Move,Hebbal,4.8,10.9,4,3,5090000,1,2,0,3
1338.0,3,3,1,1,11,4,7,Villa,Furnished,Under Construction,Marathahalli,4.1,8.7,0,4,11450000,2,0,1,7
827.0,2,3,1,1,24,3,3,Apartment,Semi-Furnished,Ready to Move,Marathahalli,4.4,13.6,7,1,3710000,0,1,0,7
572.0,1,1,2,1,11,2,3,Apartment,Semi-Furnished,Under Construction,Hebbal,7.9,9.5,1,2,3770000,0,1,1,3
966.0,2,3,2,1,3,2,5,Apartment,Semi-Furnished,Ready to Move,HSR Layout,4.8,6.5,2,2,11680000,0,1,0,2
1417.0,3,3,1,1,7,7,20,Independent House,Semi-Furnished,Ready to Move,Indiranagar,6.8,4.9,1,2,23450000,1,1,0,4
607.0,1,1,1,1,3,4,7,Apartment,Unfurnished,Ready to Move,Marathahalli,3.9,19.6,2,3,3370000,0,2,0,7
719.0,2,3,2,1,24,2,20,Apartment,Unfurnished,Under Construction,Electronic City,3.9,24.4,3,3,2340000,0,2,1,1
1028.0,2,2,3,1,18,9,15,Apartment,Semi-Furnished,Ready to Move,Indiranagar,8.6,4.2,4,2,14380000,0,1,0,4
501.0,1,2,0,1,6,14,15,Apartment,Unfurnished,Ready to Move,Electronic City,1.3,21.9,3,4,2190000,0,2,0,1
987.0,2,2,0,1,12,6,7,Apartment,Unfurnished,Ready to Move,Jayanagar,8.0,11.6,2,0,10700000,0,2,0,5
2382.0,4,4,2,1,19,6,7,Independent House,Semi-Furnished,Ready to Move,Hebbal,4.8,15.8,4,1,22430000,1,1,0,3
415.0,1,2,2,1,2,1,10,Apartment,Furnished,Ready to Move,HSR Layout,7.2,9.1,0,4,5000000,0,0,0,2
1321.0,3,3,2,1,6,7,7,Independent House,Unfurnished,Ready to Move,Yelahanka,5.3,17.5,6,2,7780000,1,2,0,10
927.0,2,3,2,1,5,1,10,Apartment,Furnished,Ready to Move,Sarjapur Road,1.5,15.0,3,1,6100000,0,0,0,8
1256.0,3,4,2,1,11,1,3,Apartment,Semi-Furnished,Ready to Move,Hebbal,2.4,12.1,5,0,11600000,0,1,0,3
1651.0,3,4,1,1,3,8,25,Apartment,Unfurnished,Ready to Move,Jayanagar,7.5,8.3,1,0,17760000,0,2,0,5
813.0,2,3,0,1,9,2,3,Apartment,Semi-Furnished,Ready to Move,Sarjapur Road,0.6,21.1,2,2,4240000,0,1,0,8
1777.0,4,4,2,1,4,2,5,Independent House,Semi-Furnished,Ready to Move,Whitefield,3.7,18.1,2,1,16360000,1,1,0,9
1201.0,3,4,2,1,0,7,10,Independent House,Furnished,Ready to Move,Hebbal,4.1,15.0,1,2,13640000,1,0,0,3
2436.0,4,4,2,1,0,3,5,Apartment,Furnished,Ready to Move,Whitefield,4.9,20.4,1,4,25620000,0,0,0,9
856.0,2,2,3,1,1,5,5,Apartment,Unfurnished,Ready to Move,Yelahanka,2.0,15.1,0,1,4050000,0,2,0,10
2712.875,4,5,2,1,0,5,5,Apartment,Furnished,Ready to Move,Banashankari,5.4,13.7,1,3,32230000,0,0,0,0
1953.0,3,3,2,1,6,1,3,Independent House,Semi-Furnished,Under Construction,HSR Layout,4.7,8.9,1,1,22670000,1,1,1,2
2712.875,4,6,0,1,8,1,7,Independent House,Unfurnished,Ready to Move,HSR Layout,4.5,6.7,1,3,33770000,1,2,0,2
1711.0,3,3,0,1,1,7,7,Independent House,Unfurnished,Under Construction,Sarjapur Road,3.7,16.0,3,2,10590000,1,2,1,8
1867.0,3,3,2,1,7,7,10,Apartment,Semi-Furnished,Ready to Move,HSR Layout,6.5,12.2,2,1,19560000,0,1,0,2
1687.0,3,3,1,1,7,2,7,Apartment,Unfurnished,Ready to Move,Hebbal,5.4,9.0,3,4,13330000,0,2,0,3
1993.0,4,4,0,1,1,3,10,Apartment,Semi-Furnished,Ready to Move,Whitefield,6.6,22.5,5,2,14040000,0,1,0,9
2712.875,4,6,3,1,4,3,10,Apartment,Furnished,Ready to Move,Koramangala,9.9,1.4,2,3,65430000,0,0,0,6
705.0,2,2,2,1,11,4,5,Apartment,Furnished,Ready to Move,Banashankari,5.3,7.8,2,0,5560000,0,0,0,0
1181.0,3,3,1,1,0,4,5,Apartment,Furnished,Ready to Move,Marathahalli,5.2,20.6,3,3,10430000,0,0,0,7
835.0,2,2,2,1,1,6,20,Apartment,Unfurnished,Ready to Move,Hebbal,5.4,9.4,5,0,6070000,0,2,0,3
2027.0,3,3,0,1,24,6,10,Independent House,Semi-Furnished,Under Construction,Electronic City,5.1,15.9,3,1,8550000,1,1,1,1
795.0,2,2,1,1,10,3,3,Independent House,Furnished,Ready to Move,Marathahalli,4.5,18.1,3,3,7550000,1,0,0,7
792.0,2,2,2,1,4,14,25,Apartment,Unfurnished,Ready to Move,Marathahalli,3.2,9.8,2,3,5410000,0,2,0,7
1582.0,4,4,2,1,7,9,10,Apartment,Furnished,Ready to Move,Marathahalli,2.9,11.6,1,4,15800000,0,0,0,7
1056.0,2,2,0,1,14,1,5,Apartment,Unfurnished,Ready to Move,Sarjapur Road,5.4,20.2,2,3,5890000,0,2,0,8
1439.0,3,3,1,1,14,14,25,Villa,Semi-Furnished,Ready to Move,Marathahalli,3.7,16.1,1,1,11670000,2,1,0,7
1704.0,3,4,1,1,3,2,7,Independent House,Semi-Furnished,Ready to Move,Indiranagar,10.0,1.0,2,0,30820000,1,1,0,4
1077.0,2,2,3,1,5,10,25,Independent House,Furnished,Ready to Move,HSR Layout,4.7,9.0,3,1,16460000,1,0,0,2
687.0,2,3,2,1,8,1,5,Villa,Semi-Furnished,Under Construction,Sarjapur Road,5.5,20.6,2,2,4830000,2,1,1,8
1173.0,3,4,1,1,0,2,5,Apartment,Furnished,Under Construction,HSR Layout,5.7,16.1,5,2,13520000,0,0,1,2
1209.0,2,2,0,1,23,6,10,Apartment,Unfurnished,Ready to Move,Sarjapur Road,4.3,14.3,3,0,5150000,0,2,0,8
1918.0,4,5,2,1,4,2,3,Apartment,Semi-Furnished,Ready to Move,HSR Layout,4.4,13.2,5,2,23080000,0,1,0,2
2712.875,4,6,2,1,3,3,3,Apartment,Semi-Furnished,Under Construction,Marathahalli,1.2,12.0,2,6,22930000,0,1,1,7
921.0,2,3,2,1,19,8,15,Independent House,Semi-Furnished,Ready to Move,Sarjapur Road,5.9,21.1,1,2,6430000,1,1,0,8
766.0,2,2,1,1,1,3,5,Apartment,Semi-Furnished,Ready to Move,HSR Layout,5.7,6.9,3,1,9500000,0,1,0,2
1315.0,3,3,3,1,0,6,20,Apartment,Furnished,Ready to Move,Whitefield,5.8,19.3,2,3,10800000,0,0,0,9
1128.0,3,3,1,1,9,3,7,Apartment,Unfurnished,Ready to Move,Koramangala,7.0,5.2,2,4,13930000,0,2,0,6
842.0,2,2,1,1,3,9,20,Independent House,Unfurnished,Ready to Move,Marathahalli,5.5,16.9,2,1,5780000,1,2,0,7
572.0,1,2,1,1,11,3,7,Apartment,Furnished,Under Construction,Hebbal,4.4,13.7,3,2,4380000,0,0,1,3
1543.0,3,4,1,1,0,2,10,Villa,Semi-Furnished,Ready to Move,Whitefield,2.5,18.7,7,2,15350000,2,1,0,9
1909.0,4,5,3,1,3,3,7,Apartment,Semi-Furnished,Ready to Move,Sarjapur Road,4.6,16.5,7,3,14450000,0,1,0,8
946.0,2,3,2,1,2,5,10,Apartment,Unfurnished,Ready to Move,Electronic City,4.8,27.3,0,2,4670000,0,2,0,1
838.0,2,3,2,1,10,3,7,Apartment,Unfurnished,Ready to Move,Indiranagar,9.6,5.8,3,2,11760000,0,2,0,4
2436.0,4,5,1,1,2,1,5,Villa,Unfurnished,Ready to Move,Yelahanka,2.8,14.6,7,4,16490000,2,2,0,10
1437.0,3,3,0,1,4,2,3,Apartment,Unfurnished,Under Construction,Electronic City,0.7,23.6,3,2,7010000,0,2,1,1
1245.0,3,3,1,1,13,2,3,Independent House,Semi-Furnished,Under Construction,Indiranagar,7.1,6.9,5,1,17280000,1,1,1,4
1786.0,3,4,2,1,19,6,7,Apartment,Furnished,Ready to Move,Whitefield,4.8,15.9,4,1,14090000,0,0,0,9
2712.875,4,6,2,1,10,10,15,Apartment,Furnished,Under Construction,Whitefield,3.9,21.5,2,2,29180000,0,0,1,9
1730.0,3,3,1,1,4,1,5,Independent House,Unfurnished,Ready to Move,HSR Layout,8.0,5.5,4,4,21390000,1,2,0,2
1802.0,4,4,0,1,6,3,7,Apartment,Semi-Furnished,Ready to Move,Whitefield,4.2,18.1,3,4,12770000,0,1,0,9
1130.0,3,4,1,1,9,2,20,Apartment,Semi-Furnished,Ready to Move,Marathahalli,0.8,11.0,3,1,7380000,0,1,0,7
1422.0,3,4,1,1,16,10,10,Independent House,Unfurnished,Ready to Move,Indiranagar,4.8,4.6,3,0,16060000,1,2,0,4
921.0,2,2,1,1,17,1,20,Apartment,Furnished,Under Construction,Jayanagar,5.6,4.7,4,2,7910000,0,0,1,5
834.0,2,2,1,1,21,14,20,Villa,Semi-Furnished,Ready to Move,Koramangala,7.2,3.4,1,0,12850000,2,1,0,6
1070.0,3,4,1,1,13,3,3,Apartment,Furnished,Ready to Move,HSR Layout,6.9,4.3,3,2,11740000,0,0,0,2
942.0,2,2,0,1,1,11,25,Apartment,Unfurnished,Ready to Move,Marathahalli,1.8,13.8,0,1,5530000,0,2,0,7
1286.0,3,3,1,1,11,3,3,Apartment,Unfurnished,Under Construction,Banashankari,2.6,4.7,3,0,7160000,0,2,1,0
1080.0,2,3,2,1,13,10,20,Independent House,Semi-Furnished,Under Construction,Whitefield,5.0,26.9,5,1,8710000,1,1,1,9
2266.0,4,4,3,1,16,4,10,Apartment,Unfurnished,Ready to Move,Yelahanka,5.0,14.8,1,1,9580000,0,2,0,10
1159.0,2,3,1,1,20,5,10,Villa,Semi-Furnished,Ready to Move,Marathahalli,1.1,13.2,1,2,9760000,2,1,0,7
1496.0,4,4,1,1,5,5,15,Independent House,Furnished,Under Construction,Jayanagar,5.5,8.1,2,2,21980000,1,0,1,5
1512.0,3,3,2,1,8,5,20,Apartment,Unfurnished,Ready to Move,Jayanagar,8.3,10.0,0,6,15450000,0,2,0,5
811.0,2,2,2,1,0,10,10,Apartment,Unfurnished,Ready to Move,Whitefield,5.7,16.5,3,2,5410000,0,2,0,9
1058.0,3,3,0,1,6,1,7,Apartment,Unfurnished,Ready to Move,Whitefield,2.9,21.7,2,3,7460000,0,2,0,9
868.0,2,2,2,1,5,1,5,Apartment,Semi-Furnished,Ready to Move,Marathahalli,5.7,16.9,4,0,6080000,0,1,0,7
1153.0,2,3,2,1,24,5,15,Apartment,Semi-Furnished,Ready to Move,Electronic City,3.4,22.6,4,0,5320000,0,1,0,1
879.0,2,2,1,1,18,4,5,Villa,Semi-Furnished,Under Construction,Yelahanka,4.0,16.5,2,3,4550000,2,1,1,10
722.0,1,2,2,1,12,7,15,Independent House,Semi-Furnished,Ready to Move,Electronic City,2.3,20.5,3,4,4700000,1,1,0,1
2712.875,4,5,2,1,0,6,10,Independent House,Semi-Furnished,Ready to Move,Koramangala,8.4,3.0,2,3,58680000,1,1,0,6
506.0,1,1,2,1,4,4,7,Independent House,Semi-Furnished,Ready to Move,Sarjapur Road,1.9,17.7,2,3,3370000,1,1,0,8
1724.0,3,3,0,1,9,3,10,Independent House,Furnished,Ready to Move,HSR Layout,5.5,8.7,3,3,23720000,1,0,0,2
1034.0,2,3,0,1,0,4,15,Apartment,Semi-Furnished,Under Construction,Jayanagar,6.2,8.7,3,0,10340000,0,1,1,5
1138.0,3,3,1,1,2,13,20,Villa,Unfurnished,Ready to Move,Sarjapur Road,3.9,15.4,5,2,9130000,2,2,0,8
1303.0,2,2,2,1,17,3,7,Independent House,Unfurnished,Ready to Move,Yelahanka,6.6,18.6,2,2,6880000,1,2,0,10
1472.0,3,4,1,1,1,13,20,Apartment,Unfurnished,Ready to Move,Hebbal,8.8,16.0,3,1,12660000,0,2,0,3
1405.0,3,3,1,1,0,8,25,Independent House,Semi-Furnished,Under Construction,Marathahalli,3.4,15.1,0,4,10880000,1,1,1,7
1160.0,3,3,2,1,6,6,15,Apartment,Semi-Furnished,Under Construction,Marathahalli,6.2,8.6,2,2,7850000,0,1,1,7
1174.0,2,2,1,1,23,14,20,Villa,Unfurnished,Ready to Move,Yelahanka,1.3,17.8,1,1,5420000,2,2,0,10
1544.0,3,4,2,1,14,5,10,Villa,Furnished,Under Construction,HSR Layout,6.9,8.1,2,1,22540000,2,0,1,2
1069.0,2,2,1,1,24,3,3,Independent House,Semi-Furnished,Ready to Move,Whitefield,3.3,18.4,2,2,6270000,1,1,0,9
494.0,1,2,1,1,11,2,10,Apartment,Unfurnished,Ready to Move,HSR Layout,5.7,11.1,2,0,3520000,0,2,0,2
1108.0,2,3,1,1,4,14,15,Villa,Furnished,Ready to Move,HSR Layout,10.0,13.3,3,2,17930000,2,0,0,2
1123.0,2,3,3,1,23,14,20,Apartment,Semi-Furnished,Under Construction,Marathahalli,3.4,9.0,3,4,5500000,0,1,1,7
1212.0,3,3,2,1,4,9,10,Apartment,Unfurnished,Under Construction,Marathahalli,3.0,14.2,2,6,5650000,0,2,1,7
1003.0,3,4,0,1,3,12,15,Independent House,Furnished,Ready to Move,Marathahalli,2.5,20.0,3,2,9060000,1,0,0,7
1060.0,2,2,3,1,4,13,15,Apartment,Unfurnished,Under Construction,Whitefield,3.2,16.7,2,5,5910000,0,2,1,9
651.0,2,2,2,1,13,4,7,Villa,Furnished,Ready to Move,Sarjapur Road,1.5,17.4,3,1,4960000,2,0,0,8
566.0,1,1,0,1,19,3,5,Apartment,Furnished,Ready to Move,Electronic City,3.7,20.2,5,3,3270000,0,0,0,1
1274.0,3,4,0,1,3,10,15,Apartment,Semi-Furnished,Ready to Move,Marathahalli,4.3,16.1,2,0,9990000,0,1,0,7
1741.0,3,3,1,1,4,4,5,Villa,Semi-Furnished,Under Construction,Jayanagar,7.2,2.2,1,0,23100000,2,1,1,5
875.0,2,2,2,1,18,5,5,Apartment,Furnished,Ready to Move,Electronic City,3.3,17.3,1,3,5120000,0,0,0,1
1710.0,3,4,2,1,0,7,10,Apartment,Unfurnished,Under Construction,Koramangala,7.1,6.5,0,2,20110000,0,2,1,6
1256.0,3,3,1,1,12,13,15,Independent House,Unfurnished,Under Construction,Whitefield,3.3,20.7,5,1,6890000,1,2,1,9
1679.0,3,3,1,1,4,5,10,Apartment,Semi-Furnished,Ready to Move,Hebbal,5.2,8.4,2,5,16330000,0,1,0,3
1976.0,3,4,1,1,3,2,20,Villa,Furnished,Ready to Move,Yelahanka,2.9,15.8,2,3,16500000,2,0,0,10
1100.0,3,4,0,1,4,3,5,Apartment,Semi-Furnished,Ready to Move,Marathahalli,3.0,10.2,2,1,7380000,0,1,0,7
1481.0,3,3,1,1,4,6,7,Apartment,Furnished,Under Construction,Whitefield,3.9,22.8,4,5,13430000,0,0,1,9
1472.0,2,2,1,1,11,9,10,Apartment,Unfurnished,Ready to Move,Electronic City,5.6,22.8,5,1,7010000,0,2,0,1
962.0,2,3,1,1,21,2,15,Apartment,Furnished,Ready to Move,Sarjapur Road,6.6,15.9,4,0,5470000,0,0,0,8
961.0,2,2,3,1,5,2,10,Apartment,Furnished,Ready to Move,Sarjapur Road,3.3,16.3,4,1,7220000,0,0,0,8
1620.0,3,3,0,1,14,1,3,Apartment,Semi-Furnished,Ready to Move,Whitefield,3.2,18.6,3,3,10600000,0,1,0,9
2016.0,4,5,0,1,10,8,10,Apartment,Furnished,Ready to Move,Whitefield,4.3,16.8,6,2,19070000,0,0,0,9
625.0,2,2,0,1,3,10,15,Apartment,Unfurnished,Under Construction,Sarjapur Road,5.4,22.0,1,2,2540000,0,2,1,8
1165.0,2,2,1,1,7,3,7,Apartment,Furnished,Ready to Move,Electronic City,3.3,25.5,2,5,7370000,0,0,0,1
839.0,3,3,2,1,8,1,3,Apartment,Furnished,Ready to Move,HSR Layout,6.9,8.8,1,3,10940000,0,0,0,2
1833.0,4,4,2,1,0,8,10,Apartment,Unfurnished,Ready to Move,Whitefield,3.3,19.1,4,1,14280000,0,2,0,9
2482.0,4,5,1,1,4,1,3,Independent House,Semi-Furnished,Under Construction,Jayanagar,4.9,2.6,3,2,28740000,1,1,1,5
1300.0,3,3,1,1,24,1,7,Villa,Semi-Furnished,Ready to Move,Hebbal,6.1,11.5,3,1,11500000,2,1,0,3
1722.0,4,4,1,1,8,2,3,Villa,Unfurnished,Under Construction,Banashankari,5.0,9.5,2,0,15250000,2,2,1,0
646.0,1,2,1,1,3,3,5,Apartment,Unfurnished,Ready to Move,Jayanagar,7.7,9.5,0,2,6720000,0,2,0,5
788.0,2,2,2,1,2,1,7,Independent House,Unfurnished,Ready to Move,Jayanagar,4.1,3.3,5,2,9300000,1,2,0,5
415.0,1,2,1,1,1,4,5,Villa,Semi-Furnished,Under Construction,Whitefield,7.1,14.9,5,1,3420000,2,1,1,9
1476.0,3,3,2,1,4,2,5,Independent House,Semi-Furnished,Under Construction,Jayanagar,7.0,3.0,6,0,18600000,1,1,1,5
529.0,1,2,2,1,1,11,15,Apartment,Furnished,Under Construction,Electronic City,0.6,23.7,5,1,2810000,0,0,1,1
1051.0,3,3,1,1,1,2,3,Independent House,Semi-Furnished,Ready to Move,Marathahalli,5.5,13.9,4,2,7790000,1,1,0,7
1578.0,3,3,1,1,3,2,10,Independent House,Semi-Furnished,Ready to Move,Electronic City,2.8,25.0,1,1,10400000,1,1,0,1
1038.0,2,2,3,1,7,1,15,Independent House,Unfurnished,Ready to Move,HSR Layout,6.4,10.1,5,3,10800000,1,2,0,2
1856.0,4,5,0,1,1,1,5,Apartment,Semi-Furnished,Ready to Move,Whitefield,3.6,24.8,3,1,14880000,0,1,0,9
894.0,2,3,1,1,0,4,5,Apartment,Furnished,Ready to Move,Electronic City,3.2,17.2,4,1,6810000,0,0,0,1
1039.0,2,3,1,1,0,5,10,Apartment,Semi-Furnished,Ready to Move,Whitefield,4.3,12.5,2,1,8560000,0,1,0,9
1733.0,3,3,2,1,2,4,7,Apartment,Semi-Furnished,Ready to Move,Koramangala,5.5,8.1,1,2,25350000,0,1,0,6
518.0,1,1,1,1,1,6,10,Independent House,Semi-Furnished,Ready to Move,Banashankari,6.0,5.6,3,4,3990000,1,1,0,0
1583.0,3,4,3,1,6,8,15,Apartment,Semi-Furnished,Ready to Move,Indiranagar,8.8,5.4,1,0,23170000,0,1,0,4
2226.0,4,5,2,1,4,3,5,Apartment,Semi-Furnished,Under Construction,Jayanagar,7.3,6.4,7,0,23170000,0,1,1,5
2351.0,4,5,2,1,3,2,10,Apartment,Unfurnished,Ready to Move,Yelahanka,4.2,17.0,2,0,12490000,0,2,0,10
2015.0,4,4,1,1,14,14,20,Apartment,Semi-Furnished,Ready to Move,Banashankari,4.8,6.6,5,0,17420000,0,1,0,0
776.0,2,2,2,1,5,2,3,Apartment,Semi-Furnished,Under Construction,Marathahalli,4.5,11.1,2,1,5080000,0,1,1,7
1270.0,3,3,1,1,0,1,3,Independent House,Furnished,Ready to Move,Hebbal,2.8,8.9,5,2,15960000,1,0,0,3
587.0,1,1,1,1,2,10,10,Apartment,Semi-Furnished,Ready to Move,Electronic City,2.1,23.8,3,2,3460000,0,1,0,1
1295.0,2,3,3,1,24,6,25,Apartment,Unfurnished,Under Construction,Electronic City,3.5,24.3,2,1,4610000,0,2,1,1
496.0,1,2,0,1,24,3,5,Apartment,Unfurnished,Ready to Move,Electronic City,3.6,21.2,6,3,1950000,0,2,0,1
1102.0,2,2,3,1,2,6,7,Apartment,Furnished,Under Construction,Marathahalli,4.6,12.2,5,1,6710000,0,0,1,7
1868.0,4,4,1,1,1,3,3,Apartment,Furnished,Under Construction,Sarjapur Road,5.8,19.7,6,3,13100000,0,0,1,8
970.0,2,2,3,1,5,6,7,Villa,Unfurnished,Ready to Move,Electronic City,3.2,17.6,2,1,6730000,2,2,0,1
1824.0,3,4,1,1,5,2,3,Villa,Furnished,Ready to Move,Koramangala,8.5,9.8,3,3,45100000,2,0,0,6
1095.0,2,3,2,1,4,1,7,Villa,Furnished,Ready to Move,Marathahalli,4.1,15.4,3,2,10770000,2,0,0,7
1052.0,3,3,0,1,6,5,10,Villa,Semi-Furnished,Ready to Move,Koramangala,7.6,3.5,4,3,21400000,2,1,0,6
2479.0,4,6,1,1,2,14,25,Apartment,Semi-Furnished,Ready to Move,Marathahalli,3.7,16.5,2,1,19100000,0,1,0,7
1188.0,2,2,2,1,0,9,15,Independent House,Semi-Furnished,Ready to Move,Sarjapur Road,2.5,19.9,5,1,8430000,1,1,0,8
1439.0,3,3,2,1,6,13,15,Independent House,Semi-Furnished,Under Construction,Sarjapur Road,3.5,18.7,4,3,7440000,1,1,1,8
731.0,2,3,1,1,21,1,5,Independent House,Unfurnished,Ready to Move,Sarjapur Road,3.3,12.3,4,1,4450000,1,2,0,8
459.0,1,2,1,1,1,1,3,Apartment,Semi-Furnished,Ready to Move,Yelahanka,2.8,17.2,2,2,2320000,0,1,0,10
1596.0,3,4,1,1,9,4,10,Independent House,Furnished,Under Construction,Jayanagar,4.1,10.4,1,4,20020000,1,0,1,5
2397.0,4,4,0,1,4,2,10,Independent House,Furnished,Under Construction,Sarjapur Road,3.5,16.3,2,0,21050000,1,0,1,8
551.0,1,1,1,1,2,3,10,Independent House,Semi-Furnished,Ready to Move,Marathahalli,2.7,16.9,3,1,4210000,1,1,0,7
822.0,1,1,2,1,15,3,5,Apartment,Semi-Furnished,Under Construction,Koramangala,7.9,6.5,7,3,9950000,0,1,1,6
1106.0,2,2,1,1,4,6,10,Villa,Semi-Furnished,Ready to Move,Whitefield,2.7,20.9,6,1,9020000,2,1,0,9
1331.0,3,3,1,1,7,2,5,Independent House,Semi-Furnished,Ready to Move,HSR Layout,6.4,10.5,5,2,19520000,1,1,0,2
1171.0,3,3,3,1,4,5,7,Villa,Furnished,Ready to Move,Indiranagar,8.2,6.7,2,2,30280000,2,0,0,4
1127.0,3,3,0,1,0,3,3,Apartment,Semi-Furnished,Ready to Move,Marathahalli,3.1,15.2,2,3,8500000,0,1,0,7
1493.0,3,3,2,1,7,1,20,Independent House,Unfurnished,Ready to Move,Hebbal,5.4,17.7,3,2,13230000,1,2,0,3
1804.0,4,5,2,1,4,3,3,Apartment,Unfurnished,Ready to Move,Koramangala,8.6,6.9,2,3,24660000,0,2,0,6
1868.0,3,4,2,1,0,10,20,Apartment,Semi-Furnished,Ready to Move,Koramangala,7.9,6.1,1,1,31560000,0,1,0,6
2586.0,4,5,2,1,7,14,20,Apartment,Semi-Furnished,Ready to Move,Banashankari,5.5,11.2,2,1,20570000,0,1,0,0
2253.0,4,4,2,1,0,4,15,Independent House,Semi-Furnished,Ready to Move,Whitefield,3.7,22.1,2,1,17200000,1,1,0,9
1069.0,3,3,0,1,1,6,25,Apartment,Semi-Furnished,Under Construction,Indiranagar,9.3,1.0,3,3,16620000,0,1,1,4
1211.0,3,3,1,1,12,1,3,Apartment,Furnished,Ready to Move,Marathahalli,3.9,13.6,4,2,9010000,0,0,0,7
2502.0,4,4,2,1,0,3,10,Villa,Semi-Furnished,Ready to Move,Jayanagar,5.2,4.1,0,2,41480000,2,1,0,5
1774.0,4,4,0,1,8,9,15,Independent House,Furnished,Under Construction,Whitefield,3.1,21.0,4,4,16060000,1,0,1,9
673.0,1,1,0,1,23,2,5,Apartment,Unfurnished,Under Construction,Whitefield,6.1,18.3,3,0,3740000,0,2,1,9
602.0,1,2,2,1,1,4,10,Independent House,Furnished,Ready to Move,Whitefield,6.7,21.8,2,2,5750000,1,0,0,9
2712.875,4,6,2,1,4,7,7,Independent House,Unfurnished,Ready to Move,Marathahalli,5.1,12.7,6,1,22530000,1,2,0,7
816.0,2,2,1,1,6,3,7,Apartment,Semi-Furnished,Under Construction,Jayanagar,5.8,11.1,4,2,7760000,0,1,1,5
1962.0,4,5,3,1,4,5,20,Apartment,Semi-Furnished,Ready to Move,HSR Layout,8.5,15.0,2,2,21640000,0,1,0,2
986.0,2,2,2,1,7,6,10,Apartment,Semi-Furnished,Ready to Move,Marathahalli,4.9,9.7,1,0,6340000,0,1,0,7
1146.0,2,3,3,1,4,1,3,Apartment,Furnished,Ready to Move,Hebbal,5.5,13.0,6,2,11710000,0,0,0,3
452.0,1,2,3,1,1,14,20,Apartment,Unfurnished,Ready to Move,Whitefield,7.1,18.6,1,2,2980000,0,2,0,9
900.0,2,3,1,1,0,1,5,Independent House,Semi-Furnished,Under Construction,Jayanagar,5.4,6.8,4,1,9480000,1,1,1,5
958.0,2,2,2,1,10,2,20,Independent House,Furnished,Under Construction,Sarjapur Road,4.8,19.8,0,2,6090000,1,0,1,8
1585.0,3,3,2,1,2,9,25,Apartment,Unfurnished,Ready to Move,HSR Layout,5.1,6.2,3,3,16970000,0,2,0,2
1145.0,3,3,2,1,15,11,20,Apartment,Furnished,Under Construction,Electronic City,2.4,19.1,1,2,5490000,0,0,1,1
2062.0,4,5,2,1,10,2,10,Apartment,Semi-Furnished,Ready to Move,Marathahalli,7.9,11.5,2,3,15960000,0,1,0,7
1078.0,2,3,1,1,0,2,15,Apartment,Furnished,Ready to Move,Yelahanka,3.8,14.3,1,1,6730000,0,0,0,10
974.0,3,4,1,1,1,2,10,Apartment,Semi-Furnished,Ready to Move,Hebbal,7.8,10.4,2,3,9350000,0,1,0,3
1759.0,3,4,1,1,2,7,10,Independent House,Semi-Furnished,Ready to Move,Marathahalli,4.8,16.4,2,4,14540000,1,1,0,7
1356.0,3,3,2,1,7,3,7,Independent House,Semi-Furnished,Ready to Move,Sarjapur Road,4.3,18.7,4,2,10050000,1,1,0,8
966.0,3,4,2,1,13,4,7,Apartment,Furnished,Under Construction,Electronic City,2.4,19.4,2,0,5270000,0,0,1,1
497.0,1,1,1,1,0,8,15,Independent House,Unfurnished,Ready to Move,Marathahalli,5.5,13.0,1,0,3470000,1,2,0,7
591.0,1,1,2,1,2,8,10,Apartment,Semi-Furnished,Under Construction,Indiranagar,8.7,1.0,2,0,6970000,0,1,1,4
491.0,1,2,2,1,3,1,10,Villa,Unfurnished,Ready to Move,Koramangala,8.1,10.1,0,4,7660000,2,2,0,6
953.0,2,2,1,1,1,1,10,Apartment,Semi-Furnished,Ready to Move,Sarjapur Road,3.3,18.1,0,1,6250000,0,1,0,8
1607.0,3,3,0,1,6,4,15,Apartment,Unfurnished,Under Construction,Jayanagar,6.5,9.0,4,6,16530000,0,2,1,5
911.0,2,2,1,1,5,2,15,Independent House,Furnished,Ready to Move,Electronic City,3.4,24.4,3,1,6430000,1,0,0,1
1625.0,4,5,3,1,3,5,5,Apartment,Semi-Furnished,Ready to Move,Yelahanka,3.2,15.9,5,0,9560000,0,1,0,10
1880.0,4,5,2,1,5,3,7,Villa,Semi-Furnished,Ready to Move,Whitefield,4.3,12.9,3,2,20290000,2,1,0,9
2712.875,4,5,1,1,3,2,7,Apartment,Furnished,Ready to Move,Electronic City,1.0,20.3,2,4,26680000,0,0,0,1
2674.0,4,5,0,1,3,2,10,Apartment,Semi-Furnished,Ready to Move,Whitefield,5.1,21.1,2,2,21700000,0,1,0,9
566.0,2,3,2,1,2,2,3,Apartment,Unfurnished,Ready to Move,Sarjapur Road,3.5,18.2,5,6,3240000,0,2,0,8
1705.0,3,4,2,1,6,9,15,Apartment,Semi-Furnished,Ready to Move,Sarjapur Road,0.0,21.1,0,4,10080000,0,1,0,8
997.0,2,2,2,1,4,1,5,Villa,Furnished,Ready to Move,Electronic City,1.0,22.0,4,3,8170000,2,0,0,1
2369.0,4,5,1,1,1,6,7,Apartment,Unfurnished,Under Construction,Marathahalli,3.3,19.5,2,3,15090000,0,2,1,7
1779.0,4,5,0,1,0,5,15,Villa,Semi-Furnished,Under Construction,Electronic City,5.3,18.8,6,1,12680000,2,1,1,1
1292.0,4,4,3,1,1,3,3,Villa,Semi-Furnished,Ready to Move,Sarjapur Road,4.6,19.6,5,4,10600000,2,1,0,8
1061.0,2,2,1,1,0,10,10,Villa,Semi-Furnished,Under Construction,Indiranagar,7.6,1.9,3,2,17400000,2,1,1,4
1136.0,3,3,1,1,4,14,20,Apartment,Furnished,Under Construction,Electronic City,3.0,24.7,2,3,6590000,0,0,1,1
397.0,1,1,2,1,2,7,10,Independent House,Semi-Furnished,Ready to Move,Yelahanka,4.7,13.7,4,3,2210000,1,1,0,10
404.0,1,1,3,1,4,9,15,Apartment,Unfurnished,Ready to Move,HSR Layout,5.4,4.7,2,0,3900000,0,2,0,2
1568.0,3,3,2,1,3,12,15,Apartment,Furnished,Ready to Move,Koramangala,6.4,1.0,2,2,25970000,0,0,0,6
976.0,2,2,2,1,6,1,5,Apartment,Semi-Furnished,Under Construction,Marathahalli,5.3,12.6,4,3,6420000,0,1,1,7
2712.875,4,5,1,1,10,2,10,Apartment,Semi-Furnished,Ready to Move,Banashankari,6.3,12.7,1,2,29110000,0,1,0,0
623.0,1,1,0,1,5,2,7,Apartment,Unfurnished,Ready to Move,Electronic City,2.4,24.2,5,4,2870000,0,2,0,1
1831.0,4,5,1,1,0,1,5,Villa,Furnished,Ready to Move,Whitefield,5.1,21.3,4,4,21760000,2,0,0,9
1380.0,3,4,2,1,0,4,5,Apartment,Unfurnished,Under Construction,Electronic City,3.3,21.8,5,0,6560000,0,2,1,1
1795.0,4,4,1,1,1,4,10,Apartment,Semi-Furnished,Ready to Move,Jayanagar,5.8,2.6,2,1,24810000,0,1,0,5
1915.0,4,4,2,1,4,7,15,Independent House,Unfurnished,Ready to Move,Koramangala,9.8,1.2,3,3,34920000,1,2,0,6
1613.0,4,4,1,1,0,10,20,Apartment,Furnished,Under Construction,Marathahalli,3.0,12.3,2,1,13420000,0,0,1,7
1024.0,2,2,1,1,3,7,7,Apartment,Furnished,Under Construction,Banashankari,5.8,6.1,6,2,8970000,0,0,1,0
2430.0,4,4,1,1,17,1,7,Apartment,Semi-Furnished,Under Construction,Indiranagar,8.8,3.0,5,3,29940000,0,1,1,4
794.0,2,3,2,1,0,8,10,Independent House,Semi-Furnished,Under Construction,Electronic City,3.1,19.1,3,1,5030000,1,1,1,1
690.0,1,1,1,1,23,11,15,Apartment,Furnished,Under Construction,Electronic City,2.5,22.0,3,4,3050000,0,0,1,1
971.0,2,3,2,1,15,3,7,Apartment,Furnished,Under Construction,Whitefield,2.9,17.7,3,4,6520000,0,0,1,9
2096.0,4,5,1,1,14,2,7,Apartment,Furnished,Under Construction,Yelahanka,2.6,19.4,3,1,10820000,0,0,1,10
924.0,3,3,2,1,15,3,10,Villa,Furnished,Under Construction,Electronic City,2.6,25.4,4,2,6110000,2,0,1,1
1277.0,4,4,2,1,0,1,7,Villa,Semi-Furnished,Ready to Move,Electronic City,3.5,23.8,2,0,10550000,2,1,0,1
1440.0,3,3,0,1,1,14,15,Independent House,Semi-Furnished,Ready to Move,Marathahalli,2.2,15.5,4,2,11210000,1,1,0,7
1100.0,2,2,2,1,1,5,10,Apartment,Furnished,Ready to Move,Indiranagar,8.4,1.0,2,1,21360000,0,0,0,4
1731.0,4,4,2,1,0,5,5,Apartment,Furnished,Ready to Move,Marathahalli,4.6,20.9,2,3,14100000,0,0,0,7
733.0,1,2,2,1,3,4,5,Apartment,Furnished,Under Construction,Whitefield,3.3,19.2,5,2,5980000,0,0,1,9
2293.0,4,5,2,1,14,5,20,Apartment,Unfurnished,Ready to Move,Hebbal,6.1,14.4,5,2,17840000,0,2,0,3
777.0,2,3,1,1,2,1,5,Apartment,Semi-Furnished,Under Construction,Yelahanka,4.3,18.5,2,3,3380000,0,1,1,10
1408.0,3,3,0,1,2,2,3,Apartment,Semi-Furnished,Under Construction,Marathahalli,2.2,10.9,1,1,8260000,0,1,1,7
1420.0,2,2,1,1,9,10,15,Apartment,Furnished,Ready to Move,Banashankari,3.5,6.1,0,2,14020000,0,0,0,0
713.0,2,2,3,1,0,2,10,Villa,Unfurnished,Ready to Move,Koramangala,6.0,5.2,2,1,13600000,2,2,0,6
1050.0,2,2,0,1,3,1,10,Apartment,Furnished,Ready to Move,Indiranagar,9.3,1.0,2,2,19040000,0,0,0,4
888.0,2,2,2,1,2,2,10,Villa,Semi-Furnished,Ready to Move,Marathahalli,4.2,13.7,2,1,7390000,2,1,0,7
1084.0,2,3,2,1,15,14,25,Apartment,Semi-Furnished,Ready to Move,Marathahalli,1.6,6.8,1,2,6280000,0,1,0,7
1190.0,2,2,2,1,5,1,5,Apartment,Semi-Furnished,Ready to Move,Electronic City,2.4,22.0,3,2,6370000,0,1,0,1
1291.0,3,4,1,1,8,5,10,Apartment,Semi-Furnished,Under Construction,Electronic City,3.8,26.1,4,3,6010000,0,1,1,1
1713.0,3,4,1,1,1,4,10,Apartment,Semi-Furnished,Ready to Move,Koramangala,8.2,4.0,3,1,25380000,0,1,0,6
2021.0,3,3,1,1,21,1,3,Apartment,Furnished,Ready to Move,Electronic City,5.1,17.6,2,1,10900000,0,0,0,1
2026.0,4,5,0,1,3,2,7,Apartment,Semi-Furnished,Ready to Move,Koramangala,6.3,2.3,3,1,28630000,0,1,0,6
1619.0,3,3,0,1,9,6,15,Independent House,Semi-Furnished,Ready to Move,Sarjapur Road,3.7,19.8,7,2,12000000,1,1,0,8
1234.0,3,3,0,1,24,9,10,Villa,Semi-Furnished,Ready to Move,HSR Layout,4.8,10.5,3,1,14810000,2,1,0,2
1405.0,3,4,2,1,5,8,20,Apartment,Furnished,Ready to Move,Whitefield,4.5,21.4,4,1,11720000,0,0,0,9
916.0,2,2,1,1,5,10,10,Independent House,Semi-Furnished,Ready to Move,Jayanagar,6.4,5.5,2,1,11920000,1,1,0,5
1623.0,3,4,1,1,0,4,15,Villa,Semi-Furnished,Under Construction,Marathahalli,4.4,11.7,2,4,12900000,2,1,1,7
682.0,1,2,1,1,3,6,15,Villa,Furnished,Under Construction,Yelahanka,2.4,16.4,2,3,4080000,2,0,1,10
1956.0,4,5,1,1,15,9,10,Independent House,Semi-Furnished,Ready to Move,Marathahalli,5.1,14.2,2,1,18970000,1,1,0,7
1829.0,3,4,1,1,1,10,15,Apartment,Unfurnished,Under Construction,Electronic City,2.3,25.1,6,1,8160000,0,2,1,1
1240.0,2,2,1,1,19,10,10,Apartment,Furnished,Ready to Move,Hebbal,3.5,10.6,3,3,10970000,0,0,0,3
1637.0,3,3,2,1,8,4,10,Apartment,Semi-Furnished,Under Construction,Jayanagar,7.0,6.1,2,3,14950000,0,1,1,5
493.0,1,1,0,1,4,9,10,Apartment,Semi-Furnished,Ready to Move,Whitefield,7.1,19.6,5,2,3060000,0,1,0,9
833.0,2,2,3,1,6,4,5,Apartment,Semi-Furnished,Ready to Move,Jayanagar,4.4,12.8,5,3,9010000,0,1,0,5
460.0,1,1,0,1,1,8,15,Apartment,Furnished,Ready to Move,Yelahanka,1.3,13.7,1,0,2510000,0,0,0,10
1665.0,3,4,3,1,1,3,7,Independent House,Unfurnished,Under Construction,Electronic City,3.7,20.8,2,3,8650000,1,2,1,1
1060.0,3,3,2,1,2,9,10,Independent House,Unfurnished,Ready to Move,HSR Layout,8.0,7.1,3,3,11370000,1,2,0,2
2270.0,4,5,2,1,3,5,5,Independent House,Semi-Furnished,Under Construction,Koramangala,8.5,7.9,4,5,33770000,1,1,1,6
431.0,1,2,3,1,19,5,10,Independent House,Semi-Furnished,Ready to Move,Koramangala,7.1,8.1,4,2,5810000,1,1,0,6
1630.0,3,3,0,1,3,1,25,Independent House,Unfurnished,Ready to Move,Indiranagar,9.3,4.3,2,0,29280000,1,2,0,4
1404.0,3,3,1,1,5,11,15,Apartment,Semi-Furnished,Ready to Move,Marathahalli,4.8,17.6,3,2,9910000,0,1,0,7
1203.0,2,2,1,1,1,8,10,Apartment,Unfurnished,Under Construction,Whitefield,3.3,21.0,2,2,6840000,0,2,1,9
1719.0,3,3,1,1,10,5,10,Apartment,Furnished,Ready to Move,Yelahanka,4.2,18.1,5,5,10830000,0,0,0,10
707.0,1,1,1,1,6,5,10,Independent House,Semi-Furnished,Ready to Move,Sarjapur Road,3.6,15.0,4,6,5450000,1,1,0,8
1227.0,2,2,2,1,4,2,5,Apartment,Unfurnished,Under Construction,Marathahalli,1.4,14.5,2,0,6410000,0,2,1,7
1440.0,3,4,0,1,23,1,7,Villa,Unfurnished,Ready to Move,Hebbal,4.8,17.6,3,2,14610000,2,2,0,3
1075.0,3,3,1,1,17,6,7,Apartment,Furnished,Ready to Move,Whitefield,3.5,24.4,4,3,9000000,0,0,0,9
750.0,2,3,1,1,8,11,20,Apartment,Furnished,Ready to Move,Indiranagar,10.0,7.4,2,3,14380000,0,0,0,4
553.0,2,3,2,1,20,2,7,Villa,Furnished,Ready to Move,Marathahalli,2.0,16.9,5,3,4830000,2,0,0,7
744.0,2,2,3,1,6,3,10,Apartment,Semi-Furnished,Ready to Move,Hebbal,4.3,19.3,3,1,6510000,0,1,0,3
963.0,2,2,1,1,14,7,20,Apartment,Furnished,Under Construction,Hebbal,5.4,14.4,2,1,8060000,0,0,1,3
843.0,2,3,1,1,4,2,10,Apartment,Semi-Furnished,Under Construction,HSR Layout,10.0,8.0,5,3,7960000,0,1,1,2
915.0,2,3,1,1,0,7,7,Apartment,Unfurnished,Under Construction,Yelahanka,5.9,19.6,1,2,4010000,0,2,1,10
1537.0,3,3,2,1,24,4,7,Villa,Semi-Furnished,Ready to Move,Koramangala,7.9,3.8,5,2,21260000,2,1,0,6
892.0,2,2,0,1,1,7,7,Apartment,Semi-Furnished,Ready to Move,Yelahanka,3.5,17.5,5,1,4430000,0,1,0,10
1085.0,3,3,3,1,2,11,15,Apartment,Unfurnished,Under Construction,Banashankari,5.6,8.4,3,1,6510000,0,2,1,0
1385.0,3,3,1,1,1,2,7,Apartment,Furnished,Under Construction,Koramangala,6.5,1.9,3,0,22370000,0,0,1,6
779.0,2,2,1,1,3,11,15,Independent House,Furnished,Ready to Move,Sarjapur Road,3.7,18.9,1,3,7280000,1,0,0,8
520.0,1,1,3,1,2,10,20,Apartment,Unfurnished,Ready to Move,Whitefield,6.4,22.9,0,1,3310000,0,2,0,9
2537.0,4,5,3,1,7,5,7,Villa,Furnished,Under Construction,Electronic City,3.5,24.2,5,1,18730000,2,0,1,1
520.0,1,1,2,1,24,2,5,Villa,Semi-Furnished,Ready to Move,Jayanagar,9.6,7.4,2,0,5130000,2,1,0,5
1286.0,2,2,0,1,0,9,10,Apartment,Semi-Furnished,Under Construction,Marathahalli,3.3,13.4,3,3,8150000,0,1,1,7
707.0,1,1,2,1,12,5,7,Independent House,Furnished,Ready to Move,Yelahanka,2.9,11.0,2,4,3690000,1,0,0,10
1237.0,3,4,1,1,1,9,10,Villa,Semi-Furnished,Ready to Move,Marathahalli,3.9,13.9,4,1,13060000,2,1,0,7
1088.0,3,3,1,1,0,6,10,Apartment,Semi-Furnished,Ready to Move,Indiranagar,6.7,6.7,0,5,16770000,0,1,0,4
2712.875,4,6,1,1,8,3,7,Apartment,Unfurnished,Under Construction,Hebbal,6.7,5.5,2,1,20290000,0,2,1,3
2461.0,4,4,1,1,16,14,20,Independent House,Semi-Furnished,Ready to Move,Banashankari,4.2,7.8,2,2,21130000,1,1,0,0
856.0,2,2,2,1,1,4,7,Independent House,Semi-Furnished,Under Construction,Whitefield,4.7,19.7,6,0,6040000,1,1,1,9
1122.0,2,2,1,1,3,1,7,Apartment,Semi-Furnished,Ready to Move,Banashankari,3.8,5.3,5,4,7100000,0,1,0,0
1179.0,2,3,3,1,1,4,20,Apartment,Semi-Furnished,Ready to Move,Whitefield,6.9,22.3,3,1,8990000,0,1,0,9
802.0,2,2,1,1,18,4,5,Independent House,Semi-Furnished,Ready to Move,Hebbal,6.8,14.8,0,3,6680000,1,1,0,3
821.0,2,3,0,1,2,5,5,Villa,Semi-Furnished,Ready to Move,HSR Layout,6.4,15.4,2,0,12900000,2,1,0,2
1085.0,2,3,2,1,4,12,20,Independent House,Semi-Furnished,Ready to Move,Koramangala,6.2,3.9,0,3,17850000,1,1,0,6
978.0,2,3,2,1,18,1,5,Apartment,Unfurnished,Ready to Move,Indiranagar,9.8,8.9,1,2,11290000,0,2,0,4
819.0,2,2,3,1,6,5,5,Villa,Unfurnished,Ready to Move,Marathahalli,5.6,11.5,3,1,6350000,2,2,0,7
883.0,2,3,2,1,21,9,10,Apartment,Semi-Furnished,Under Construction,Electronic City,1.9,20.9,6,2,3860000,0,1,1,1
2712.875,4,5,1,1,20,2,3,Apartment,Unfurnished,Under Construction,Whitefield,4.1,22.0,5,2,16030000,0,2,1,9
961.0,3,3,3,1,4,4,10,Villa,Unfurnished,Ready to Move,Marathahalli,4.1,12.0,1,2,8600000,2,2,0,7
2712.875,4,5,3,1,6,8,10,Independent House,Unfurnished,Ready to Move,Yelahanka,4.6,15.5,2,1,18160000,1,2,0,10
859.0,2,3,1,1,2,9,10,Apartment,Unfurnished,Under Construction,Electronic City,3.1,24.5,0,1,4510000,0,2,1,1
620.0,3,3,2,1,24,1,7,Apartment,Semi-Furnished,Ready to Move,HSR Layout,7.8,10.0,2,0,5760000,0,1,0,2
945.0,2,2,2,1,2,8,20,Villa,Semi-Furnished,Ready to Move,Indiranagar,7.5,2.2,3,3,21350000,2,1,0,4
809.0,2,2,1,1,12,5,7,Apartment,Unfurnished,Ready to Move,Whitefield,2.8,18.2,2,2,4830000,0,2,0,9
1270.0,2,2,3,1,3,10,10,Independent House,Unfurnished,Under Construction,Hebbal,7.7,11.2,5,1,10660000,1,2,1,3
1765.0,4,4,0,1,3,14,20,Independent House,Unfurnished,Ready to Move,Hebbal,3.0,13.8,2,4,17350000,1,2,0,3
2185.0,4,5,2,1,0,4,7,Apartment,Semi-Furnished,Ready to Move,Marathahalli,2.9,13.0,3,2,16740000,0,1,0,7
605.0,1,1,1,1,6,3,5,Independent House,Furnished,Ready to Move,Electronic City,4.5,14.7,2,0,3980000,1,0,0,1
824.0,2,2,1,1,2,3,3,Independent House,Unfurnished,Under Construction,Hebbal,4.2,14.4,3,1,6220000,1,2,1,3
801.0,2,3,2,1,1,5,25,Independent House,Semi-Furnished,Under Construction,Jayanagar,5.8,7.9,5,3,8300000,1,1,1,5
1046.0,2,2,1,1,2,14,15,Villa,Unfurnished,Ready to Move,Hebbal,4.7,8.8,5,5,10010000,2,2,0,3
752.0,2,2,1,1,2,5,20,Independent House,Unfurnished,Under Construction,Marathahalli,0.8,10.6,5,1,4420000,1,2,1,7
673.0,2,2,3,1,5,6,10,Apartment,Semi-Furnished,Ready to Move,Hebbal,6.7,16.1,1,1,6100000,0,1,0,3
1883.0,3,4,2,1,3,4,7,Apartment,Semi-Furnished,Ready to Move,Marathahalli,4.3,13.3,4,4,13800000,0,1,0,7
1060.0,2,2,2,1,0,2,5,Independent House,Unfurnished,Ready to Move,Electronic City,2.1,24.3,4,4,5300000,1,2,0,1
899.0,2,2,1,1,6,8,20,Apartment,Unfurnished,Ready to Move,Banashankari,2.1,5.9,1,4,6990000,0,2,0,0
549.0,1,1,1,1,12,1,10,Apartment,Unfurnished,Under Construction,Jayanagar,4.6,8.0,1,0,3780000,0,2,1,5
1046.0,2,3,2,1,6,3,7,Independent House,Furnished,Ready to Move,Marathahalli,1.6,11.2,3,1,7870000,1,0,0,7
2712.875,4,5,2,1,24,7,10,Independent House,Semi-Furnished,Ready to Move,HSR Layout,6.7,11.3,2,4,40940000,1,1,0,2
806.0,2,2,1,1,0,3,5,Apartment,Unfurnished,Ready to Move,Marathahalli,4.4,15.1,4,1,5690000,0,2,0,7
2146.0,4,4,2,1,13,1,7,Independent House,Furnished,Under Construction,Marathahalli,4.9,7.8,2,3,17030000,1,0,1,7
1797.0,4,4,0,1,5,10,10,Villa,Unfurnished,Ready to Move,Koramangala,9.1,4.4,2,1,33930000,2,2,0,6
2694.0,4,5,0,1,5,2,5,Apartment,Unfurnished,Under Construction,Whitefield,5.3,17.8,2,3,18180000,0,2,1,9
1444.0,3,4,1,1,5,4,5,Independent House,Unfurnished,Ready to Move,Marathahalli,6.3,17.3,6,3,11190000,1,2,0,7
1398.0,3,3,1,1,3,4,10,Apartment,Unfurnished,Ready to Move,Sarjapur Road,5.5,18.7,2,2,8490000,0,2,0,8
2294.0,4,5,0,1,3,7,10,Apartment,Unfurnished,Under Construction,Jayanagar,8.1,5.3,3,0,22620000,0,2,1,5
603.0,1,1,2,1,7,5,5,Apartment,Furnished,Under Construction,HSR Layout,6.7,14.6,1,5,6160000,0,0,1,2
977.0,3,3,1,1,0,3,3,Apartment,Furnished,Ready to Move,Marathahalli,5.1,8.3,3,5,8940000,0,0,0,7
2039.0,4,5,2,1,7,5,25,Apartment,Semi-Furnished,Ready to Move,Whitefield,3.7,25.8,3,0,18430000,0,1,0,9
1296.0,3,3,2,1,10,3,3,Independent House,Semi-Furnished,Under Construction,Indiranagar,8.3,10.6,4,1,19700000,1,1,1,4
2712.875,4,6,2,1,3,3,3,Independent House,Semi-Furnished,Ready to Move,Koramangala,10.0,2.8,2,5,70440000,1,1,0,6
1161.0,3,3,1,1,1,2,7,Apartment,Semi-Furnished,Ready to Move,Koramangala,7.2,6.7,2,2,20710000,0,1,0,6
1916.0,4,5,1,1,1,5,5,Independent House,Furnished,Ready to Move,HSR Layout,5.4,11.5,7,2,31010000,1,0,0,2
1249.0,3,4,2,1,0,1,10,Apartment,Semi-Furnished,Ready to Move,Electronic City,2.8,14.5,2,2,6490000,0,1,0,1
1244.0,3,3,1,1,0,14,20,Apartment,Unfurnished,Ready to Move,Whitefield,3.5,19.7,2,0,8560000,0,2,0,9
1449.0,3,4,2,1,1,6,10,Independent House,Unfurnished,Ready to Move,Electronic City,2.6,18.2,2,3,7400000,1,2,0,1
2560.0,4,4,1,1,0,6,15,Apartment,Furnished,Ready to Move,Jayanagar,7.0,1.9,2,2,39900000,0,0,0,5
2182.0,4,4,1,1,2,11,20,Apartment,Unfurnished,Under Construction,Indiranagar,9.1,4.1,5,2,29780000,0,2,1,4
1678.0,4,5,2,1,2,1,5,Villa,Furnished,Ready to Move,Electronic City,4.7,21.2,4,4,15550000,2,0,0,1
2170.0,3,3,3,1,24,6,10,Apartment,Semi-Furnished,Under Construction,Hebbal,8.3,15.6,0,2,11960000,0,1,1,3
964.0,2,2,0,1,24,1,10,Independent House,Semi-Furnished,Under Construction,Koramangala,7.4,1.7,4,0,9770000,1,1,1,6
486.0,1,2,0,1,1,4,7,Apartment,Unfurnished,Under Construction,Jayanagar,6.6,4.8,1,1,4490000,0,2,1,5
2564.0,4,5,2,1,1,7,15,Apartment,Semi-Furnished,Ready to Move,Whitefield,1.6,24.1,3,1,22050000,0,1,0,9
1268.0,3,3,0,1,5,12,15,Apartment,Semi-Furnished,Ready to Move,Whitefield,2.4,19.4,7,1,9390000,0,1,0,9
1265.0,2,3,0,1,1,3,7,Apartment,Semi-Furnished,Ready to Move,Marathahalli,3.8,12.5,2,1,8850000,0,1,0,7
784.0,2,2,1,1,5,2,3,Apartment,Semi-Furnished,Ready to Move,Jayanagar,7.4,8.6,3,0,9570000,0,1,0,5
2572.0,4,5,1,1,4,3,3,Apartment,Semi-Furnished,Under Construction,Yelahanka,3.7,17.6,2,1,13960000,0,1,1,10
2080.0,4,4,2,1,3,3,7,Independent House,Semi-Furnished,Ready to Move,Jayanagar,7.6,6.3,0,2,30700000,1,1,0,5
2516.0,4,5,1,1,13,1,3,Independent House,Furnished,Under Construction,Banashankari,6.6,10.8,4,1,27590000,1,0,1,0
1932.0,3,3,1,1,14,8,15,Apartment,Furnished,Ready to Move,Whitefield,6.9,16.3,4,2,17160000,0,0,0,9
734.0,2,3,2,1,24,6,7,Apartment,Furnished,Ready to Move,Whitefield,4.0,18.3,2,0,4760000,0,0,0,9
1192.0,2,3,3,1,2,2,10,Apartment,Semi-Furnished,Ready to Move,Whitefield,3.1,26.0,0,4,8550000,0,1,0,9
395.0,1,1,1,1,17,3,7,Independent House,Unfurnished,Ready to Move,Koramangala,9.0,1.0,3,2,5030000,1,2,0,6
1581.0,4,4,0,1,6,12,15,Independent House,Unfurnished,Ready to Move,Jayanagar,8.1,4.0,4,2,19180000,1,2,0,5
461.0,1,2,3,1,7,14,20,Apartment,Semi-Furnished,Ready to Move,Marathahalli,4.2,10.4,1,4,2720000,0,1,0,7
1541.0,3,4,0,1,18,6,15,Villa,Semi-Furnished,Under Construction,Whitefield,4.1,20.2,5,1,10830000,2,1,1,9
1409.0,3,3,2,1,22,7,10,Apartment,Semi-Furnished,Under Construction,Yelahanka,2.2,17.8,3,1,5740000,0,1,1,10
1353.0,3,3,0,1,10,3,3,Apartment,Semi-Furnished,Ready to Move,Hebbal,4.9,15.3,2,3,11490000,0,1,0,3
2058.0,4,5,2,1,3,6,7,Apartment,Furnished,Ready to Move,HSR Layout,7.4,8.8,0,5,29240000,0,0,0,2
615.0,1,1,3,1,5,6,7,Apartment,Unfurnished,Ready to Move,Whitefield,3.3,17.2,3,3,4220000,0,2,0,9
1587.0,3,3,1,1,7,7,25,Apartment,Furnished,Ready to Move,Koramangala,6.8,1.0,3,4,28140000,0,0,0,6
670.0,1,2,1,1,14,8,10,Apartment,Semi-Furnished,Ready to Move,Koramangala,8.9,4.1,3,1,7040000,0,1,0,6
750.0,1,1,1,1,8,4,10,Villa,Unfurnished,Ready to Move,Koramangala,6.7,10.4,4,2,10660000,2,2,0,6
945.0,2,2,1,1,3,5,15,Apartment,Furnished,Ready to Move,Jayanagar,6.9,4.2,3,2,11120000,0,0,0,5
492.0,1,1,1,1,4,6,10,Apartment,Furnished,Ready to Move,HSR Layout,6.5,9.8,5,0,5570000,0,0,0,2
1571.0,3,4,2,1,0,1,10,Apartment,Furnished,Under Construction,Electronic City,3.3,22.4,2,3,7970000,0,0,1,1
1079.0,3,3,1,1,20,4,5,Apartment,Furnished,Ready to Move,Banashankari,3.7,6.7,3,1,9570000,0,0,0,0
475.0,1,2,1,1,0,1,3,Apartment,Furnished,Ready to Move,Sarjapur Road,6.3,22.3,2,2,2790000,0,0,0,8
659.0,1,2,1,1,6,3,15,Apartment,Semi-Furnished,Under Construction,Yelahanka,3.6,19.6,2,3,2510000,0,1,1,10
1365.0,3,3,1,1,16,2,15,Apartment,Semi-Furnished,Under Construction,Koramangala,7.2,6.5,0,2,14220000,0,1,1,6
1516.0,4,5,0,1,4,3,7,Apartment,Unfurnished,Under Construction,Electronic City,3.8,24.9,4,0,7860000,0,2,1,1
666.0,2,2,2,1,12,7,10,Apartment,Unfurnished,Ready to Move,Jayanagar,9.4,3.9,3,2,6500000,0,2,0,5
1413.0,3,4,2,1,13,3,7,Apartment,Semi-Furnished,Under Construction,Whitefield,4.5,16.6,1,4,8550000,0,1,1,9
1719.0,3,3,1,1,0,4,10,Villa,Semi-Furnished,Under Construction,Whitefield,6.6,18.0,1,2,14110000,2,1,1,9
1715.0,3,4,1,1,4,4,5,Independent House,Semi-Furnished,Under Construction,Marathahalli,2.3,14.8,5,1,12510000,1,1,1,7
971.0,2,2,2,1,9,10,15,Apartment,Semi-Furnished,Ready to Move,Marathahalli,2.7,13.0,3,1,5350000,0,1,0,7
1962.0,3,3,1,1,4,9,10,Apartment,Furnished,Ready to Move,Electronic City,0.1,23.7,3,1,12420000,0,0,0,1
1370.0,3,4,0,1,6,7,10,Apartment,Semi-Furnished,Under Construction,Indiranagar,10.0,5.3,3,3,21270000,0,1,1,4
1361.0,3,3,2,1,7,1,3,Apartment,Furnished,Ready to Move,Electronic City,0.8,18.0,1,1,9280000,0,0,0,1
681.0,3,4,1,1,1,1,10,Apartment,Furnished,Ready to Move,Whitefield,4.6,23.7,2,1,5180000,0,0,0,9
2549.0,4,5,1,1,4,3,5,Apartment,Semi-Furnished,Ready to Move,Electronic City,5.9,20.5,1,2,19010000,0,1,0,1
1111.0,2,2,3,1,0,2,7,Apartment,Unfurnished,Ready to Move,Koramangala,9.5,6.4,4,2,14400000,0,2,0,6
2712.875,4,6,1,1,1,3,7,Independent House,Unfurnished,Ready to Move,Whitefield,4.9,17.5,1,2,35440000,1,2,0,9
1167.0,3,3,3,1,5,2,7,Apartment,Semi-Furnished,Ready to Move,Banashankari,6.6,5.4,2,1,9650000,0,1,0,0
1529.0,3,4,1,1,6,5,5,Apartment,Semi-Furnished,Under Construction,Marathahalli,3.0,11.2,1,0,9260000,0,1,1,7
665.0,1,1,2,1,1,6,20,Apartment,Semi-Furnished,Ready to Move,Sarjapur Road,4.4,13.7,2,2,4010000,0,1,0,8
952.0,2,2,1,1,11,6,7,Independent House,Furnished,Ready to Move,Electronic City,3.2,17.8,2,1,7340000,1,0,0,1
760.0,3,4,0,1,3,1,10,Independent House,Semi-Furnished,Under Construction,Electronic City,3.1,23.1,4,3,5320000,1,1,1,1
1469.0,3,3,2,1,20,5,10,Apartment,Semi-Furnished,Ready to Move,HSR Layout,6.6,7.2,3,2,14440000,0,1,0,2
633.0,1,1,2,1,3,4,10,Independent House,Furnished,Ready to Move,Whitefield,6.1,21.0,4,2,5640000,1,0,0,9
1134.0,3,4,1,1,1,4,10,Apartment,Semi-Furnished,Ready to Move,Koramangala,10.0,4.3,3,1,17650000,0,1,0,6
522.0,1,1,2,1,11,14,15,Independent House,Unfurnished,Ready to Move,Hebbal,4.6,14.6,4,1,5000000,1,2,0,3
2152.0,4,5,1,1,6,14,15,Independent House,Unfurnished,Under Construction,Marathahalli,2.4,10.9,4,1,15690000,1,2,1,7
971.0,4,5,2,1,3,4,7,Apartment,Unfurnished,Under Construction,Jayanagar,5.4,9.2,3,1,10250000,0,2,1,5
662.0,1,2,2,1,3,7,10,Villa,Furnished,Ready to Move,Indiranagar,10.0,2.3,3,2,15050000,2,0,0,4
1998.0,4,4,0,1,1,5,5,Apartment,Semi-Furnished,Ready to Move,Yelahanka,5.2,7.8,7,1,12110000,0,1,0,10
2639.0,4,4,1,1,3,3,3,Apartment,Semi-Furnished,Ready to Move,Whitefield,2.7,20.6,4,1,20340000,0,1,0,9
1112.0,2,3,1,1,0,1,10,Apartment,Semi-Furnished,Ready to Move,HSR Layout,8.8,7.4,5,0,12880000,0,1,0,2
1300.0,3,3,3,1,5,14,20,Villa,Semi-Furnished,Ready to Move,Electronic City,2.3,26.5,1,1,9320000,2,1,0,1
934.0,2,2,1,1,18,9,10,Apartment,Semi-Furnished,Under Construction,Hebbal,6.0,12.9,3,3,5480000,0,1,1,3
1558.0,3,4,2,1,12,8,10,Apartment,Furnished,Ready to Move,Banashankari,3.6,7.7,2,1,12420000,0,0,0,0
1133.0,2,2,0,1,0,2,5,Villa,Semi-Furnished,Ready to Move,HSR Layout,9.6,10.6,3,2,18950000,2,1,0,2
1011.0,2,2,2,1,17,2,10,Apartment,Furnished,Ready to Move,Yelahanka,2.1,14.5,4,0,4540000,0,0,0,10
1160.0,2,3,2,1,4,3,7,Apartment,Furnished,Ready to Move,Hebbal,3.4,17.1,2,1,12890000,0,0,0,3
893.0,2,3,2,1,1,6,15,Apartment,Unfurnished,Ready to Move,HSR Layout,5.6,8.4,2,2,9470000,0,2,0,2
1601.0,4,5,3,1,11,4,5,Apartment,Semi-Furnished,Ready to Move,Electronic City,7.3,23.4,4,2,10150000,0,1,0,1
937.0,2,2,0,1,3,3,10,Apartment,Furnished,Under Construction,Electronic City,3.7,19.5,4,0,4700000,0,0,1,1
988.0,2,2,1,1,2,14,20,Apartment,Furnished,Ready to Move,Banashankari,3.1,8.0,2,3,8920000,0,0,0,0
1519.0,4,5,3,1,1,14,20,Independent House,Unfurnished,Ready to Move,Koramangala,6.8,1.0,4,3,25440000,1,2,0,6
1025.0,3,3,1,1,5,3,20,Villa,Unfurnished,Ready to Move,Hebbal,2.4,12.7,0,2,10770000,2,2,0,3
1525.0,3,4,2,1,0,3,7,Apartment,Semi-Furnished,Under Construction,Electronic City,4.1,22.2,3,1,8940000,0,1,1,1
2572.0,4,5,2,1,12,3,20,Apartment,Unfurnished,Ready to Move,Sarjapur Road,1.8,19.6,0,2,14620000,0,2,0,8
1933.0,4,5,2,1,5,14,15,Apartment,Unfurnished,Under Construction,Indiranagar,10.0,6.4,1,2,28130000,0,2,1,4
881.0,2,2,1,1,4,14,20,Villa,Unfurnished,Ready to Move,Marathahalli,5.2,14.1,2,3,7890000,2,2,0,7
1825.0,3,3,1,1,0,12,20,Apartment,Unfurnished,Under Construction,Hebbal,4.8,18.1,7,2,13460000,0,2,1,3
2712.875,4,5,2,1,13,10,20,Apartment,Semi-Furnished,Ready to Move,Hebbal,6.9,11.9,3,1,31980000,0,1,0,3
714.0,2,3,1,1,5,4,5,Independent House,Furnished,Ready to Move,Hebbal,6.4,12.1,4,3,7190000,1,0,0,3
848.0,2,2,2,1,4,2,5,Apartment,Unfurnished,Under Construction,Whitefield,4.6,19.7,1,5,4960000,0,2,1,9
1111.0,2,3,1,1,11,8,10,Apartment,Semi-Furnished,Ready to Move,Sarjapur Road,2.5,18.6,3,1,6680000,0,1,0,8
1064.0,2,2,1,1,0,4,10,Independent House,Semi-Furnished,Ready to Move,Koramangala,8.6,3.1,4,2,17520000,1,1,0,6
1388.0,3,3,1,1,3,3,7,Villa,Furnished,Ready to Move,Electronic City,3.9,20.9,3,1,11200000,2,0,0,1
1081.0,3,4,3,1,6,3,10,Apartment,Semi-Furnished,Under Construction,Jayanagar,7.4,8.3,1,0,10640000,0,1,1,5
2417.0,4,5,1,1,4,1,3,Villa,Unfurnished,Ready to Move,Electronic City,3.5,21.9,0,3,17960000,2,2,0,1
1255.0,3,3,2,1,1,1,3,Apartment,Furnished,Ready to Move,Jayanagar,7.2,9.2,4,1,18030000,0,0,0,5
1002.0,2,2,3,1,2,3,7,Villa,Furnished,Ready to Move,Banashankari,5.1,2.3,2,0,12300000,2,0,0,0
737.0,1,2,2,1,2,5,5,Apartment,Semi-Furnished,Ready to Move,Koramangala,10.0,8.6,5,0,9660000,0,1,0,6
2415.0,4,6,3,1,24,5,15,Independent House,Unfurnished,Ready to Move,Marathahalli,2.1,16.7,7,4,11750000,1,2,0,7
755.0,2,2,0,1,3,13,20,Independent House,Unfurnished,Ready to Move,Electronic City,1.8,21.8,2,6,4730000,1,2,0,1
929.0,2,2,2,1,1,4,10,Independent House,Unfurnished,Ready to Move,Koramangala,8.1,3.8,5,1,12680000,1,2,0,6
2412.0,4,4,1,1,13,5,10,Independent House,Unfurnished,Ready to Move,Koramangala,6.9,5.9,2,1,34820000,1,2,0,6
994.0,3,4,2,1,4,1,3,Apartment,Unfurnished,Under Construction,Yelahanka,3.3,12.9,3,1,4150000,0,2,1,10
1226.0,2,2,2,1,4,9,10,Apartment,Unfurnished,Ready to Move,Yelahanka,1.3,16.1,1,1,4540000,0,2,0,10
1931.0,4,5,1,1,6,11,15,Apartment,Semi-Furnished,Ready to Move,Yelahanka,1.6,16.5,4,2,9070000,0,1,0,10
2388.0,4,5,1,1,7,6,10,Villa,Furnished,Under Construction,Banashankari,7.8,1.9,4,1,23490000,2,0,1,0
373.0,1,2,2,1,7,5,5,Independent House,Semi-Furnished,Ready to Move,HSR Layout,6.0,11.0,2,0,4670000,1,1,0,2
2282.0,4,4,0,1,0,9,15,Apartment,Unfurnished,Ready to Move,Electronic City,1.6,17.9,2,1,12090000,0,2,0,1
917.0,2,3,2,1,13,8,25,Independent House,Furnished,Ready to Move,Marathahalli,3.8,17.2,1,2,7530000,1,0,0,7
1447.0,3,3,0,1,1,3,7,Independent House,Furnished,Under Construction,Indiranagar,10.0,9.0,3,2,27330000,1,0,1,4
1639.0,4,4,3,1,2,2,5,Independent House,Unfurnished,Under Construction,Electronic City,5.1,26.5,3,0,8180000,1,2,1,1
2621.0,4,6,1,1,1,6,7,Independent House,Unfurnished,Under Construction,Electronic City,1.1,21.0,0,3,13140000,1,2,1,1
857.0,2,3,2,1,11,2,3,Apartment,Unfurnished,Ready to Move,Marathahalli,2.8,13.0,1,3,4940000,0,2,0,7
930.0,2,2,0,1,7,2,20,Apartment,Semi-Furnished,Under Construction,Marathahalli,4.3,8.1,5,2,5250000,0,1,1,7
476.0,1,2,1,1,11,14,20,Apartment,Unfurnished,Ready to Move,Koramangala,7.9,6.0,2,0,4640000,0,2,0,6
970.0,3,3,1,1,8,3,10,Apartment,Unfurnished,Under Construction,Indiranagar,6.3,1.0,2,1,11530000,0,2,1,4
850.0,1,1,1,1,0,13,15,Villa,Semi-Furnished,Ready to Move,Jayanagar,4.5,1.7,0,0,12530000,2,1,0,5
690.0,2,2,0,1,2,1,10,Independent House,Semi-Furnished,Ready to Move,Marathahalli,2.4,13.1,1,6,5680000,1,1,0,7
569.0,1,1,2,1,5,5,7,Independent House,Semi-Furnished,Ready to Move,HSR Layout,3.7,6.7,2,6,7050000,1,1,0,2
613.0,2,3,0,1,2,8,10,Villa,Semi-Furnished,Ready to Move,Sarjapur Road,3.0,15.1,1,2,5280000,2,1,0,8
330.0,1,1,2,1,1,9,15,Apartment,Unfurnished,Ready to Move,Whitefield,6.1,20.1,4,3,2180000,0,2,0,9
2039.0,4,4,1,1,16,7,15,Apartment,Semi-Furnished,Ready to Move,Electronic City,2.3,24.6,0,2,12220000,0,1,0,1
983.0,2,2,1,1,11,1,3,Apartment,Semi-Furnished,Ready to Move,Hebbal,6.6,13.6,1,1,8550000,0,1,0,3
1189.0,2,2,1,1,3,8,10,Apartment,Semi-Furnished,Ready to Move,Jayanagar,6.7,6.6,2,2,13460000,0,1,0,5
2159.0,4,5,2,1,11,1,7,Apartment,Semi-Furnished,Ready to Move,HSR Layout,6.1,13.4,1,4,19880000,0,1,0,2
1358.0,3,4,1,1,7,12,15,Apartment,Unfurnished,Ready to Move,Sarjapur Road,1.2,18.4,3,5,7370000,0,2,0,8
769.0,2,2,1,1,0,9,10,Apartment,Unfurnished,Under Construction,Jayanagar,8.4,4.4,4,1,6530000,0,2,1,5
714.0,1,1,1,1,3,1,7,Apartment,Unfurnished,Ready to Move,Hebbal,5.2,9.7,4,4,6050000,0,2,0,3
1660.0,3,4,0,1,2,11,15,Villa,Unfurnished,Ready to Move,Sarjapur Road,1.3,19.7,3,0,11410000,2,2,0,8
713.0,2,2,0,1,1,2,10,Apartment,Unfurnished,Ready to Move,Marathahalli,4.6,10.7,4,1,4830000,0,2,0,7
1410.0,3,3,0,1,2,5,7,Apartment,Unfurnished,Under Construction,Indiranagar,7.8,6.0,6,2,15710000,0,2,1,4
977.0,2,2,1,1,22,3,20,Apartment,Semi-Furnished,Ready to Move,Koramangala,8.1,2.7,6,3,9920000,0,1,0,6
884.0,2,2,2,1,5,2,5,Independent House,Unfurnished,Ready to Move,HSR Layout,6.7,7.5,5,0,10870000,1,2,0,2
1616.0,3,4,1,1,15,3,3,Apartment,Furnished,Under Construction,Electronic City,5.2,19.4,2,3,8290000,0,0,1,1
1632.0,3,3,1,1,1,3,5,Apartment,Furnished,Ready to Move,Marathahalli,2.3,16.9,3,2,16300000,0,0,0,7
1923.0,4,5,0,1,1,5,5,Villa,Semi-Furnished,Ready to Move,Jayanagar,7.5,3.4,1,3,38100000,2,1,0,5
519.0,1,1,2,1,17,3,10,Apartment,Semi-Furnished,Ready to Move,HSR Layout,8.3,9.2,7,1,4780000,0,1,0,2
1819.0,3,3,1,1,5,9,10,Independent House,Furnished,Ready to Move,Whitefield,8.1,18.6,3,1,16420000,1,0,0,9
652.0,1,2,2,1,18,2,7,Apartment,Semi-Furnished,Ready to Move,Jayanagar,8.2,9.2,6,1,6830000,0,1,0,5
1420.0,3,4,2,1,0,5,5,Apartment,Furnished,Ready to Move,HSR Layout,6.9,14.6,2,3,19360000,0,0,0,2
1348.0,4,5,2,1,19,4,5,Apartment,Furnished,Under Construction,Sarjapur Road,4.1,20.7,1,0,8860000,0,0,1,8
1015.0,2,2,1,1,4,5,10,Villa,Furnished,Ready to Move,Whitefield,6.7,18.9,3,3,12940000,2,0,0,9
2279.0,4,5,1,1,1,5,10,Apartment,Semi-Furnished,Ready to Move,Marathahalli,3.6,15.0,4,2,16330000,0,1,0,7
628.0,3,3,1,1,9,1,7,Apartment,Unfurnished,Ready to Move,Yelahanka,4.2,13.3,1,1,3010000,0,2,0,10
2100.0,4,4,3,1,12,2,5,Apartment,Unfurnished,Ready to Move,Koramangala,10.0,4.6,3,2,25920000,0,2,0,6
1283.0,3,4,2,1,0,3,3,Apartment,Semi-Furnished,Ready to Move,Indiranagar,8.5,1.0,3,1,24050000,0,1,0,4
908.0,2,3,1,1,24,2,3,Apartment,Semi-Furnished,Under Construction,Whitefield,1.3,20.7,6,2,3930000,0,1,1,9
777.0,2,3,3,1,9,2,5,Villa,Unfurnished,Ready to Move,Marathahalli,2.7,13.8,1,1,6240000,2,2,0,7
921.0,2,3,1,1,3,12,15,Villa,Unfurnished,Ready to Move,Jayanagar,7.1,7.3,1,4,12980000,2,2,0,5
1214.0,2,2,1,1,1,6,7,Apartment,Semi-Furnished,Under Construction,Electronic City,2.1,22.0,2,1,5360000,0,1,1,1
1275.0,3,3,0,1,3,2,3,Apartment,Semi-Furnished,Ready to Move,Jayanagar,6.1,8.5,1,6,14220000,0,1,0,5
1670.0,3,4,1,1,1,2,10,Villa,Semi-Furnished,Ready to Move,Yelahanka,2.6,13.7,1,4,11550000,2,1,0,10
2348.0,4,5,2,1,5,9,10,Apartment,Semi-Furnished,Ready to Move,Koramangala,8.8,6.3,5,2,36270000,0,1,0,6
1094.0,2,2,2,1,12,4,7,Apartment,Semi-Furnished,Ready to Move,Whitefield,2.9,21.4,5,2,6080000,0,1,0,9
1400.0,3,3,2,1,8,1,5,Apartment,Unfurnished,Ready to Move,Hebbal,4.1,15.3,6,2,9090000,0,2,0,3
2140.0,4,4,1,1,4,9,15,Villa,Furnished,Ready to Move,Marathahalli,6.1,17.5,3,0,21120000,2,0,0,7
2002.0,4,5,2,1,1,6,10,Independent House,Unfurnished,Ready to Move,Yelahanka,2.3,13.1,2,2,12310000,1,2,0,10
1071.0,2,2,2,1,24,5,7,Villa,Furnished,Under Construction,Marathahalli,5.1,15.6,0,2,7850000,2,0,1,7
681.0,3,3,1,1,2,5,7,Apartment,Furnished,Ready to Move,Hebbal,5.0,8.5,2,2,6750000,0,0,0,3
680.0,2,3,1,1,2,5,5,Apartment,Semi-Furnished,Under Construction,Indiranagar,8.6,8.5,3,3,8720000,0,1,1,4
1029.0,2,2,2,1,8,6,15,Independent House,Semi-Furnished,Ready to Move,Sarjapur Road,4.8,15.4,3,0,7720000,1,1,0,8
561.0,2,3,2,1,11,7,10,Apartment,Semi-Furnished,Under Construction,Yelahanka,0.2,14.9,3,2,2450000,0,1,1,10
1787.0,4,4,2,1,24,3,3,Independent House,Furnished,Ready to Move,Marathahalli,4.7,14.7,2,1,11590000,1,0,0,7
1384.0,3,4,0,1,24,1,7,Independent House,Unfurnished,Ready to Move,Koramangala,8.8,6.2,4,4,16430000,1,2,0,6
1168.0,3,3,0,1,19,14,20,Apartment,Semi-Furnished,Ready to Move,HSR Layout,7.6,11.1,0,5,12390000,0,1,0,2
2412.0,4,5,2,1,4,4,10,Independent House,Unfurnished,Under Construction,Koramangala,7.4,6.3,1,3,34370000,1,2,1,6
579.0,1,1,2,1,1,3,7,Apartment,Furnished,Ready to Move,HSR Layout,6.3,10.0,3,1,7670000,0,0,0,2
1682.0,3,3,1,1,7,5,10,Independent House,Furnished,Ready to Move,Electronic City,0.0,22.7,2,2,11310000,1,0,0,1
1131.0,3,4,2,1,0,3,5,Apartment,Semi-Furnished,Ready to Move,Jayanagar,5.7,1.0,4,4,13410000,0,1,0,5
840.0,2,2,3,1,1,3,10,Apartment,Semi-Furnished,Ready to Move,Marathahalli,4.3,17.1,3,3,5630000,0,1,0,7
1195.0,3,4,3,1,0,9,10,Villa,Unfurnished,Ready to Move,Indiranagar,10.0,4.1,1,3,24180000,2,2,0,4
489.0,2,2,2,1,1,2,20,Independent House,Semi-Furnished,Ready to Move,Marathahalli,6.8,12.7,7,2,3790000,1,1,0,7
2056.0,4,5,1,1,5,4,10,Apartment,Furnished,Ready to Move,Whitefield,3.8,25.8,5,0,18340000,0,0,0,9
1127.0,2,3,2,1,3,4,7,Apartment,Semi-Furnished,Under Construction,Whitefield,5.6,11.9,4,1,7730000,0,1,1,9
1143.0,2,2,0,1,3,5,15,Apartment,Semi-Furnished,Ready to Move,Koramangala,7.8,4.3,1,3,15580000,0,1,0,6
1156.0,3,3,2,1,14,2,20,Apartment,Furnished,Ready to Move,Jayanagar,4.2,1.0,1,2,14260000,0,0,0,5
712.0,2,3,0,1,8,4,10,Apartment,Semi-Furnished,Ready to Move,HSR Layout,7.2,11.0,1,0,6730000,0,1,0,2
954.0,2,2,2,1,22,3,3,Apartment,Furnished,Ready to Move,HSR Layout,9.1,7.9,2,3,9560000,0,0,0,2
1107.0,2,2,2,1,4,3,20,Apartment,Semi-Furnished,Ready to Move,Electronic City,2.8,13.2,3,1,5560000,0,1,0,1
979.0,2,3,2,1,2,5,5,Apartment,Unfurnished,Under Construction,Hebbal,3.6,15.3,3,1,6910000,0,2,1,3
1481.0,3,4,2,1,1,3,5,Apartment,Semi-Furnished,Ready to Move,Whitefield,4.4,16.1,1,1,11530000,0,1,0,9
1719.0,3,4,0,1,8,6,7,Apartment,Furnished,Ready to Move,Marathahalli,3.8,16.8,7,0,14840000,0,0,0,7
1193.0,3,3,2,1,14,4,7,Apartment,Semi-Furnished,Under Construction,Marathahalli,7.9,11.1,1,5,6320000,0,1,1,7
1338.0,3,3,1,1,1,1,15,Independent House,Semi-Furnished,Under Construction,Hebbal,6.5,10.6,1,3,11660000,1,1,1,3
1260.0,2,3,1,1,16,3,7,Apartment,Furnished,Ready to Move,Yelahanka,3.2,9.1,4,2,6140000,0,0,0,10
912.0,2,2,3,1,5,3,3,Independent House,Furnished,Under Construction,Whitefield,0.0,21.3,2,1,8820000,1,0,1,9
1045.0,3,3,2,1,1,7,10,Villa,Furnished,Ready to Move,Koramangala,7.8,2.3,2,2,25430000,2,0,0,6
1732.0,4,5,2,1,8,2,10,Villa,Semi-Furnished,Ready to Move,Yelahanka,5.8,14.9,3,2,11510000,2,1,0,10
771.0,2,2,1,1,5,14,15,Villa,Semi-Furnished,Under Construction,Indiranagar,8.8,4.7,3,3,12370000,2,1,1,4
1017.0,2,2,2,1,0,5,7,Independent House,Furnished,Under Construction,Jayanagar,7.9,1.1,2,4,12490000,1,0,1,5
1149.0,3,4,2,1,4,3,3,Apartment,Semi-Furnished,Ready to Move,Marathahalli,4.6,16.1,4,2,8740000,0,1,0,7
1475.0,3,3,2,1,12,1,10,Apartment,Semi-Furnished,Ready to Move,Marathahalli,3.3,12.3,4,3,11060000,0,1,0,7
1193.0,3,3,3,1,6,3,5,Villa,Semi-Furnished,Under Construction,Yelahanka,5.5,22.9,5,5,7270000,2,1,1,10
316.0,1,1,1,1,2,1,3,Apartment,Semi-Furnished,Ready to Move,Banashankari,5.0,6.6,7,3,2350000,0,1,0,0
1485.0,3,3,2,1,21,11,15,Independent House,Unfurnished,Ready to Move,Sarjapur Road,2.6,16.8,5,2,8110000,1,2,0,8
566.0,1,2,2,1,2,2,7,Apartment,Unfurnished,Under Construction,HSR Layout,6.4,5.9,2,0,5030000,0,2,1,2
1544.0,3,3,1,1,2,4,10,Villa,Semi-Furnished,Ready to Move,Yelahanka,5.1,11.2,5,3,10340000,2,1,0,10
1730.0,4,4,1,1,3,3,10,Apartment,Semi-Furnished,Ready to Move,Whitefield,2.1,22.6,6,6,13980000,0,1,0,9
1181.0,3,3,3,1,17,5,7,Apartment,Furnished,Ready to Move,HSR Layout,6.7,13.2,4,2,15870000,0,0,0,2
1026.0,2,3,0,1,5,2,3,Apartment,Unfurnished,Ready to Move,Yelahanka,3.1,14.3,3,2,4220000,0,2,0,10
2712.875,4,6,1,1,9,6,7,Villa,Semi-Furnished,Ready to Move,HSR Layout,4.0,10.4,6,1,62180000,2,1,0,2
2004.0,4,4,1,1,24,5,5,Independent House,Furnished,Ready to Move,HSR Layout,7.5,13.7,1,1,26870000,1,0,0,2
1518.0,3,3,0,1,12,7,25,Apartment,Semi-Furnished,Ready to Move,Koramangala,8.4,4.9,5,4,21120000,0,1,0,6
888.0,2,3,2,1,1,5,15,Independent House,Semi-Furnished,Under Construction,Hebbal,6.3,13.5,4,3,8600000,1,1,1,3
656.0,2,2,1,1,12,6,10,Apartment,Furnished,Ready to Move,Jayanagar,8.4,6.3,3,3,7140000,0,0,0,5
2386.0,4,4,1,1,11,1,3,Apartment,Semi-Furnished,Under Construction,Marathahalli,3.9,12.0,5,2,15160000,0,1,1,7
1654.0,3,3,2,1,2,4,5,Apartment,Semi-Furnished,Ready to Move,HSR Layout,5.5,11.2,3,2,19610000,0,1,0,2
2284.0,4,4,1,1,3,11,15,Apartment,Furnished,Ready to Move,Sarjapur Road,1.5,23.6,3,1,18290000,0,0,0,8
915.0,2,3,2,1,9,10,20,Apartment,Unfurnished,Under Construction,Sarjapur Road,2.7,16.4,3,1,4260000,0,2,1,8
1063.0,2,3,2,1,2,3,3,Apartment,Semi-Furnished,Ready to Move,Electronic City,3.3,24.6,1,4,5890000,0,1,0,1
2712.875,4,6,2,1,1,1,20,Villa,Furnished,Ready to Move,Electronic City,1.9,22.5,5,1,31030000,2,0,0,1
1853.0,3,4,2,1,9,2,7,Villa,Semi-Furnished,Under Construction,HSR Layout,7.2,8.2,3,1,22170000,2,1,1,2
1137.0,2,3,0,1,17,1,5,Apartment,Furnished,Ready to Move,Banashankari,3.3,10.7,5,2,9360000,0,0,0,0
962.0,2,3,0,1,0,3,5,Apartment,Unfurnished,Ready to Move,Marathahalli,1.4,16.3,2,1,6420000,0,2,0,7
1033.0,3,3,1,1,4,10,15,Apartment,Semi-Furnished,Under Construction,Yelahanka,2.1,17.7,2,6,4020000,0,1,1,10
567.0,1,1,0,1,7,3,10,Apartment,Semi-Furnished,Ready to Move,Electronic City,3.6,27.2,3,1,2590000,0,1,0,1
1471.0,3,4,1,1,9,4,15,Apartment,Semi-Furnished,Ready to Move,Hebbal,3.1,17.5,5,2,11250000,0,1,0,3
1084.0,2,2,1,1,24,1,5,Apartment,Unfurnished,Under Construction,Sarjapur Road,2.3,18.2,2,4,2860000,0,2,1,8
1779.0,3,3,2,1,9,4,10,Independent House,Unfurnished,Under Construction,Sarjapur Road,2.7,17.7,2,2,9350000,1,2,1,8
931.0,2,2,1,1,7,4,5,Independent House,Furnished,Ready to Move,Banashankari,3.9,3.7,5,4,9290000,1,0,0,0
2712.875,4,5,1,1,24,3,3,Apartment,Furnished,Ready to Move,Electronic City,3.8,26.6,1,2,23020000,0,0,0,1
615.0,2,2,1,1,0,3,5,Apartment,Semi-Furnished,Under Construction,Koramangala,9.0,3.8,5,2,7790000,0,1,1,6
1517.0,3,3,1,1,0,5,15,Apartment,Semi-Furnished,Ready to Move,Marathahalli,3.3,12.2,4,4,9850000,0,1,0,7
462.0,1,1,2,1,6,10,10,Independent House,Semi-Furnished,Ready to Move,Sarjapur Road,2.1,15.2,4,2,3540000,1,1,0,8
865.0,3,4,2,1,3,3,5,Apartment,Furnished,Ready to Move,Marathahalli,4.2,11.2,2,3,7040000,0,0,0,7
2687.0,4,6,2,1,0,1,7,Apartment,Semi-Furnished,Ready to Move,HSR Layout,7.1,15.3,2,0,35360000,0,1,0,2
1417.0,4,5,2,1,2,8,15,Villa,Furnished,Ready to Move,Jayanagar,9.1,8.7,7,3,28470000,2,0,0,5
1354.0,3,4,2,1,8,3,7,Apartment,Furnished,Under Construction,Electronic City,5.1,17.5,2,1,7820000,0,0,1,1
1409.0,3,3,2,1,17,14,20,Apartment,Semi-Furnished,Ready to Move,Indiranagar,6.8,1.0,2,1,21060000,0,1,0,4
2447.0,4,4,0,1,0,12,20,Apartment,Unfurnished,Ready to Move,Marathahalli,3.8,14.4,1,2,16690000,0,2,0,7
1396.0,4,4,0,1,6,4,10,Apartment,Semi-Furnished,Ready to Move,Sarjapur Road,4.4,15.0,3,2,9890000,0,1,0,8
2712.875,4,6,2,1,2,7,10,Apartment,Furnished,Ready to Move,HSR Layout,5.1,9.2,1,1,49560000,0,0,0,2
968.0,2,2,1,1,8,2,10,Apartment,Semi-Furnished,Ready to Move,Electronic City,2.8,26.7,1,4,5500000,0,1,0,1
2712.875,4,6,1,1,6,2,7,Apartment,Furnished,Ready to Move,HSR Layout,7.3,13.2,3,1,49790000,0,0,0,2
867.0,2,2,0,1,20,3,7,Apartment,Furnished,Under Construction,Koramangala,8.4,1.0,4,0,9890000,0,0,1,6
696.0,2,3,1,1,0,1,5,Independent House,Semi-Furnished,Under Construction,Hebbal,5.0,9.0,5,2,5950000,1,1,1,3
416.0,1,1,2,1,5,12,20,Apartment,Semi-Furnished,Ready to Move,Yelahanka,2.0,16.7,3,2,1620000,0,1,0,10
704.0,2,3,1,1,1,9,15,Apartment,Semi-Furnished,Under Construction,Electronic City,1.2,25.4,1,1,3850000,0,1,1,1
1533.0,3,3,1,1,6,2,3,Villa,Unfurnished,Ready to Move,Sarjapur Road,3.2,15.5,5,2,11480000,2,2,0,8
2590.0,4,4,1,1,15,6,10,Independent House,Semi-Furnished,Under Construction,Yelahanka,2.9,17.1,2,2,14780000,1,1,1,10
1241.0,3,3,2,1,19,6,7,Independent House,Unfurnished,Under Construction,Hebbal,2.8,10.6,2,3,7600000,1,2,1,3
1576.0,3,4,2,1,4,11,15,Apartment,Furnished,Ready to Move,Koramangala,8.1,9.3,3,1,26830000,0,0,0,6
973.0,3,3,1,1,13,2,7,Apartment,Furnished,Ready to Move,Banashankari,5.3,9.9,4,1,7850000,0,0,0,0
1450.0,3,4,2,1,2,6,10,Villa,Unfurnished,Ready to Move,Electronic City,2.3,21.4,2,0,9090000,2,2,0,1
1077.0,2,3,1,1,0,3,5,Villa,Semi-Furnished,Ready to Move,Electronic City,3.9,17.5,1,3,7830000,2,1,0,1
1420.0,4,5,2,1,15,4,10,Apartment,Semi-Furnished,Ready to Move,Whitefield,4.7,16.8,3,3,13000000,0,1,0,9
1342.0,3,3,2,1,1,6,7,Independent House,Furnished,Ready to Move,Indiranagar,8.2,1.0,2,6,31340000,1,0,0,4
1600.0,3,3,3,1,0,2,5,Apartment,Semi-Furnished,Ready to Move,Whitefield,3.7,20.8,4,2,11870000,0,1,0,9
578.0,3,3,1,1,3,1,10,Independent House,Unfurnished,Ready to Move,HSR Layout,5.8,12.0,7,2,6330000,1,2,0,2
2534.0,4,5,0,1,3,1,10,Independent House,Unfurnished,Under Construction,Electronic City,2.0,24.1,3,1,13570000,1,2,1,1
1017.0,2,3,1,1,0,14,25,Villa,Unfurnished,Ready to Move,Hebbal,5.5,10.2,2,0,12320000,2,2,0,3
1086.0,2,3,0,1,13,1,10,Independent House,Furnished,Ready to Move,Yelahanka,1.7,19.8,4,3,6280000,1,0,0,10
1284.0,3,3,1,1,4,5,10,Villa,Semi-Furnished,Ready to Move,Electronic City,2.2,26.8,4,2,8810000,2,1,0,1
917.0,3,3,1,1,5,10,20,Apartment,Furnished,Ready to Move,Hebbal,5.7,10.0,0,1,8730000,0,0,0,3
2213.0,4,5,1,1,2,11,15,Apartment,Semi-Furnished,Ready to Move,Hebbal,4.6,15.5,1,5,22810000,0,1,0,3
934.0,2,2,3,1,5,8,10,Apartment,Semi-Furnished,Under Construction,Sarjapur Road,3.8,18.4,1,1,4650000,0,1,1,8
956.0,2,3,1,1,11,6,10,Apartment,Furnished,Ready to Move,Koramangala,5.4,2.4,3,0,16040000,0,0,0,6
2435.0,4,4,3,1,18,14,20,Villa,Furnished,Ready to Move,Sarjapur Road,2.9,21.7,2,0,22690000,2,0,0,8
1613.0,3,3,2,1,24,3,10,Apartment,Unfurnished,Ready to Move,Yelahanka,5.5,12.4,1,2,6780000,0,2,0,10
1937.0,3,4,2,1,4,14,15,Apartment,Unfurnished,Under Construction,Sarjapur Road,1.0,13.5,3,2,10840000,0,2,1,8
979.0,2,2,3,1,24,2,3,Apartment,Unfurnished,Ready to Move,Electronic City,6.0,20.8,2,2,3530000,0,2,0,1
818.0,2,2,2,1,2,14,15,Independent House,Furnished,Under Construction,Jayanagar,7.1,5.3,7,3,11960000,1,0,1,5
1347.0,3,4,2,1,0,7,7,Apartment,Furnished,Ready to Move,Marathahalli,3.2,9.1,7,2,11070000,0,0,0,7
1028.0,2,3,1,1,11,2,5,Apartment,Unfurnished,Under Construction,Jayanagar,6.4,7.5,1,3,8890000,0,2,1,5
2406.0,4,5,1,1,1,4,15,Apartment,Unfurnished,Ready to Move,Whitefield,6.2,17.7,4,0,21290000,0,2,0,9
989.0,3,4,3,1,0,9,10,Villa,Semi-Furnished,Ready to Move,Electronic City,0.0,18.1,1,1,7550000,2,1,0,1
951.0,2,2,1,1,20,1,7,Apartment,Semi-Furnished,Under Construction,Hebbal,7.1,13.9,1,3,6790000,0,1,1,3
1850.0,3,3,0,1,12,1,7,Villa,Semi-Furnished,Ready to Move,Hebbal,5.4,10.7,2,4,23860000,2,1,0,3
1332.0,3,3,2,1,0,5,5,Apartment,Furnished,Ready to Move,Koramangala,9.5,7.2,3,1,22210000,0,0,0,6
1126.0,2,2,2,1,12,1,3,Apartment,Furnished,Ready to Move,Banashankari,2.0,9.4,2,4,8540000,0,0,0,0
1043.0,2,2,2,1,14,6,7,Independent House,Unfurnished,Ready to Move,Electronic City,3.0,21.4,0,4,5660000,1,2,0,1
1131.0,2,3,0,1,18,4,5,Apartment,Unfurnished,Under Construction,Marathahalli,0.5,17.3,2,5,4790000,0,2,1,7
1173.0,3,3,2,1,6,3,7,Apartment,Semi-Furnished,Under Construction,Sarjapur Road,5.5,19.3,1,3,6530000,0,1,1,8
1174.0,3,4,1,1,9,7,15,Apartment,Semi-Furnished,Ready to Move,Hebbal,3.5,11.9,4,0,9760000,0,1,0,3
1405.0,3,3,3,1,11,3,5,Apartment,Furnished,Ready to Move,Yelahanka,1.5,17.5,3,3,7750000,0,0,0,10
970.0,3,3,0,1,9,2,3,Apartment,Semi-Furnished,Ready to Move,Electronic City,0.4,23.6,2,1,4890000,0,1,0,1
1324.0,3,3,2,1,8,14,20,Apartment,Semi-Furnished,Ready to Move,Hebbal,5.7,8.7,4,4,11950000,0,1,0,3
1470.0,3,4,0,1,6,10,15,Apartment,Semi-Furnished,Ready to Move,Koramangala,8.1,11.1,2,2,20530000,0,1,0,6
1899.0,3,3,0,1,5,2,3,Apartment,Unfurnished,Ready to Move,Sarjapur Road,2.5,18.2,4,4,10590000,0,2,0,8
1026.0,2,2,1,1,24,3,3,Villa,Semi-Furnished,Under Construction,Sarjapur Road,4.1,18.3,4,2,5270000,2,1,1,8
2250.0,4,5,1,1,3,7,10,Independent House,Furnished,Ready to Move,Marathahalli,2.8,8.7,1,2,23440000,1,0,0,7
1726.0,3,3,2,1,0,7,7,Apartment,Furnished,Under Construction,HSR Layout,3.7,10.4,5,3,22310000,0,0,1,2
1614.0,4,4,0,1,11,2,15,Apartment,Unfurnished,Ready to Move,Yelahanka,2.5,16.5,3,2,8290000,0,2,0,10
1353.0,3,4,1,1,1,7,7,Apartment,Semi-Furnished,Ready to Move,Koramangala,10.0,1.0,3,2,20490000,0,1,0,6
1410.0,2,2,1,1,6,14,25,Apartment,Semi-Furnished,Ready to Move,Whitefield,5.8,16.9,2,2,10690000,0,1,0,9
1377.0,3,3,2,1,0,9,10,Apartment,Semi-Furnished,Ready to Move,Sarjapur Road,4.3,15.3,4,2,9350000,0,1,0,8
1162.0,2,3,0,1,7,2,3,Apartment,Semi-Furnished,Under Construction,Indiranagar,9.0,4.1,4,1,14500000,0,1,1,4
1669.0,3,3,1,1,23,4,7,Apartment,Furnished,Under Construction,Hebbal,4.5,12.6,1,1,11610000,0,0,1,3
986.0,3,3,2,1,10,6,10,Apartment,Unfurnished,Ready to Move,Electronic City,4.4,21.3,1,0,5290000,0,2,0,1
2124.0,4,4,3,1,1,3,5,Apartment,Semi-Furnished,Ready to Move,Koramangala,8.8,4.9,4,3,35750000,0,1,0,6
1441.0,3,3,2,1,24,1,3,Independent House,Furnished,Ready to Move,Hebbal,4.9,14.0,3,2,13270000,1,0,0,3
1492.0,3,3,2,1,2,2,3,Apartment,Furnished,Ready to Move,Jayanagar,7.0,7.6,3,3,21610000,0,0,0,5
806.0,2,2,0,1,4,2,10,Villa,Unfurnished,Ready to Move,Koramangala,5.6,5.1,3,2,12690000,2,2,0,6
2174.0,4,5,2,1,5,6,10,Independent House,Semi-Furnished,Under Construction,Sarjapur Road,2.9,18.9,3,4,14740000,1,1,1,8
1809.0,4,4,2,1,24,2,3,Apartment,Unfurnished,Ready to Move,Jayanagar,4.9,6.9,2,3,13920000,0,2,0,5
1372.0,3,4,3,1,0,9,10,Apartment,Furnished,Ready to Move,Marathahalli,2.2,13.6,2,3,12170000,0,0,0,7
1175.0,2,3,1,1,9,2,10,Apartment,Semi-Furnished,Under Construction,Indiranagar,9.4,3.0,3,0,15820000,0,1,1,4
1908.0,3,4,3,1,3,14,20,Apartment,Unfurnished,Ready to Move,Hebbal,3.1,11.7,3,0,16380000,0,2,0,3
1215.0,2,2,1,1,0,9,15,Apartment,Semi-Furnished,Ready to Move,Hebbal,6.2,14.0,3,6,10540000,0,1,0,3
1640.0,3,3,2,1,21,10,20,Villa,Semi-Furnished,Under Construction,Sarjapur Road,5.2,19.9,1,3,9710000,2,1,1,8
759.0,2,2,1,1,7,2,25,Apartment,Unfurnished,Ready to Move,Whitefield,4.2,21.5,5,2,5220000,0,2,0,9
1285.0,3,4,1,1,11,6,7,Apartment,Furnished,Ready to Move,Hebbal,4.1,10.6,0,3,13360000,0,0,0,3
1458.0,3,3,1,1,2,5,10,Villa,Unfurnished,Ready to Move,Marathahalli,5.5,13.4,5,3,10320000,2,2,0,7
829.0,2,2,1,1,11,3,7,Independent House,Semi-Furnished,Under Construction,Sarjapur Road,4.5,17.4,4,0,4830000,1,1,1,8
1561.0,3,3,2,1,14,2,10,Apartment,Semi-Furnished,Ready to Move,Electronic City,5.1,20.2,2,3,8280000,0,1,0,1
2288.0,4,4,2,1,4,5,5,Villa,Furnished,Ready to Move,Yelahanka,1.4,18.7,4,0,20120000,2,0,0,10
1051.0,2,2,2,1,6,7,10,Apartment,Unfurnished,Ready to Move,Sarjapur Road,3.3,12.5,4,2,6310000,0,2,0,8
1687.0,3,3,1,1,24,3,3,Apartment,Semi-Furnished,Ready to Move,Whitefield,4.0,26.1,2,0,10970000,0,1,0,9
778.0,2,2,3,1,15,4,5,Apartment,Unfurnished,Under Construction,Electronic City,3.6,28.2,2,0,3130000,0,2,1,1
652.0,1,2,2,1,4,3,5,Apartment,Furnished,Ready to Move,Yelahanka,3.9,16.2,3,2,3130000,0,0,0,10
817.0,2,2,1,1,8,7,20,Independent House,Unfurnished,Ready to Move,Whitefield,4.5,21.2,2,2,6890000,1,2,0,9
1136.0,3,4,2,1,12,5,5,Apartment,Semi-Furnished,Ready to Move,Banashankari,6.7,10.5,0,2,10300000,0,1,0,0
1051.0,2,2,1,1,0,14,20,Apartment,Semi-Furnished,Under Construction,Marathahalli,3.4,11.7,2,3,6980000,0,1,1,7
2486.0,4,4,0,1,7,5,5,Apartment,Unfurnished,Ready to Move,Marathahalli,2.4,15.7,2,1,17650000,0,2,0,7
1536.0,3,3,1,1,24,2,10,Apartment,Unfurnished,Ready to Move,HSR Layout,5.3,14.0,3,1,10740000,0,2,0,2
552.0,1,1,2,1,23,1,7,Apartment,Unfurnished,Ready to Move,HSR Layout,5.1,4.6,2,1,4430000,0,2,0,2
1486.0,3,3,1,1,14,2,7,Apartment,Furnished,Under Construction,Yelahanka,2.3,11.7,3,3,7730000,0,0,1,10
975.0,2,2,1,1,0,14,25,Independent House,Semi-Furnished,Under Construction,HSR Layout,5.9,12.3,4,2,9490000,1,1,1,2
1084.0,3,3,3,1,24,1,5,Apartment,Furnished,Ready to Move,Sarjapur Road,3.3,17.2,3,3,5750000,0,0,0,8
713.0,2,2,1,1,7,2,5,Apartment,Unfurnished,Ready to Move,Electronic City,3.7,20.8,3,4,3250000,0,2,0,1
935.0,2,2,1,1,2,8,10,Apartment,Unfurnished,Ready to Move,Koramangala,7.3,3.0,4,1,12480000,0,2,0,6
1422.0,3,3,3,1,8,13,15,Apartment,Furnished,Ready to Move,Whitefield,5.9,16.6,2,6,13290000,0,0,0,9
2712.875,4,5,1,1,15,12,25,Apartment,Semi-Furnished,Ready to Move,Jayanagar,3.8,4.8,3,0,32650000,0,1,0,5
1078.0,2,2,2,1,0,13,15,Independent House,Furnished,Ready to Move,Banashankari,1.3,4.0,3,0,12340000,1,0,0,0
1913.0,4,5,1,1,19,3,10,Independent House,Furnished,Ready to Move,Electronic City,4.8,25.9,7,4,15100000,1,0,0,1
1056.0,2,2,2,1,20,7,7,Apartment,Furnished,Under Construction,Electronic City,4.7,22.4,0,2,5040000,0,0,1,1
1942.0,4,4,1,1,0,6,10,Apartment,Unfurnished,Under Construction,Electronic City,5.2,22.3,2,2,8510000,0,2,1,1
1910.0,3,4,3,1,18,9,10,Independent House,Unfurnished,Ready to Move,Jayanagar,7.6,8.0,3,1,19330000,1,2,0,5
965.0,2,3,1,1,23,2,5,Apartment,Unfurnished,Ready to Move,Indiranagar,8.7,13.4,5,2,13110000,0,2,0,4
1394.0,2,3,2,1,0,10,10,Apartment,Furnished,Ready to Move,Yelahanka,2.6,12.8,2,2,7420000,0,0,0,10
1016.0,2,3,3,1,2,3,5,Apartment,Semi-Furnished,Ready to Move,Jayanagar,4.3,1.0,4,1,11350000,0,1,0,5
909.0,2,3,3,1,3,9,10,Villa,Semi-Furnished,Ready to Move,Jayanagar,6.9,5.9,7,4,14360000,2,1,0,5
779.0,2,3,0,1,3,7,7,Apartment,Furnished,Under Construction,Koramangala,5.8,1.0,2,1,10150000,0,0,1,6
995.0,3,3,2,1,11,5,7,Independent House,Semi-Furnished,Under Construction,Banashankari,8.4,7.0,3,4,8060000,1,1,1,0
2244.0,4,6,1,1,3,8,10,Independent House,Unfurnished,Under Construction,HSR Layout,4.8,12.6,2,6,21370000,1,2,1,2
453.0,1,2,2,1,24,2,3,Apartment,Semi-Furnished,Ready to Move,Whitefield,4.2,24.6,2,2,2850000,0,1,0,9
1510.0,3,4,1,1,24,3,3,Villa,Unfurnished,Under Construction,Marathahalli,6.3,9.3,3,2,8120000,2,2,1,7
1252.0,3,4,1,1,3,3,5,Independent House,Semi-Furnished,Under Construction,Marathahalli,3.5,11.2,2,4,9850000,1,1,1,7
2074.0,4,4,1,1,5,5,5,Apartment,Unfurnished,Ready to Move,Electronic City,2.8,23.1,3,2,11170000,0,2,0,1
1758.0,3,3,2,1,6,2,5,Apartment,Unfurnished,Under Construction,Indiranagar,4.8,7.3,2,0,20260000,0,2,1,4
1375.0,3,4,1,1,6,11,15,Apartment,Furnished,Under Construction,Hebbal,3.0,14.4,4,2,12250000,0,0,1,3
1982.0,3,3,1,1,3,6,7,Apartment,Furnished,Under Construction,Koramangala,8.8,8.4,2,3,29070000,0,0,1,6
726.0,2,3,1,1,1,3,10,Apartment,Furnished,Ready to Move,Hebbal,7.5,14.2,2,2,6930000,0,0,0,3
533.0,1,1,3,1,0,7,10,Apartment,Unfurnished,Ready to Move,Marathahalli,2.7,13.6,2,0,2660000,0,2,0,7
847.0,2,3,2,1,0,10,15,Apartment,Furnished,Under Construction,Electronic City,3.6,25.2,7,2,5680000,0,0,1,1
653.0,1,2,1,1,18,2,3,Independent House,Semi-Furnished,Ready to Move,Indiranagar,10.0,5.2,3,1,9190000,1,1,0,4
772.0,3,3,3,1,2,12,20,Apartment,Furnished,Under Construction,HSR Layout,7.2,10.8,4,3,9280000,0,0,1,2
675.0,2,2,2,1,0,14,25,Apartment,Furnished,Ready to Move,Sarjapur Road,5.1,16.5,1,3,4920000,0,0,0,8
1369.0,3,3,0,1,7,2,5,Apartment,Furnished,Under Construction,Jayanagar,5.5,6.5,2,3,15720000,0,0,1,5
1244.0,2,3,1,1,0,10,10,Apartment,Unfurnished,Ready to Move,Electronic City,5.7,17.1,6,1,6110000,0,2,0,1
2090.0,4,5,1,1,0,1,3,Apartment,Furnished,Ready to Move,Marathahalli,3.0,17.1,3,1,16940000,0,0,0,7
1459.0,4,4,2,1,7,2,3,Apartment,Semi-Furnished,Under Construction,Banashankari,3.4,5.0,2,1,12360000,0,1,1,0
722.0,2,2,3,1,7,6,7,Apartment,Unfurnished,Ready to Move,Indiranagar,10.0,2.3,1,3,10480000,0,2,0,4
1267.0,2,3,1,1,0,1,15,Villa,Semi-Furnished,Ready to Move,Yelahanka,2.0,9.0,5,3,7420000,2,1,0,10
1226.0,3,4,1,1,4,6,10,Independent House,Unfurnished,Under Construction,Electronic City,3.3,19.5,1,2,6320000,1,2,1,1
446.0,1,1,1,1,4,6,7,Apartment,Furnished,Ready to Move,Whitefield,6.8,17.1,0,1,3430000,0,0,0,9
1230.0,2,2,1,1,6,6,7,Villa,Furnished,Ready to Move,HSR Layout,5.0,10.7,1,2,17250000,2,0,0,2
1142.0,2,3,2,1,10,9,10,Villa,Semi-Furnished,Under Construction,Electronic City,3.0,18.1,4,1,7670000,2,1,1,1
2509.0,4,4,2,1,2,4,7,Apartment,Semi-Furnished,Ready to Move,HSR Layout,5.4,8.7,4,3,28920000,0,1,0,2
1619.0,4,5,0,1,4,7,20,Independent House,Unfurnished,Ready to Move,Whitefield,3.8,18.0,2,3,14590000,1,2,0,9
972.0,3,3,2,1,12,3,10,Independent House,Furnished,Under Construction,Yelahanka,3.1,10.7,2,0,5050000,1,0,1,10
1437.0,3,4,1,1,20,8,10,Apartment,Unfurnished,Ready to Move,Hebbal,7.0,12.7,3,0,11540000,0,2,0,3
2134.0,4,4,3,1,17,2,10,Apartment,Semi-Furnished,Under Construction,Sarjapur Road,6.1,17.3,3,3,11350000,0,1,1,8
2145.0,4,5,1,1,5,14,20,Apartment,Furnished,Ready to Move,Koramangala,8.2,4.1,2,1,38100000,0,0,0,6
2712.875,4,5,2,1,5,5,15,Apartment,Semi-Furnished,Ready to Move,Koramangala,6.9,6.5,3,4,61030000,0,1,0,6
620.0,2,2,0,1,6,1,5,Villa,Semi-Furnished,Ready to Move,Whitefield,5.4,20.0,2,1,6040000,2,1,0,9
1113.0,2,2,1,1,16,7,7,Apartment,Unfurnished,Ready to Move,Sarjapur Road,3.7,17.0,2,1,5770000,0,2,0,8
1092.0,3,4,2,1,14,1,7,Independent House,Unfurnished,Under Construction,Yelahanka,3.1,18.8,6,0,5090000,1,2,1,10
1639.0,3,3,1,1,2,11,25,Villa,Semi-Furnished,Ready to Move,Indiranagar,7.1,4.0,6,1,28540000,2,1,0,4
497.0,1,1,3,1,1,3,7,Villa,Unfurnished,Ready to Move,Whitefield,1.9,18.5,1,1,4280000,2,2,0,9
460.0,1,1,2,1,3,2,3,Villa,Semi-Furnished,Under Construction,Jayanagar,6.6,8.0,2,1,5570000,2,1,1,5
1756.0,4,4,3,1,2,2,7,Apartment,Semi-Furnished,Under Construction,Electronic City,1.7,19.7,7,5,8440000,0,1,1,1
1421.0,4,4,3,1,24,4,7,Apartment,Semi-Furnished,Under Construction,Electronic City,2.5,25.5,2,1,6190000,0,1,1,1
957.0,2,2,1,1,2,6,10,Villa,Semi-Furnished,Ready to Move,Marathahalli,6.2,14.5,2,2,8220000,2,1,0,7
1690.0,4,5,2,1,1,1,5,Apartment,Semi-Furnished,Ready to Move,Sarjapur Road,3.6,22.7,2,3,12540000,0,1,0,8
1620.0,3,4,2,1,18,1,3,Apartment,Semi-Furnished,Ready to Move,Whitefield,6.0,19.8,3,1,10570000,0,1,0,9
2256.0,4,5,1,1,0,1,3,Independent House,Unfurnished,Ready to Move,Whitefield,4.8,22.8,1,0,20580000,1,2,0,9
1270.0,2,3,2,1,2,1,7,Villa,Unfurnished,Ready to Move,Banashankari,5.5,3.1,7,0,13050000,2,2,0,0
1019.0,2,2,2,1,4,7,7,Apartment,Furnished,Ready to Move,HSR Layout,5.5,13.8,5,1,12490000,0,0,0,2
1048.0,2,3,2,1,7,10,15,Villa,Semi-Furnished,Under Construction,Whitefield,6.1,22.1,3,2,8260000,2,1,1,9
1792.0,3,3,0,1,3,1,7,Independent House,Semi-Furnished,Ready to Move,Koramangala,8.5,2.1,3,1,30050000,1,1,0,6
1224.0,3,3,2,1,5,3,3,Apartment,Semi-Furnished,Ready to Move,Whitefield,3.9,22.6,4,3,8810000,0,1,0,9
667.0,2,2,1,1,1,3,15,Apartment,Unfurnished,Under Construction,Electronic City,3.8,18.2,4,2,2770000,0,2,1,1
2712.875,4,5,2,1,6,10,20,Independent House,Unfurnished,Ready to Move,Hebbal,3.9,10.5,2,3,31390000,1,2,0,3
679.0,2,2,1,1,4,2,10,Apartment,Semi-Furnished,Under Construction,Electronic City,2.9,19.4,4,2,3690000,0,1,1,1
1416.0,2,2,1,1,15,3,7,Apartment,Semi-Furnished,Under Construction,Indiranagar,8.6,7.8,2,1,17540000,0,1,1,4
1807.0,3,4,3,1,4,10,15,Apartment,Semi-Furnished,Ready to Move,Marathahalli,3.2,17.7,2,4,11340000,0,1,0,7
2005.0,3,3,2,1,4,3,3,Independent House,Unfurnished,Ready to Move,Jayanagar,9.0,4.7,4,0,27610000,1,2,0,5
961.0,2,2,3,1,7,10,20,Apartment,Unfurnished,Ready to Move,Hebbal,4.4,8.2,2,2,7590000,0,2,0,3
1554.0,3,3,1,1,1,4,20,Apartment,Semi-Furnished,Under Construction,Hebbal,8.1,9.1,3,1,13630000,0,1,1,3
1271.0,3,3,2,1,1,9,10,Apartment,Semi-Furnished,Ready to Move,Whitefield,4.4,20.3,3,2,9830000,0,1,0,9
1647.0,3,3,2,1,12,5,7,Independent House,Furnished,Ready to Move,Sarjapur Road,3.3,18.1,2,1,14760000,1,0,0,8
1059.0,3,3,2,1,2,3,3,Apartment,Unfurnished,Ready to Move,Indiranagar,7.9,4.0,0,2,14870000,0,2,0,4
300.0,1,1,0,1,9,4,25,Apartment,Furnished,Ready to Move,Banashankari,5.3,5.5,4,1,2210000,0,0,0,0
1178.0,3,4,1,1,0,1,15,Independent House,Furnished,Under Construction,Indiranagar,10.0,9.9,2,3,20970000,1,0,1,4
1417.0,4,5,3,1,13,3,7,Apartment,Semi-Furnished,Under Construction,Banashankari,0.9,6.1,3,3,9260000,0,1,1,0
712.0,1,1,1,1,24,1,3,Independent House,Semi-Furnished,Ready to Move,Sarjapur Road,3.7,15.5,1,1,4280000,1,1,0,8
1294.0,2,2,3,1,3,9,10,Independent House,Furnished,Ready to Move,HSR Layout,3.4,13.4,4,2,20180000,1,0,0,2
1438.0,4,5,1,1,5,10,25,Independent House,Unfurnished,Ready to Move,Jayanagar,8.1,5.2,3,1,17990000,1,2,0,5
1195.0,2,2,3,1,4,14,15,Apartment,Semi-Furnished,Under Construction,Banashankari,6.2,9.5,4,2,8610000,0,1,1,0
1666.0,3,3,2,1,17,1,3,Villa,Unfurnished,Ready to Move,Hebbal,5.1,9.4,4,2,17150000,2,2,0,3
1920.0,4,5,2,1,0,3,7,Independent House,Semi-Furnished,Under Construction,Whitefield,4.6,21.5,1,2,17740000,1,1,1,9
875.0,2,3,1,1,8,5,5,Independent House,Unfurnished,Ready to Move,Sarjapur Road,1.5,20.2,2,3,5700000,1,2,0,8
486.0,1,1,3,1,8,7,20,Apartment,Furnished,Ready to Move,Electronic City,2.5,18.7,2,2,2840000,0,0,0,1
2299.0,4,5,1,1,3,4,7,Independent House,Semi-Furnished,Ready to Move,Whitefield,3.4,18.4,2,1,20090000,1,1,0,9
1508.0,4,4,2,1,1,8,15,Apartment,Furnished,Ready to Move,Electronic City,2.7,19.3,3,0,12390000,0,0,0,1
1372.0,3,3,0,1,2,1,3,Apartment,Unfurnished,Under Construction,HSR Layout,7.6,8.4,2,1,12000000,0,2,1,2
1207.0,3,3,2,1,12,5,5,Apartment,Semi-Furnished,Ready to Move,Hebbal,6.9,16.8,5,3,11600000,0,1,0,3
2189.0,4,5,2,1,0,3,10,Independent House,Semi-Furnished,Under Construction,Electronic City,4.2,22.8,3,1,14200000,1,1,1,1
1339.0,3,4,1,1,6,7,15,Apartment,Semi-Furnished,Under Construction,Hebbal,4.5,17.8,4,2,8730000,0,1,1,3
848.0,2,2,2,1,2,4,5,Apartment,Furnished,Under Construction,Whitefield,3.2,24.4,3,4,6580000,0,0,1,9
526.0,1,1,0,1,2,7,7,Independent House,Semi-Furnished,Ready to Move,Electronic City,3.5,25.4,4,1,3880000,1,1,0,1
1970.0,3,3,3,1,5,1,10,Apartment,Unfurnished,Ready to Move,HSR Layout,6.8,14.4,4,3,19260000,0,2,0,2
1833.0,4,4,3,1,18,11,15,Villa,Furnished,Ready to Move,HSR Layout,6.0,13.5,2,1,27260000,2,0,0,2
1583.0,4,4,1,1,7,2,10,Apartment,Semi-Furnished,Under Construction,Whitefield,3.3,25.1,2,4,10930000,0,1,1,9
2712.875,4,5,0,1,12,1,3,Apartment,Unfurnished,Ready to Move,Koramangala,8.9,5.6,3,1,37920000,0,2,0,6
1942.0,4,5,2,1,7,5,10,Villa,Semi-Furnished,Ready to Move,Jayanagar,7.7,8.1,3,5,31130000,2,1,0,5
1003.0,3,3,0,1,9,14,20,Independent House,Semi-Furnished,Under Construction,HSR Layout,4.4,12.0,3,3,11930000,1,1,1,2
1373.0,2,2,1,1,4,12,20,Apartment,Semi-Furnished,Ready to Move,Electronic City,2.8,20.7,2,2,7420000,0,1,0,1
1301.0,3,3,1,1,20,4,10,Independent House,Semi-Furnished,Ready to Move,Electronic City,4.5,24.5,1,1,6930000,1,1,0,1
1294.0,3,3,1,1,5,14,25,Apartment,Semi-Furnished,Ready to Move,Yelahanka,4.5,19.8,1,3,6790000,0,1,0,10
1444.0,3,3,0,1,6,1,5,Apartment,Unfurnished,Under Construction,Yelahanka,3.1,14.2,2,0,5710000,0,2,1,10
740.0,1,2,0,1,5,5,10,Apartment,Semi-Furnished,Ready to Move,Jayanagar,7.2,3.4,2,2,7980000,0,1,0,5
1328.0,4,4,0,1,3,7,15,Apartment,Semi-Furnished,Under Construction,Electronic City,3.7,20.3,2,4,8050000,0,1,1,1
1477.0,3,4,2,1,2,3,5,Apartment,Semi-Furnished,Ready to Move,Whitefield,5.8,24.1,1,3,13930000,0,1,0,9
1346.0,2,2,2,1,0,14,25,Apartment,Unfurnished,Under Construction,Banashankari,3.0,7.3,5,2,8730000,0,2,1,0
1436.0,3,3,1,1,10,1,7,Apartment,Semi-Furnished,Ready to Move,Whitefield,4.7,16.7,2,1,11670000,0,1,0,9
1054.0,3,3,2,1,2,7,7,Apartment,Furnished,Ready to Move,HSR Layout,5.0,6.9,2,4,14830000,0,0,0,2
832.0,2,3,2,1,3,4,5,Apartment,Furnished,Under Construction,HSR Layout,8.0,7.3,5,4,8380000,0,0,1,2
2082.0,4,4,1,1,20,2,7,Apartment,Semi-Furnished,Ready to Move,Electronic City,1.7,19.9,2,3,9090000,0,1,0,1
1202.0,2,2,2,1,6,4,10,Independent House,Unfurnished,Ready to Move,Koramangala,8.6,1.0,4,3,16310000,1,2,0,6
885.0,2,2,2,1,0,6,7,Villa,Semi-Furnished,Ready to Move,Hebbal,3.7,13.8,1,1,9200000,2,1,0,3
1107.0,2,3,0,1,12,3,5,Apartment,Unfurnished,Ready to Move,Koramangala,9.1,3.4,3,3,12470000,0,2,0,6
998.0,3,3,1,1,2,2,15,Independent House,Semi-Furnished,Ready to Move,Marathahalli,4.7,15.6,4,1,7080000,1,1,0,7
1991.0,4,5,1,1,6,1,3,Independent House,Semi-Furnished,Ready to Move,Koramangala,8.4,1.0,2,1,42140000,1,1,0,6
1806.0,4,4,2,1,5,7,15,Apartment,Semi-Furnished,Ready to Move,Whitefield,7.3,23.2,0,3,16770000,0,1,0,9
2575.0,4,4,1,1,2,1,7,Apartment,Unfurnished,Ready to Move,Yelahanka,1.9,15.8,7,1,12960000,0,2,0,10
963.0,2,2,3,1,0,10,10,Villa,Semi-Furnished,Ready to Move,Koramangala,9.4,5.5,3,3,17190000,2,1,0,6
581.0,1,1,2,1,1,5,7,Apartment,Furnished,Under Construction,Hebbal,6.8,16.6,4,1,5350000,0,0,1,3
1477.0,3,4,1,1,0,8,10,Independent House,Semi-Furnished,Under Construction,Jayanagar,8.1,7.1,1,2,19500000,1,1,1,5
1160.0,2,2,0,1,2,2,15,Villa,Semi-Furnished,Ready to Move,Whitefield,3.3,26.3,6,2,11800000,2,1,0,9
1755.0,4,5,1,1,24,3,25,Villa,Unfurnished,Ready to Move,Banashankari,4.3,2.4,7,0,11190000,2,2,0,0
1592.0,3,4,1,1,4,7,7,Independent House,Semi-Furnished,Ready to Move,HSR Layout,5.4,9.0,4,2,18520000,1,1,0,2
2334.0,4,5,1,1,15,1,10,Apartment,Semi-Furnished,Under Construction,Hebbal,4.6,6.6,4,1,17220000,0,1,1,3
1326.0,2,2,2,1,6,1,10,Apartment,Semi-Furnished,Ready to Move,Koramangala,6.7,4.9,2,2,17780000,0,1,0,6
1175.0,3,4,2,1,8,14,25,Independent House,Semi-Furnished,Ready to Move,Hebbal,4.5,12.2,6,2,11810000,1,1,0,3
1152.0,3,4,1,1,1,6,15,Apartment,Semi-Furnished,Ready to Move,Whitefield,6.5,16.7,7,0,8390000,0,1,0,9
1054.0,2,3,2,1,2,3,7,Independent House,Semi-Furnished,Ready to Move,Jayanagar,6.2,12.5,4,0,13950000,1,1,0,5
1422.0,3,4,0,1,5,4,10,Independent House,Unfurnished,Ready to Move,Sarjapur Road,3.8,16.9,4,3,10010000,1,2,0,8
1012.0,2,2,1,1,17,2,5,Villa,Unfurnished,Ready to Move,Yelahanka,1.9,9.4,3,5,5250000,2,2,0,10
993.0,2,3,2,1,0,12,15,Apartment,Furnished,Ready to Move,Yelahanka,3.0,18.0,4,2,6490000,0,0,0,10
742.0,2,2,1,1,5,8,15,Apartment,Semi-Furnished,Ready to Move,Hebbal,6.2,14.1,5,0,5530000,0,1,0,3
727.0,1,1,2,1,0,14,25,Apartment,Unfurnished,Ready to Move,Yelahanka,3.7,14.6,5,1,3640000,0,2,0,10
1650.0,3,3,3,1,4,6,10,Apartment,Furnished,Ready to Move,Koramangala,10.0,6.4,4,0,26910000,0,0,0,6
1208.0,2,3,2,1,7,9,10,Villa,Unfurnished,Ready to Move,HSR Layout,4.5,7.1,3,0,15810000,2,2,0,2
491.0,1,1,0,1,10,6,7,Independent House,Semi-Furnished,Ready to Move,HSR Layout,5.2,8.7,6,3,5780000,1,1,0,2
1029.0,2,3,1,1,1,2,10,Villa,Unfurnished,Ready to Move,Electronic City,2.7,23.2,2,0,6220000,2,2,0,1
987.0,2,3,0,1,1,3,7,Apartment,Furnished,Under Construction,Electronic City,5.6,24.8,2,3,5240000,0,0,1,1
1164.0,2,3,2,1,5,5,15,Apartment,Semi-Furnished,Ready to Move,Jayanagar,7.1,5.3,3,4,12580000,0,1,0,5
1170.0,2,3,2,1,24,2,3,Independent House,Semi-Furnished,Under Construction,Koramangala,5.9,2.6,0,1,10650000,1,1,1,6
1454.0,3,3,2,1,3,2,3,Apartment,Semi-Furnished,Ready to Move,Sarjapur Road,5.3,17.9,4,3,10640000,0,1,0,8
974.0,3,4,2,1,4,4,15,Apartment,Unfurnished,Ready to Move,Koramangala,8.2,1.0,0,3,13050000,0,2,0,6
1898.0,3,4,2,1,4,14,20,Independent House,Semi-Furnished,Under Construction,Electronic City,4.7,21.2,5,2,11880000,1,1,1,1
2222.0,4,5,2,1,0,3,10,Villa,Semi-Furnished,Under Construction,Jayanagar,9.0,1.0,5,2,37340000,2,1,1,5
1229.0,3,4,1,1,11,4,15,Apartment,Furnished,Ready to Move,Hebbal,3.5,9.5,6,3,10750000,0,0,0,3
1513.0,3,3,2,1,2,4,15,Independent House,Furnished,Ready to Move,Sarjapur Road,6.0,13.7,3,3,12540000,1,0,0,8
1395.0,4,4,2,1,9,6,7,Apartment,Furnished,Ready to Move,Marathahalli,3.9,15.6,4,0,11650000,0,0,0,7
1150.0,2,2,1,1,5,2,5,Independent House,Semi-Furnished,Under Construction,Koramangala,7.4,1.8,1,2,19250000,1,1,1,6
988.0,3,4,3,1,7,12,20,Apartment,Semi-Furnished,Under Construction,Jayanagar,6.9,9.7,1,4,10080000,0,1,1,5
908.0,2,2,3,1,0,10,20,Apartment,Semi-Furnished,Under Construction,Whitefield,2.5,14.5,5,3,6110000,0,1,1,9
996.0,2,3,2,1,17,1,7,Independent House,Semi-Furnished,Ready to Move,Electronic City,3.3,21.3,2,1,5970000,1,1,0,1
1690.0,3,3,2,1,2,3,5,Apartment,Semi-Furnished,Under Construction,Electronic City,3.0,22.3,3,2,8970000,0,1,1,1
970.0,2,3,1,1,8,1,20,Villa,Furnished,Ready to Move,Whitefield,2.9,21.5,4,0,11040000,2,0,0,9
1070.0,2,3,1,1,12,14,15,Independent House,Furnished,Ready to Move,HSR Layout,5.4,16.5,4,4,13650000,1,0,0,2
944.0,2,2,1,1,6,3,3,Independent House,Unfurnished,Under Construction,Banashankari,6.4,2.1,0,2,8200000,1,2,1,0
943.0,2,3,1,1,3,2,5,Independent House,Furnished,Under Construction,Banashankari,4.4,5.7,3,1,8290000,1,0,1,0
966.0,2,3,1,1,24,14,25,Apartment,Semi-Furnished,Ready to Move,Electronic City,1.9,28.0,0,2,4680000,0,1,0,1
1347.0,3,3,1,1,2,2,3,Villa,Semi-Furnished,Ready to Move,Whitefield,5.0,17.2,3,4,16020000,2,1,0,9
927.0,3,3,2,1,23,4,7,Apartment,Semi-Furnished,Ready to Move,Koramangala,9.1,5.3,4,1,9990000,0,1,0,6
1184.0,3,3,0,1,1,9,10,Apartment,Furnished,Under Construction,Electronic City,3.3,19.2,5,3,7420000,0,0,1,1
996.0,2,3,0,1,3,4,5,Independent House,Semi-Furnished,Ready to Move,Yelahanka,1.1,11.8,1,3,6190000,1,1,0,10
2660.0,4,5,1,1,1,5,5,Apartment,Unfurnished,Ready to Move,Koramangala,4.2,1.6,3,0,42270000,0,2,0,6
1356.0,3,3,1,1,0,3,7,Apartment,Semi-Furnished,Ready to Move,Sarjapur Road,2.3,23.9,2,2,8910000,0,1,0,8
888.0,2,2,1,1,2,6,7,Apartment,Furnished,Ready to Move,Whitefield,5.9,16.5,3,4,7820000,0,0,0,9
1654.0,4,4,1,1,0,6,15,Villa,Furnished,Ready to Move,Banashankari,6.1,7.1,5,2,19660000,2,0,0,0
1261.0,3,4,1,1,24,7,10,Independent House,Unfurnished,Ready to Move,Electronic City,2.1,21.2,3,2,5880000,1,2,0,1
1314.0,3,4,1,1,11,1,7,Apartment,Semi-Furnished,Under Construction,Sarjapur Road,3.3,20.7,2,2,7110000,0,1,1,8
950.0,2,2,1,1,0,3,7,Apartment,Unfurnished,Ready to Move,Electronic City,4.4,25.4,3,2,5050000,0,2,0,1
1510.0,3,4,3,1,2,3,3,Independent House,Semi-Furnished,Ready to Move,Marathahalli,3.8,14.3,1,3,12050000,1,1,0,7
1927.0,4,5,1,1,8,1,3,Apartment,Semi-Furnished,Ready to Move,Koramangala,9.4,1.0,3,4,27730000,0,1,0,6
1111.0,3,3,2,1,4,14,15,Apartment,Semi-Furnished,Ready to Move,Koramangala,7.9,1.3,4,1,15160000,0,1,0,6
1008.0,3,3,0,1,14,5,5,Apartment,Unfurnished,Ready to Move,Yelahanka,3.7,12.4,1,1,4840000,0,2,0,10
2127.0,3,4,1,1,5,5,10,Apartment,Furnished,Ready to Move,Yelahanka,2.5,19.5,3,1,13010000,0,0,0,10
1548.0,4,5,1,1,8,5,15,Apartment,Furnished,Under Construction,Yelahanka,1.8,13.2,2,0,8290000,0,0,1,10
851.0,2,3,3,1,7,6,7,Independent House,Semi-Furnished,Ready to Move,Marathahalli,5.7,19.1,3,1,6080000,1,1,0,7
1544.0,3,3,1,1,8,1,7,Apartment,Unfurnished,Ready to Move,Hebbal,2.7,13.2,1,0,12030000,0,2,0,3
1018.0,2,3,2,1,2,13,20,Independent House,Unfurnished,Under Construction,Whitefield,3.4,23.4,2,0,6440000,1,2,1,9
1545.0,3,3,2,1,3,9,20,Independent House,Unfurnished,Ready to Move,Electronic City,3.2,28.8,1,1,9030000,1,2,0,1
1276.0,3,4,0,1,0,3,20,Villa,Unfurnished,Ready to Move,Electronic City,4.6,19.2,3,2,11190000,2,2,0,1
576.0,1,2,3,1,7,6,10,Apartment,Furnished,Ready to Move,Marathahalli,2.7,9.1,2,4,4020000,0,0,0,7
1417.0,3,4,1,1,4,14,25,Apartment,Semi-Furnished,Under Construction,Electronic City,3.5,22.6,2,2,6520000,0,1,1,1
890.0,2,3,0,1,11,7,15,Apartment,Unfurnished,Ready to Move,Koramangala,5.9,6.9,4,3,10900000,0,2,0,6
996.0,2,2,1,1,1,4,7,Independent House,Unfurnished,Under Construction,Marathahalli,4.7,12.0,1,1,6380000,1,2,1,7
1150.0,2,3,1,1,4,10,10,Apartment,Furnished,Under Construction,Hebbal,7.7,12.1,3,4,9460000,0,0,1,3
945.0,2,2,0,1,1,4,5,Apartment,Semi-Furnished,Ready to Move,Electronic City,0.4,25.7,4,1,5500000,0,1,0,1
947.0,2,3,2,1,7,10,10,Apartment,Semi-Furnished,Ready to Move,Koramangala,6.9,7.4,1,0,13140000,0,1,0,6
1152.0,2,2,1,1,15,6,7,Apartment,Semi-Furnished,Ready to Move,Koramangala,9.3,2.3,1,2,13550000,0,1,0,6
1669.0,3,4,2,1,11,7,7,Apartment,Unfurnished,Ready to Move,HSR Layout,10.0,10.8,1,3,17280000,0,2,0,2
1843.0,3,3,0,1,23,4,5,Apartment,Furnished,Ready to Move,HSR Layout,7.2,7.2,6,5,20910000,0,0,0,2
908.0,3,4,3,1,24,2,7,Apartment,Unfurnished,Ready to Move,Marathahalli,2.9,9.7,3,2,4460000,0,2,0,7
649.0,1,1,1,1,11,7,10,Apartment,Semi-Furnished,Under Construction,Marathahalli,3.8,18.1,3,3,3430000,0,1,1,7
2240.0,4,4,2,1,2,9,10,Apartment,Unfurnished,Under Construction,Sarjapur Road,1.8,11.6,3,2,11760000,0,2,1,8
1152.0,3,4,2,1,1,3,7,Villa,Semi-Furnished,Ready to Move,Electronic City,4.5,22.6,1,2,9440000,2,1,0,1
577.0,1,2,1,1,4,13,15,Apartment,Furnished,Under Construction,Hebbal,6.6,10.9,2,2,4880000,0,0,1,3
2420.0,4,4,0,1,24,4,10,Apartment,Furnished,Ready to Move,HSR Layout,8.4,11.6,3,5,21530000,0,0,0,2
792.0,2,2,1,1,4,9,10,Apartment,Semi-Furnished,Ready to Move,Indiranagar,8.2,2.9,1,1,12640000,0,1,0,4
1523.0,3,3,1,1,1,3,7,Apartment,Semi-Furnished,Ready to Move,Hebbal,3.8,15.4,3,1,14720000,0,1,0,3
1643.0,3,4,1,1,23,7,15,Independent House,Unfurnished,Ready to Move,Koramangala,10.0,3.3,2,5,17860000,1,2,0,6
746.0,2,3,2,1,3,7,10,Apartment,Furnished,Under Construction,Whitefield,6.4,24.4,3,2,4350000,0,0,1,9
1943.0,4,5,1,1,9,14,20,Villa,Semi-Furnished,Under Construction,Yelahanka,1.5,16.7,5,1,11900000,2,1,1,10
1007.0,2,2,1,1,12,1,5,Independent House,Semi-Furnished,Ready to Move,Electronic City,2.8,18.9,4,1,6120000,1,1,0,1
462.0,1,1,0,1,14,2,7,Independent House,Semi-Furnished,Ready to Move,Sarjapur Road,4.9,19.6,3,2,3160000,1,1,0,8
1648.0,4,5,2,1,13,1,5,Apartment,Unfurnished,Ready to Move,Whitefield,4.0,21.3,4,3,10150000,0,2,0,9
1945.0,4,4,1,1,14,4,5,Apartment,Furnished,Ready to Move,Sarjapur Road,3.7,17.7,1,0,14250000,0,0,0,8
1624.0,3,3,1,1,8,4,7,Villa,Semi-Furnished,Ready to Move,Electronic City,1.1,19.8,6,3,12410000,2,1,0,1
1580.0,3,3,0,1,4,14,20,Apartment,Semi-Furnished,Ready to Move,Whitefield,2.6,22.6,5,3,12450000,0,1,0,9
455.0,1,2,0,1,8,5,10,Independent House,Furnished,Ready to Move,Marathahalli,3.9,11.1,1,3,3520000,1,0,0,7
1582.0,3,4,2,1,14,5,7,Villa,Unfurnished,Ready to Move,HSR Layout,5.3,7.4,2,2,19290000,2,2,0,2
458.0,1,1,2,1,3,12,15,Villa,Unfurnished,Ready to Move,Electronic City,1.6,23.6,3,2,2690000,2,2,0,1
372.0,1,2,2,1,2,1,3,Apartment,Semi-Furnished,Ready to Move,Whitefield,3.9,19.4,4,4,2680000,0,1,0,9
1297.0,3,3,2,1,3,7,7,Villa,Unfurnished,Ready to Move,Koramangala,6.7,1.0,2,3,23640000,2,2,0,6
1163.0,2,2,3,1,6,7,10,Villa,Semi-Furnished,Under Construction,HSR Layout,6.4,7.1,2,1,15760000,2,1,1,2
622.0,1,1,1,1,0,6,10,Independent House,Semi-Furnished,Ready to Move,Whitefield,5.8,21.2,0,1,4990000,1,1,0,9
949.0,2,2,1,1,12,8,10,Apartment,Unfurnished,Ready to Move,Yelahanka,2.5,15.2,2,2,4310000,0,2,0,10
870.0,2,2,1,1,1,4,5,Apartment,Unfurnished,Ready to Move,Whitefield,3.7,19.7,2,3,6340000,0,2,0,9
875.0,2,3,0,1,1,1,7,Apartment,Unfurnished,Ready to Move,Indiranagar,10.0,5.8,2,6,12060000,0,2,0,4
561.0,1,1,1,1,1,14,20,Apartment,Unfurnished,Ready to Move,Koramangala,9.1,5.4,3,2,6870000,0,2,0,6
746.0,2,2,1,1,6,14,25,Apartment,Unfurnished,Ready to Move,Electronic City,4.5,22.3,2,1,3880000,0,2,0,1
1302.0,3,3,1,1,2,2,7,Independent House,Unfurnished,Under Construction,Yelahanka,0.0,6.0,5,4,6550000,1,2,1,10
1913.0,4,4,1,1,3,7,10,Apartment,Semi-Furnished,Under Construction,Koramangala,7.3,3.8,4,1,26100000,0,1,1,6
1021.0,3,3,2,1,21,2,5,Independent House,Furnished,Under Construction,Banashankari,3.8,6.5,3,3,7930000,1,0,1,0
1165.0,3,3,3,1,15,7,7,Apartment,Unfurnished,Ready to Move,HSR Layout,5.1,10.1,3,3,11400000,0,2,0,2
595.0,1,2,1,1,15,14,15,Apartment,Semi-Furnished,Under Construction,Sarjapur Road,5.2,21.2,3,1,2650000,0,1,1,8
551.0,1,2,2,1,6,3,10,Apartment,Unfurnished,Ready to Move,Jayanagar,5.9,2.8,5,1,5000000,0,2,0,5
891.0,2,3,2,1,16,2,15,Apartment,Semi-Furnished,Ready to Move,Yelahanka,0.9,16.2,3,3,4400000,0,1,0,10
1144.0,3,3,1,1,12,4,10,Independent House,Furnished,Ready to Move,Jayanagar,7.0,7.4,3,1,19610000,1,0,0,5
1841.0,3,4,1,1,24,2,10,Apartment,Semi-Furnished,Ready to Move,Jayanagar,6.7,5.1,1,3,17600000,0,1,0,5
1165.0,3,3,2,1,0,3,3,Villa,Unfurnished,Ready to Move,Koramangala,6.6,1.0,2,3,20810000,2,2,0,6
997.0,2,2,1,1,0,14,15,Apartment,Semi-Furnished,Ready to Move,Koramangala,9.5,1.0,2,2,15480000,0,1,0,6
857.0,2,2,2,1,1,14,25,Independent House,Furnished,Ready to Move,Yelahanka,3.8,15.9,4,1,5430000,1,0,0,10
1410.0,3,3,2,1,21,7,10,Apartment,Semi-Furnished,Under Construction,Electronic City,4.1,20.1,4,2,7730000,0,1,1,1
1036.0,2,3,2,1,7,5,5,Apartment,Unfurnished,Ready to Move,Electronic City,4.1,16.2,0,2,4560000,0,2,0,1
1016.0,3,3,1,1,4,14,25,Apartment,Furnished,Ready to Move,Sarjapur Road,5.3,15.6,3,2,8050000,0,0,0,8
1398.0,3,3,2,1,5,6,7,Apartment,Semi-Furnished,Ready to Move,Electronic City,3.1,18.1,2,2,7790000,0,1,0,1
1733.0,3,3,1,1,14,2,7,Apartment,Furnished,Under Construction,Banashankari,2.8,10.2,1,0,12970000,0,0,1,0
2704.0,4,5,1,1,21,1,3,Independent House,Unfurnished,Ready to Move,Sarjapur Road,3.4,13.5,3,2,17380000,1,2,0,8
1947.0,4,5,1,1,10,3,5,Villa,Semi-Furnished,Ready to Move,Marathahalli,1.5,18.3,3,2,17170000,2,1,0,7
1411.0,3,3,2,1,11,1,5,Villa,Semi-Furnished,Ready to Move,Yelahanka,1.4,22.5,6,3,8380000,2,1,0,10
2019.0,3,4,3,1,3,6,10,Apartment,Semi-Furnished,Ready to Move,Whitefield,6.8,17.8,2,2,14970000,0,1,0,9
1165.0,2,3,2,1,5,3,10,Apartment,Unfurnished,Under Construction,HSR Layout,4.7,8.2,6,2,7970000,0,2,1,2
1753.0,4,4,0,1,17,1,10,Apartment,Semi-Furnished,Under Construction,Indiranagar,6.9,7.8,2,2,21150000,0,1,1,4
1226.0,3,4,0,1,12,9,10,Independent House,Semi-Furnished,Under Construction,HSR Layout,7.3,13.3,1,1,14110000,1,1,1,2
1131.0,2,2,0,1,9,3,10,Independent House,Semi-Furnished,Ready to Move,Sarjapur Road,5.0,16.5,2,1,8270000,1,1,0,8
757.0,2,2,0,1,0,1,15,Independent House,Semi-Furnished,Ready to Move,Yelahanka,0.5,14.7,2,2,4170000,1,1,0,10
1156.0,2,3,1,1,0,14,20,Independent House,Semi-Furnished,Under Construction,Indiranagar,9.0,3.7,3,3,18780000,1,1,1,4
1493.0,3,3,1,1,1,4,7,Apartment,Semi-Furnished,Ready to Move,Electronic City,2.5,19.4,4,2,8290000,0,1,0,1
1544.0,3,3,1,1,6,3,5,Apartment,Unfurnished,Ready to Move,Banashankari,5.2,10.7,5,4,11820000,0,2,0,0
901.0,2,3,2,1,6,6,7,Apartment,Semi-Furnished,Under Construction,Indiranagar,8.2,5.5,7,0,12010000,0,1,1,4
480.0,1,1,2,1,22,2,3,Apartment,Unfurnished,Ready to Move,Indiranagar,6.6,2.8,3,6,5270000,0,2,0,4
2584.0,4,4,2,1,9,3,20,Apartment,Furnished,Ready to Move,Electronic City,2.6,22.2,3,1,16780000,0,0,0,1
1330.0,3,3,1,1,2,2,5,Apartment,Semi-Furnished,Ready to Move,Yelahanka,3.9,14.9,5,1,7880000,0,1,0,10
1835.0,4,4,1,1,1,6,10,Villa,Semi-Furnished,Ready to Move,Jayanagar,9.6,13.5,4,2,34180000,2,1,0,5
934.0,2,2,1,1,15,2,5,Independent House,Furnished,Under Construction,Sarjapur Road,4.3,17.3,2,2,5350000,1,0,1,8
1454.0,3,4,1,1,4,7,10,Villa,Unfurnished,Ready to Move,Hebbal,4.4,14.2,3,2,15180000,2,2,0,3
1111.0,3,3,2,1,8,1,3,Independent House,Semi-Furnished,Ready to Move,Electronic City,1.6,23.3,2,1,6870000,1,1,0,1
842.0,2,3,1,1,6,14,15,Apartment,Semi-Furnished,Under Construction,Indiranagar,8.4,4.5,1,3,11310000,0,1,1,4
832.0,2,2,2,1,0,10,25,Apartment,Furnished,Under Construction,Hebbal,4.4,13.3,4,3,6530000,0,0,1,3
1110.0,2,3,3,1,0,3,7,Villa,Furnished,Under Construction,Electronic City,3.8,22.6,3,3,8090000,2,0,1,1
781.0,2,3,1,1,3,3,7,Apartment,Furnished,Under Construction,Hebbal,4.9,19.5,3,1,6940000,0,0,1,3
1816.0,4,5,1,1,3,3,7,Apartment,Unfurnished,Ready to Move,Yelahanka,3.7,15.7,3,3,10020000,0,2,0,10
333.0,1,2,3,1,8,8,10,Apartment,Unfurnished,Under Construction,Marathahalli,3.5,6.2,1,4,1560000,0,2,1,7
670.0,2,3,2,1,8,3,5,Apartment,Unfurnished,Ready to Move,Sarjapur Road,6.2,24.6,3,0,3410000,0,2,0,8
1781.0,3,3,2,1,24,10,15,Apartment,Semi-Furnished,Under Construction,Hebbal,5.9,10.5,1,3,11570000,0,1,1,3
953.0,2,2,2,1,15,1,5,Apartment,Semi-Furnished,Ready to Move,Hebbal,3.9,12.3,6,2,7630000,0,1,0,3
1540.0,3,4,0,1,5,3,3,Apartment,Semi-Furnished,Ready to Move,Electronic City,4.8,20.4,2,1,8710000,0,1,0,1
1051.0,2,3,0,1,5,1,10,Villa,Semi-Furnished,Ready to Move,Whitefield,2.6,18.2,2,4,10050000,2,1,0,9
1415.0,3,3,1,1,8,3,5,Apartment,Furnished,Under Construction,Electronic City,2.1,18.6,3,1,8000000,0,0,1,1
935.0,2,2,0,1,0,5,10,Apartment,Unfurnished,Ready to Move,Marathahalli,4.8,8.0,5,2,5530000,0,2,0,7
1692.0,3,3,1,1,24,2,5,Apartment,Furnished,Under Construction,Indiranagar,10.0,2.8,1,3,15220000,0,0,1,4
1440.0,3,3,1,1,5,1,15,Apartment,Unfurnished,Ready to Move,Sarjapur Road,3.4,19.5,6,2,8620000,0,2,0,8
2559.0,4,5,2,1,19,2,10,Villa,Unfurnished,Ready to Move,Electronic City,2.4,17.1,3,1,17670000,2,2,0,1
2248.0,4,4,2,1,24,6,10,Independent House,Furnished,Under Construction,Marathahalli,4.2,15.5,2,3,14000000,1,0,1,7
1227.0,3,3,1,1,6,2,5,Villa,Semi-Furnished,Ready to Move,Koramangala,8.8,11.0,5,1,22170000,2,1,0,6
855.0,2,3,0,1,0,5,5,Apartment,Furnished,Ready to Move,Sarjapur Road,6.1,18.9,4,0,6760000,0,0,0,8
1196.0,3,3,2,1,6,6,10,Apartment,Semi-Furnished,Under Construction,Jayanagar,4.4,1.8,4,1,10850000,0,1,1,5
1740.0,3,3,0,1,7,5,7,Apartment,Furnished,Under Construction,HSR Layout,8.2,11.2,3,3,21090000,0,0,1,2
1837.0,4,4,2,1,12,7,7,Apartment,Unfurnished,Ready to Move,HSR Layout,3.2,12.9,2,0,18010000,0,2,0,2
798.0,2,2,2,1,0,8,10,Apartment,Semi-Furnished,Under Construction,Sarjapur Road,5.0,21.9,4,0,4250000,0,1,1,8
1010.0,2,2,1,1,5,5,5,Apartment,Furnished,Ready to Move,Indiranagar,10.0,5.6,4,1,19570000,0,0,0,4
1372.0,3,3,0,1,20,4,15,Apartment,Semi-Furnished,Ready to Move,HSR Layout,8.2,11.8,2,1,14010000,0,1,0,2
1005.0,2,2,2,1,24,14,20,Villa,Unfurnished,Ready to Move,Banashankari,5.5,10.6,7,0,6820000,2,2,0,0
1309.0,2,3,1,1,1,6,7,Apartment,Unfurnished,Ready to Move,Sarjapur Road,2.1,19.8,0,1,7560000,0,2,0,8
1123.0,2,3,1,1,16,14,20,Villa,Furnished,Ready to Move,Banashankari,5.8,9.0,1,3,11750000,2,0,0,0
1407.0,3,3,1,1,1,8,20,Apartment,Semi-Furnished,Ready to Move,Indiranagar,7.1,3.1,1,2,21030000,0,1,0,4
2011.0,4,5,3,1,14,2,5,Apartment,Semi-Furnished,Ready to Move,Indiranagar,7.3,7.9,1,2,29340000,0,1,0,4
1260.0,3,4,1,1,2,1,5,Independent House,Furnished,Ready to Move,Yelahanka,2.3,14.4,7,0,7370000,1,0,0,10
1085.0,2,2,3,1,24,9,10,Independent House,Furnished,Ready to Move,Jayanagar,6.1,13.8,0,4,15220000,1,0,0,5
727.0,2,3,0,1,9,5,10,Apartment,Semi-Furnished,Ready to Move,Sarjapur Road,4.0,16.1,3,1,4730000,0,1,0,8
785.0,1,2,0,1,4,3,7,Apartment,Furnished,Ready to Move,HSR Layout,5.3,12.4,5,1,7820000,0,0,0,2
1404.0,3,3,2,1,2,3,7,Apartment,Semi-Furnished,Ready to Move,Indiranagar,9.2,1.2,4,2,23190000,0,1,0,4
1413.0,3,3,1,1,2,1,7,Apartment,Semi-Furnished,Ready to Move,Koramangala,5.9,2.6,2,2,17830000,0,1,0,6
823.0,2,2,1,1,9,2,10,Independent House,Unfurnished,Ready to Move,HSR Layout,6.4,8.2,2,0,7720000,1,2,0,2
1539.0,3,3,0,1,18,2,3,Independent House,Unfurnished,Ready to Move,Whitefield,3.9,15.9,3,0,10140000,1,2,0,9
1075.0,3,4,1,1,11,4,15,Villa,Furnished,Under Construction,Whitefield,5.9,18.3,4,1,10760000,2,0,1,9
1361.0,2,3,1,1,14,10,20,Apartment,Semi-Furnished,Ready to Move,Banashankari,6.3,9.1,1,3,9050000,0,1,0,0
1200.0,2,2,2,1,12,2,15,Villa,Semi-Furnished,Ready to Move,HSR Layout,6.1,9.3,2,2,14730000,2,1,0,2
2712.875,4,5,2,1,24,5,5,Apartment,Semi-Furnished,Ready to Move,Marathahalli,1.1,17.6,0,1,22790000,0,1,0,7
685.0,2,2,3,1,11,1,3,Independent House,Semi-Furnished,Ready to Move,Hebbal,2.8,9.2,5,2,6310000,1,1,0,3
1457.0,3,3,2,1,1,6,10,Independent House,Unfurnished,Ready to Move,Jayanagar,8.4,8.1,2,1,19950000,1,2,0,5
1738.0,3,4,2,1,12,14,25,Apartment,Furnished,Under Construction,Koramangala,7.8,2.2,0,4,25350000,0,0,1,6
1566.0,3,4,2,1,3,14,15,Apartment,Semi-Furnished,Ready to Move,Sarjapur Road,6.3,21.4,1,0,9910000,0,1,0,8
1119.0,3,3,2,1,24,10,10,Apartment,Furnished,Ready to Move,Marathahalli,5.3,16.4,3,2,6760000,0,0,0,7
1217.0,3,3,1,1,3,3,5,Apartment,Semi-Furnished,Ready to Move,Sarjapur Road,4.0,21.0,1,2,7400000,0,1,0,8
1819.0,4,4,1,1,2,2,15,Independent House,Semi-Furnished,Ready to Move,Sarjapur Road,3.9,17.5,2,2,15130000,1,1,0,8
1758.0,4,4,2,1,2,7,15,Apartment,Semi-Furnished,Ready to Move,Banashankari,2.9,12.0,3,3,14100000,0,1,0,0
1828.0,3,3,1,1,8,8,20,Apartment,Unfurnished,Ready to Move,Marathahalli,3.1,9.0,3,1,10810000,0,2,0,7
585.0,2,2,3,1,0,2,10,Apartment,Unfurnished,Under Construction,Electronic City,4.0,23.3,3,1,2560000,0,2,1,1
1074.0,2,2,1,1,24,9,10,Independent House,Unfurnished,Under Construction,Marathahalli,3.5,14.4,5,2,5560000,1,2,1,7
1038.0,3,4,1,1,2,1,10,Apartment,Furnished,Under Construction,Whitefield,5.0,22.5,4,0,8340000,0,0,1,9
1130.0,3,3,2,1,2,14,20,Independent House,Furnished,Ready to Move,Yelahanka,4.5,15.8,4,3,7760000,1,0,0,10
568.0,2,2,1,1,0,3,10,Independent House,Semi-Furnished,Ready to Move,Whitefield,4.1,17.0,4,3,5260000,1,1,0,9
489.0,1,2,3,1,2,2,7,Independent House,Unfurnished,Ready to Move,Electronic City,2.7,18.7,2,4,2740000,1,2,0,1
1823.0,3,4,3,1,4,1,10,Apartment,Unfurnished,Under Construction,Hebbal,3.7,12.0,3,2,12420000,0,2,1,3
1000.0,2,2,2,1,3,8,20,Apartment,Unfurnished,Ready to Move,Marathahalli,5.3,13.2,2,1,5670000,0,2,0,7
